,count_in_df1,count_in_df2,shared_total
vertelen,1,1,2
spiegelbeeld,1,1,2
leiden,1,1,2
burger,1,1,2
wassen,1,1,2
woest,1,1,2
wijze,1,1,2
sappig,1,1,2
struikelen,1,1,2
ophouden,1,1,2
parcours,1,1,2
winter,1,1,2
durfen,1,1,2
haal,1,1,2
uitsteken,1,1,2
blok,1,1,2
explodeeren,1,1,2
zochen,1,1,2
haha,1,1,2
aangerend,1,1,2
stof,1,1,2
kuil,1,1,2
trillen,1,1,2
bovenop,1,1,2
beleven,1,1,2
vooruit,1,1,2
ligan,1,1,2
deurtje,1,1,2
supersnel,1,1,2
bergen,1,1,2
concert,1,1,2
weggelopen,1,1,2
thee,1,1,2
café,1,1,2
stro,1,1,2
engel,1,1,2
zonnen,1,1,2
afscheid,1,1,2
geval,1,1,2
sloten,1,1,2
gevreesd,1,1,2
barbecue,1,1,2
drijven,1,1,2
aansluiten,1,1,2
sporten,1,1,2
gooit,1,1,2
dronken,1,1,2
chocolademelk,1,1,2
stellen,1,1,2
gaat,1,1,2
stoelt,1,1,2
kooit,1,1,2
bezoek,1,1,2
blazen,1,1,2
dun,1,1,2
zeil,1,1,2
zonsondergang,1,1,2
verf,1,1,2
das,1,1,2
haalt,1,1,2
achterin,1,1,2
zebra,1,1,2
afwijzen,1,1,2
fietsen,1,1,2
slikken,1,1,2
kleed,1,1,2
verdwaallen,1,1,2
aanbieden,1,1,2
schreeuwden,1,1,2
meemaken,1,1,2
hutt,1,1,2
spronget,1,1,2
roeppen,1,1,2
visjes,1,1,2
basketbal,1,1,2
pken,1,1,2
hingen,1,1,2
allang,1,1,2
huilde,1,1,2
rooster,1,1,2
gebied,1,1,2
plaatshebben,1,1,2
basket,1,1,2
snoepen,1,1,2
uitmaken,1,1,2
begroeten,1,1,2
velle,1,1,2
schudden,1,1,2
paraplu,1,1,2
spoelde,1,1,2
gesprongen,1,1,2
no,1,1,2
giraf,1,1,2
past,1,1,2
piepen,1,1,2
wegjagen,1,1,2
repareren,1,1,2
giraffe,2,1,3
bezoeken,1,2,3
rok,2,1,3
mezelf,2,1,3
onderaan,1,2,3
afstand,2,1,3
speeltuint,2,1,3
eroverheen,1,2,3
giftig,1,2,3
brok,2,1,3
stopen,1,2,3
druk,1,2,3
wiel,2,1,3
heftig,2,1,3
bleef,1,2,3
star,1,2,3
jacht,1,2,3
bloemenveld,1,2,3
bel,2,1,3
rammelen,1,2,3
materiaal,2,1,3
keurig,2,1,3
bessen,1,2,3
aanlopen,2,1,3
mat,2,1,3
verlaten,2,1,3
liever,1,2,3
plons,1,2,3
vroegen,2,1,3
lach,1,2,3
overheen,2,1,3
aantrekken,2,1,3
roofdier,1,2,3
bodem,2,1,3
knuffelen,1,2,3
lastig,2,1,3
wereldberoemd,2,1,3
lekkerd,2,1,3
kik,1,2,3
waarmee,2,1,3
duik,1,2,3
hing,1,2,3
vertrekken,1,2,3
knecht,2,1,3
geplukt,1,2,3
schaar,1,2,3
knippen,2,1,3
geluk,2,1,3
chocolade,1,2,3
spijt,2,1,3
lawaai,1,2,3
eronder,2,1,3
nadat,2,1,3
geloven,2,1,3
kusken,1,2,3
hoed,1,2,3
onderzoeken,2,1,3
verzamelen,2,1,3
tillen,1,2,3
kochen,1,2,3
gaaf,2,1,3
beker,2,1,3
binnenkomen,2,1,3
doorslikken,2,1,3
dankjewel,1,2,3
oranje,2,1,3
opduiken,2,1,3
plaats,2,2,4
ademen,3,1,4
machine,3,1,4
voren,1,3,4
sla,3,1,4
omheen,3,1,4
kleren,3,1,4
kok,2,2,4
vest,1,3,4
reizen,3,1,4
kochten,1,3,4
vlindert,1,3,4
doorn,1,3,4
struik,3,1,4
opzetten,3,1,4
vorig,3,1,4
vaas,1,3,4
krab,1,3,4
ten,3,1,4
start,3,1,4
klauw,1,3,4
snijden,3,1,4
doorheen,2,2,4
aai,1,3,4
opstaan,2,2,4
enthousiast,1,3,4
kauwgom,2,2,4
lich,1,3,4
ring,1,3,4
huid,2,2,4
planten,1,3,4
jager,3,1,4
vriendschap,1,3,4
spreken,2,2,4
medicijn,2,2,4
leefen,3,1,4
glimmen,1,3,4
zwaaien,2,2,4
vasthouden,2,2,4
hielden,1,3,4
vert,3,1,4
leer,2,2,4
gemeen,3,1,4
tegenhouden,1,3,4
doos,1,3,4
pakten,1,3,4
vlug,1,3,4
belangrijk,2,2,4
dook,3,1,4
richting,1,3,4
borst,1,3,4
superlekker,1,3,4
mes,3,1,4
benieuwd,2,2,4
onderweg,2,2,4
doek,3,1,4
stoep,3,1,4
begin,3,1,4
glinsteren,1,3,4
stout,3,1,4
kroop,3,1,4
poort,1,3,4
werk,2,2,4
bijten,3,1,4
tas,3,1,4
hoi,2,2,4
doodging,3,1,4
aanraken,3,1,4
uitnodigen,2,3,5
erachteraan,3,2,5
verdwaald,1,4,5
kroon,3,2,5
dorst,4,1,5
steken,2,3,5
schouder,2,3,5
voeren,3,2,5
race,3,2,5
adem,3,2,5
kijk,4,1,5
kerk,1,4,5
delen,3,2,5
dennenappel,2,3,5
ruiken,2,3,5
verliefd,4,1,5
kelder,3,2,5
nes,1,4,5
dichtbij,2,3,5
gezellig,3,2,5
knapp,2,3,5
ballenbak,3,2,5
huillen,3,2,5
vriendje,3,2,5
stormen,4,1,5
geleden,4,1,5
pasen,1,4,5
gleed,3,2,5
biet,2,3,5
kluis,4,1,5
boomstam,3,2,5
appeltaart,1,4,5
avondeten,4,1,5
wow,3,2,5
zakte,3,2,5
alsjeblieft,4,1,5
hoop,3,2,5
papier,4,1,5
neem,4,1,5
manier,3,2,5
oppakken,3,2,5
klagen,4,1,5
rots,2,3,5
bakker,4,1,5
gooi,3,2,5
makkelijk,4,1,5
fabriek,4,1,5
ballon,2,4,6
vluchten,1,5,6
allerlei,3,3,6
riepen,5,1,6
lijn,1,5,6
logeren,3,3,6
trui,4,2,6
deel,5,1,6
zandbak,3,3,6
gebruiken,5,1,6
gingen,5,1,6
gevaarlijk,5,1,6
pompoen,2,4,6
keuken,2,4,6
schuilen,5,1,6
o,1,5,6
breed,1,5,6
ooh,1,5,6
voordat,5,1,6
antwoord,5,1,6
pan,4,2,6
hek,5,1,6
woonden,1,5,6
jack,1,5,6
bil,5,1,6
zomaar,5,1,6
hoor,5,1,6
kaart,4,2,6
rusten,1,5,6
enorm,5,1,6
vriendjes,2,4,6
wandeling,1,5,6
ladder,2,4,6
tegemoetkomen,3,3,6
verdrinken,5,1,6
volwassen,4,2,6
vlees,5,1,6
zoon,3,4,7
jurk,5,2,7
zat,6,1,7
schommelen,3,4,7
storen,6,1,7
boerin,1,6,7
bewegen,3,4,7
plaat,6,1,7
val,6,1,7
baasje,3,4,7
sammie,1,6,7
weglopen,6,1,7
ophalen,6,1,7
tussen,5,2,7
grasveld,1,6,7
afspelen,1,6,7
stal,4,3,7
eenzaam,1,6,7
vielen,4,3,7
paardrijden,4,3,7
beschermen,6,1,7
ermee,4,3,7
lijf,6,1,7
wedstrijd,6,1,7
eromheen,1,6,7
peer,1,6,7
tevoorschijn,6,1,7
favoriet,2,5,7
bakken,3,4,7
verkeerd,6,1,7
muziek,6,1,7
seconde,6,1,7
ha,5,2,7
tante,4,3,7
pot,3,4,7
ervan,4,3,7
kwaad,2,5,7
hè,6,1,7
aanrennen,6,1,7
supermarkt,3,4,7
uitkomen,3,4,7
hart,1,6,7
rand,5,2,7
not,3,4,7
bedanken,1,6,7
vliegn,2,5,7
plas,4,3,7
bezig,5,2,7
zweven,7,1,8
acht,7,1,8
speciaal,4,4,8
terugkwam,1,7,8
poo,1,7,8
daarheen,6,2,8
rollen,3,5,8
poes,6,2,8
touw,4,4,8
lena,2,6,8
sokk,2,6,8
schrijven,7,1,8
bord,6,2,8
jagen,5,3,8
bad,6,2,8
koken,2,6,8
beet,5,3,8
liken,1,7,8
missen,5,3,8
gewond,3,5,8
melk,4,4,8
peter,6,2,8
verkopen,6,2,8
verstopper,5,3,8
schreeuwen,5,3,8
buurt,1,7,8
ervoor,7,1,8
lagen,5,3,8
stom,7,1,8
bracht,4,4,8
dak,5,4,9
pijl,1,8,9
kus,5,4,9
held,2,7,9
laag,3,6,9
wauw,1,8,9
durven,6,3,9
gezin,7,2,9
hout,6,3,9
vraag,5,4,9
draaien,3,6,9
vervolgens,6,3,9
achterna,5,4,9
fruit,1,8,9
danken,1,8,9
hup,5,4,9
terecht,6,3,9
weinig,6,3,9
drank,7,2,9
rest,8,1,9
duiken,5,4,9
alsof,5,4,9
helder,1,8,9
onderzoek,4,5,9
gauw,7,2,9
gezond,2,7,9
bedenken,8,1,9
probleem,5,4,9
schoon,3,6,9
holletje,1,8,9
spellet,6,3,9
verliezen,4,5,9
reis,5,4,9
mam,7,2,9
ontsnappen,7,2,9
enig,7,2,9
kracht,8,1,9
aaien,3,6,9
verdwijnen,6,4,10
mond,7,3,10
vrij,5,5,10
reden,5,5,10
kleur,3,7,10
gigi,3,7,10
brief,8,2,10
aardig,9,1,10
worm,8,2,10
pak,7,3,10
modder,2,8,10
droom,7,3,10
houten,3,7,10
lelijk,6,4,10
leggen,5,5,10
juist,8,2,10
per,9,1,10
ijsje,2,8,10
paleis,6,4,10
glijden,8,2,10
erheen,2,8,10
vies,9,1,10
lucas,4,6,10
hut,6,4,10
eerder,4,7,11
slot,10,1,11
team,8,3,11
blond,5,6,11
voedsel,1,10,11
kwam,2,9,11
maag,1,10,11
ga,2,9,11
geweldig,1,10,11
bak,2,9,11
sommig,10,1,11
stroomen,2,9,11
wagen,1,10,11
koei,4,7,11
ah,8,3,11
lotje,1,10,11
steent,2,9,11
schilderen,7,4,11
sluiten,3,8,11
duwen,6,5,11
kiezen,8,3,11
dierarts,9,2,11
veer,1,10,11
beloven,3,8,11
licht,7,4,11
liefde,1,10,11
opsluiten,11,1,12
sneeuw,4,8,12
blies,6,6,12
aardbei,2,10,12
berend,2,10,12
maaltijd,1,11,12
terwijl,5,7,12
geheim,11,1,12
moeilijk,8,4,12
terugkomen,4,8,12
los,7,5,12
put,4,8,12
rosa,2,10,12
grijs,8,4,12
huisje,5,7,12
keken,6,6,12
cadeaut,11,1,12
voer,2,10,12
lol,1,11,12
groep,9,3,12
slecht,9,3,12
ernaartoe,2,10,12
chocola,10,2,12
spel,8,4,12
zak,9,3,12
ziek,10,3,13
kont,12,1,13
sloot,12,1,13
keek,5,8,13
kussen,7,6,13
u,10,3,13
zeker,6,7,13
precies,10,3,13
schattig,2,11,13
tand,6,7,13
verslaan,11,2,13
viel,2,11,13
jonge,4,9,13
wandelen,5,8,13
slaan,12,1,13
holle,4,9,13
spelle,8,5,13
plotseling,2,11,13
overkant,1,12,13
verstoppen,11,2,13
panda,11,2,13
leeg,3,10,13
hetzelfde,11,2,13
stoel,11,2,13
botsen,12,1,13
nek,3,10,13
sorry,8,5,13
muur,12,2,14
erbij,10,4,14
snuit,1,13,14
trap,13,1,14
kist,9,5,14
afleggen,3,11,14
speelgoed,5,9,14
beest,12,2,14
tafel,9,5,14
prinsesje,6,8,14
appelmoes,3,11,14
zin,12,2,14
aankomen,8,6,14
vandaag,9,5,14
schommel,7,7,14
erachter,11,3,14
zoals,8,7,15
plant,14,1,15
kast,9,6,15
mevrouw,11,4,15
help,14,1,15
dragen,2,13,15
snavel,3,12,15
banaan,12,3,15
plan,12,3,15
ruimte,14,1,15
wanneer,5,10,15
wortel,1,14,15
schoen,13,2,15
mand,6,9,15
brug,6,9,15
opgegeten,14,1,15
jas,2,14,16
huilen,10,6,16
raken,11,5,16
schrok,15,1,16
hap,5,11,16
olifant,11,5,16
zwaar,5,11,16
band,6,10,16
zodat,14,2,16
varen,2,14,16
eenmaal,5,11,16
taart,6,10,16
meteen,12,4,16
wolk,6,10,16
thuiskomen,2,14,16
vandaan,5,11,16
koek,8,8,16
liep,4,12,16
opnieuw,5,11,16
wegrennen,14,2,16
mogelijk,4,12,16
vliegtuig,11,6,17
zongen,2,15,17
voorbij,8,9,17
schuur,3,14,17
lijken,14,3,17
glijbaan,15,2,17
blaad,9,8,17
duif,3,14,17
niets,6,11,17
namen,6,11,17
stil,2,15,17
stap,4,13,17
meedoen,15,2,17
landen,6,11,17
beekje,3,14,17
zorgen,9,9,18
graven,13,5,18
aanvallen,14,4,18
genoeg,10,8,18
klaasje,8,10,18
dichterbij,1,17,18
ren,7,11,18
trekken,7,11,18
eraan,12,6,18
normaal,17,1,18
kwamen,12,6,18
pijn,13,5,18
koninkrijk,11,7,18
gelijk,15,3,18
piep,8,10,18
vroeg,7,11,18
cadeau,15,3,18
wensen,18,1,19
zoek,9,10,19
breken,17,2,19
ezel,17,2,19
stem,4,15,19
slang,9,10,19
overgaan,12,7,19
week,18,1,19
zwommen,2,17,19
luisteren,6,13,19
vogelt,2,18,20
stok,6,14,20
praten,13,7,20
ooit,11,9,20
mochten,19,1,20
langzaam,3,17,20
eruit,17,3,20
kabouter,19,2,21
buik,11,10,21
heerlijk,2,19,21
aardappel,10,11,21
harry,4,17,21
totdat,13,8,21
zelfs,10,11,21
sleutel,12,9,21
pad,7,15,22
ijs,10,12,22
eind,20,2,22
groente,5,17,22
lachten,2,20,22
meenemen,17,5,22
hield,3,19,22
zonder,17,5,22
kaas,12,10,22
poot,2,20,22
dicht,13,10,23
regenen,13,10,23
eindelijk,14,9,23
leeuw,20,3,23
kamer,21,2,23
stelen,22,1,23
diep,10,13,23
trouwen,21,2,23
blijken,21,2,23
nodig,14,9,23
sloeg,11,12,23
rustig,6,17,23
voet,15,9,24
zand,9,15,24
gouden,18,6,24
vuur,17,7,24
kennen,9,15,24
vier,23,1,24
uitkijken,3,21,24
been,16,8,24
raam,17,7,24
aarde,19,6,25
beide,1,24,25
raar,24,1,25
boerderij,9,16,25
muis,13,12,25
morgen,4,21,25
zwembad,23,2,25
kuiken,5,20,25
noemen,10,16,26
stoppen,17,9,26
bram,22,4,26
zacht,5,21,26
ontmoeten,3,23,26
bank,5,21,26
wei,7,19,26
hielp,7,20,27
verdwalen,5,22,27
slaap,13,14,27
lente,1,26,27
grot,24,3,27
luna,1,26,27
ving,1,26,27
niemand,26,1,27
stappen,7,20,27
soms,26,2,28
roze,6,22,28
deze,21,7,28
zonnig,1,27,28
jip,1,27,28
schat,17,11,28
zichzelf,16,12,28
haas,1,27,28
kom,2,26,28
vissen,4,24,28
fiets,4,25,29
zonnebloem,2,27,29
schieten,28,1,29
mia,7,22,29
verdrietig,15,14,29
zetten,17,12,29
klaar,16,13,29
kop,17,12,29
vlieg,2,27,29
erop,16,13,29
naast,9,20,29
sam,3,27,30
storm,4,26,30
moment,27,3,30
danssen,3,27,30
koe,7,23,30
antwoorden,1,29,30
geluid,10,20,30
avond,12,18,30
meid,13,17,30
ging,12,19,31
dokter,22,9,31
jaar,30,1,31
droog,1,30,31
ergens,28,3,31
gat,25,6,31
zwart,14,17,31
ochtend,17,14,31
eng,27,4,31
straat,20,11,31
droomen,1,30,31
blaffen,3,29,32
feest,15,17,32
rook,4,28,32
koud,3,29,32
maan,11,21,32
familie,23,9,32
boer,13,19,32
jou,18,14,32
zus,31,1,32
bruin,15,17,32
naartoe,26,7,33
werken,26,7,33
eerst,25,8,33
varken,26,7,33
zee,14,19,33
winkel,20,13,33
bouwen,24,9,33
jan,10,23,33
neer,8,25,33
lukken,33,1,34
groeien,4,30,34
honger,7,27,34
plaatsvinden,5,29,34
neus,9,25,34
erin,18,16,34
arm,25,9,34
ontdekken,8,26,34
hand,19,15,34
allebei,16,18,34
ingaan,13,22,35
idee,13,22,35
natuurlijk,29,6,35
redden,29,6,35
schijnen,3,33,36
winnen,34,2,36
leren,8,28,36
pakte,4,32,36
renen,13,23,36
vrouw,15,21,36
vlinder,4,32,36
super,31,5,36
nat,6,31,37
hé,30,7,37
brood,3,34,37
fijn,14,23,37
vast,13,24,37
tak,5,33,38
gek,35,3,38
eiland,20,18,38
auto,36,2,38
hen,11,28,39
pietje,1,39,40
eigen,31,9,40
ouder,33,7,40
strand,20,21,41
beek,1,40,41
woonde,1,40,41
vlogen,4,38,42
anna,4,38,42
rug,12,30,42
rex,4,38,42
nacht,23,19,42
wachten,19,23,42
vechten,41,1,42
koningin,12,30,42
slim,17,26,43
berg,12,31,43
vacht,7,37,44
oma,38,6,44
plukken,1,43,44
oké,43,2,45
wind,4,41,45
overhouden,1,44,45
paar,34,11,45
geel,5,40,45
schip,30,15,45
pieter,8,37,45
jullie,35,10,45
waarom,33,13,46
vanaf,13,33,46
gebeuren,40,6,46
dansen,10,36,46
opeten,43,3,46
overal,19,28,47
boo,4,43,47
roepen,16,31,47
vangen,24,24,48
broer,42,6,48
oog,9,39,48
plezier,2,46,48
hoofd,26,22,48
bijna,41,8,49
konijntje,2,47,49
vleugel,3,46,49
kapot,39,10,49
gezicht,13,37,50
dorp,41,10,51
vaak,14,37,51
snoep,39,12,51
omhoog,10,42,52
land,44,8,52
papa,41,11,52
vriendin,32,20,52
rende,13,39,52
eekhoorn,21,32,53
wakker,35,18,53
stad,36,17,53
wie,37,16,53
langs,19,35,54
soort,53,1,54
vijver,2,53,55
oor,8,48,56
open,36,20,56
naam,21,35,56
jongetje,36,20,56
kikker,6,50,56
donker,9,47,56
lucht,10,47,57
blad,1,56,57
zelf,52,5,57
stuk,19,38,57
halen,32,25,57
vertellen,39,19,58
speeltuin,11,47,58
regen,1,57,58
steen,20,38,58
baas,13,46,59
rond,15,44,59
besluiten,10,50,60
trots,2,58,60
dier,41,20,61
net,48,13,61
liepen,11,50,61
deur,35,26,61
gras,2,60,62
zwom,6,56,62
plek,14,48,62
trampoline,27,36,63
rijden,34,30,64
proberen,47,17,64
drinken,31,34,65
achter,46,20,66
laat,54,12,66
brengen,23,43,66
ons,59,7,66
tot,26,40,66
blauw,9,57,66
gooien,22,45,67
veilig,6,61,67
ineens,65,2,67
wereld,42,25,67
thuis,48,20,68
oh,64,4,68
kant,27,41,68
nest,3,65,68
sterk,14,55,69
toch,68,1,69
dank,2,69,71
hol,3,68,71
boos,50,22,72
warm,7,65,72
veld,4,69,73
mij,60,13,73
nooit,36,37,73
renden,21,52,73
school,66,8,74
dik,40,34,74
na,21,54,75
kiki,6,70,76
beneden,34,42,76
even,57,19,76
haan,4,73,77
hok,2,75,77
drie,71,6,77
oud,40,38,78
kopen,55,23,78
roos,4,75,79
mama,67,13,80
koning,50,30,80
aten,8,73,81
sophia,2,79,81
me,39,42,81
man,74,10,84
beetje,64,21,85
bed,29,56,85
elkaar,29,56,85
hoog,11,75,86
boven,23,63,86
knuffel,13,73,86
tim,7,79,86
alles,62,25,87
wij,79,9,88
uiteindelijk,83,5,88
avontuur,3,85,88
grond,27,62,89
heen,38,53,91
staart,11,80,91
kip,21,72,93
onder,34,59,93
sprong,17,77,94
klimmen,8,87,95
iets,82,13,95
zingen,4,92,96
bob,3,93,96
jij,68,28,96
iemand,93,4,97
iedereen,91,6,97
steeds,61,36,97
daarna,70,28,98
af,72,26,98
dit,63,36,99
wolf,81,18,99
hoe,48,52,100
vol,19,82,101
jongen,88,14,102
tijd,39,64,103
of,88,16,104
eigenlijk,103,1,104
ei,11,94,105
boot,19,87,106
vader,99,8,107
moe,7,101,108
zij,48,61,109
opeens,98,11,109
leven,79,31,110
binnen,41,70,111
zeiden,69,42,111
hier,72,41,113
ding,72,41,113
voelen,16,98,114
krijgen,90,25,115
laten,52,65,117
ver,63,54,117
echt,109,12,121
kasteel,108,14,122
blijven,58,64,122
horen,77,45,122
pip,5,117,122
nieuw,53,73,126
helpen,28,98,126
graag,46,81,127
gewoon,123,4,127
fluffy,1,126,127
volgen,50,77,127
eend,17,111,128
elk,28,103,131
prinses,105,27,132
omdat,117,15,132
wit,12,121,133
nemen,30,103,133
zwemmen,34,101,135
hallo,16,124,140
nee,123,17,140
vos,24,116,140
mens,124,17,141
hard,50,92,142
toe,71,72,143
beginnen,24,121,145
vragen,54,92,146
genaamd,13,133,146
rivier,8,138,146
twee,115,32,147
altijd,67,80,147
paard,89,59,148
helemaal,147,7,154
zich,41,113,154
springen,38,118,156
geen,120,36,156
zullen,66,91,157
liggen,68,95,163
groen,12,151,163
zon,4,160,164
buiten,60,108,168
zoeken,69,99,168
mogen,144,25,169
waar,121,54,175
staan,123,53,176
lachen,7,170,177
hun,94,83,177
lief,37,142,179
kind,107,74,181
nu,86,95,181
kat,48,133,181
bang,29,154,183
pakken,87,97,184
als,127,58,185
lang,88,101,189
park,7,188,195
mee,86,109,195
einde,202,5,207
tegen,169,41,210
allemaal,201,10,211
bert,14,201,215
vallen,126,95,221
kijken,93,130,223
piet,19,204,223
alleen,198,26,224
lekker,73,151,224
sophie,5,222,227
at,43,189,232
mijn,194,40,234
maken,149,85,234
keer,169,69,238
ja,168,73,241
erg,99,142,241
weten,167,79,246
houden,41,205,246
al,206,40,246
denken,206,50,256
rennen,65,193,258
tuin,4,255,259
moeder,127,136,263
beer,12,252,264
één,229,39,268
want,253,19,272
bal,12,268,280
rood,17,264,281
wel,212,75,287
weg,173,124,297
eten,120,183,303
voor,163,140,303
slapen,53,251,304
lopen,124,189,313
uit,175,144,319
boom,47,275,322
moeten,256,68,324
vis,47,278,325
over,128,198,326
gelukkig,80,256,336
ander,241,96,337
water,55,289,344
geven,84,261,345
door,132,214,346
wat,253,94,347
leuk,86,262,348
meisje,149,200,349
snel,88,270,358
haar,196,162,358
dan,321,69,390
terug,129,266,395
doen,287,108,395
zitten,250,150,400
mooi,34,372,406
goed,143,273,416
bos,109,323,432
samen,38,395,433
vliegen,78,356,434
appel,4,441,445
we,387,62,449
wonen,83,377,460
daar,350,119,469
om,152,321,473
konijnt,10,470,480
zo,245,243,488
bij,229,267,496
groot,143,363,506
aan,290,217,507
worden,322,189,511
vinden,190,352,542
huis,219,330,549
blij,34,548,582
nog,430,155,585
heten,133,452,585
spelen,87,499,586
bloem,13,575,588
hem,254,340,594
vriend,96,519,615
eens,278,337,615
weer,382,244,626
dus,657,18,675
ook,520,197,717
hond,161,562,723
konijn,30,694,724
willen,325,438,763
veel,322,446,768
dag,156,615,771
te,288,487,775
kunnen,403,408,811
zien,309,513,822
vogel,20,804,824
je,386,482,868
niet,629,276,905
komen,560,492,1052
van,570,560,1130
met,420,733,1153
klein,102,1101,1203
max,2,1314,1316
zeggen,680,740,1420
maar,1079,389,1468
dat,1088,431,1519
op,762,767,1529
er,817,727,1544
heel,838,832,1670
ik,1273,473,1746
hebben,896,1108,2004
in,915,1103,2018
die,2219,141,2360
naar,833,1576,2409
toen,2738,439,3177
gaan,1914,1379,3293
ze,1703,1831,3534
hij,1494,3005,4499
het,1667,3291,4958
de,2462,3985,6447
zijn,2710,4220,6930
een,2772,4405,7177
en,5030,3220,8250
