model,age,system,user,completion1,completion2,completion3,completion4,completion5
google/gemma-3-27b-it-fast,4_6,"Je bent een verteller van een kort verhaal (ongeveer 200 woorden).
    Je bent een kind tussen de 4 en 6 jaar oud en je vertelt een verhaal aan klasgenoten. 
    Je publiek bestaat uit kinderen van jouw leeftijd.
    Geef het verhaal geen titel of introductie. 
    ",Vertel een verhaal.,"Eén keer… eh… was ik bij oma. Oma heeft een kat, Pluis! Pluis is heel zacht, echt heel zacht. En Pluis, die ging buiten spelen. Maar Pluis ging niet gewoon spelen, Pluis ging een circus doen!

Pluis sprong op de schommel! Ja, echt! Hij probeerde te schommelen, maar hij viel eraf… plof! Gelukkig kon hij wel goed klimmen, in de appelboom. Daar zat hij hoog, hoog, hoog! En toen gooide hij appels naar beneden. Niet naar mij, hoor! Naar de eendjes!

De eendjes kwak-kwakten heel hard en pikten de appels op. Pluis lachte! Nou ja, hij miauwwwde eigenlijk, maar ik denk dat hij lachte. Daarna wilde Pluis nog op de fiets. Oeh! Dat ging niet zo goed. Hij gleed eraf en zat in de bloemen. Overal bloemblaadjes!

Toen kwam oma en zei: ""Pluis, wat een circus!"". Pluis miauwwwde weer en oma gaf hem een visje. En ik kreeg koekjes! En toen ging Pluis slapen. Het was een hele drukke dag voor een kat!","Eén keer, euh, was ik op vakantie bij oma. Oma heeft een poes, die heet Pluis! Pluis is heel zacht, net een wolk. En Pluis kon heel hoog springen. Echt, supers hoog! 

Eén dag ging ik met Pluis buiten spelen. We wilden een vlieger laten, maar er was geen wind. Pluis zei… nou ja, Pluis miauwde, maar ik *snapte* Pluis wel, hij zei dat we moesten wachten.

Toen kwamen er vogeltjes! Heel veel! Ze zochten wormpjes in de tuin. Pluis sprong! Hij sprong zo hoog, dat hij bijna een vogeltje pakte! Het vogeltje vloog weg, haha! Pluis werd een beetje boos, maar ik lachte.

Toen kwam de wind! Jippie! We liepen naar het veld en ik liet de vlieger op. Hij vloog heel hoog, net als Pluis! En Pluis rende eronder, hij wilde de vlieger vangen! Dat lukte niet, maar het was wel heel grappig. We hebben de hele middag gespeeld met de vlieger en Pluis. En daarna kreeg ik koekjes van oma!","Eén keer… was ik met mijn opa naar het bos. Het was heel lichtgroen, want de blaadjes waren net uit. We gingen op zoek naar kabouters! Opa zei dat kabouters heel klein zijn en graag verstoppen achter bomen. 

Ik keek overal, echt goed! Achter de dikke boom, achter de dunne boom, zelfs achter de boom met allemaal rare knobbels. Maar ik zag geen kabouters. 

Toen zag ik iets roods! Een heel klein, rood petje! Ik rende ernaartoe, heel snel. Maar… het was geen kabouter. Het was een lieveheersbeestje! Hij zat op een bloem en hij knipperde met z’n stippeltjes.

Ik zei tegen opa: “Kijk opa, een kabouter!” En opa lachte en zei: “Nee lieverd, dat is een lieveheersbeestje. Maar misschien brengt hij wel geluk!”

We zijn toen een ijsje gaan eten, met allemaal strooisel. En misschien, heel misschien, was het lieveheersbeestje wel een kabouter in vermomming! Want hij knipperde wel heel slim, vind jij niet?","Eén keer, heel lang geleden, was er een beer. Niet een boze beer, hoor! Een hele lieve beer, met bruine vacht en een mooie rode strik om zijn nek. Hij woonde in een bos, maar hij was een beetje verdrietig. Want hij had geen vriendjes.

Hij liep door het bos en zag een eekhoorn. “Wil je met me spelen?” vroeg de beer. De eekhoorn schudde zijn kopje. “Ik moet nootjes zoeken!” zei hij. 

Toen zag hij een konijntje. “Wil je met me spelen?” vroeg de beer weer. Het konijntje sprong weg! “Ik moet een wortel pakken!” riep hij.

De beer werd nog verdrietiger. Toen, zag hij… een meisje! Net zoals jullie! Ze had een blauwe jas en een rode muts. “Hallo!” zei de beer. Het meisje lachte! “Hallo beer!” zei ze terug.

Ze gingen samen spelen! Ze bouwden een kasteel van takjes en zongen liedjes. En de beer was niet meer verdrietig. Hij had nu een vriendin! En ze speelden heel, heel lang door. En daarna gingen ze samen honing eten! Het was suikerzoet!","Kijk! Daar was eenhe beer! Hij was bruin en heel zacht. Hij woonde in een bos met allemaal bomen en bloemen. De beer, hij heette Bobbert, was heel… heel… verlegen. Hij durfde niet te spelen met de andere beestjes. 

Eén keer zag hij een eekhoornnetje, Pips, een nootje verstoppen. Bobbert wilde ook een nootje verstoppen! Maar hij wist niet hoe. Toen kwam Pips naar hem toe en zeide: “Wil je helpen?”

Bobbert knikte heel zachtjes. Pips liet zien hoe je een nootje in de grond stopt en er aarde overheen doet. Bobbert deed het ook! En toen… toen speelden ze samen! Ze verstoppen nootjes en renden door het bos.

Bobbert was niet meer verlegen! Hij lachte en lachte. Pips en Bobbert werden beste vrienden. En… en toen, toen gingen ze samen honing eten! Van een hele grote, gele pot. Dat was lekker! En Pips kriebelde Bobbert in zijn vacht. Dat vond Bobbert heel leuk!"
google/gemma-3-27b-it-fast,6_7,"Je bent een verteller van een kort verhaal (ongeveer 200 woorden).
    Je bent een kind tussen de 6 en 7 jaar oud en je vertelt een verhaal aan klasgenoten. 
    Je publiek bestaat uit kinderen van jouw leeftijd.
    Geef het verhaal geen titel of introductie. 
    ",Vertel een verhaal.,"Nou, eh… het begon gisteren. Ik zat in de zandbak, hè? En ik bouwde een kasteel. Een heel groot kasteel met allemaal torens. En toen, ineens, zag ik iets bewegen! Het was een slak! Maar niet zomaar een slak. Deze slak had een… een héle glitterende huisje! 

Hij gleed over het zand en hij keek naar mijn kasteel. Toen zei hij… nou ja, hij zei niet echt *zeggen*, maar hij deed alsof. Hij deed alsof hij zei: “Mooi kasteel!” 

Ik was super verbaasd! Een pratende slak! Of, eh, een slak die deed alsof hij praatte. Dus ik zei: “Dankjewel!” tegen de slak. En toen gleed hij het kasteel *in*. Hij ging helemaal rondlopen op de muren en op de torens! Alsof hij koning was!

Mijn juf kwam kijken en zei: “Wat ben je aan het doen, Thomas?” En ik wees naar de slak. Maar toen was hij weg! Hij was verdwenen! Weet je waarheen? Hij was helemaal naar boven gekropen, op de vlag van mijn kasteel! Die vlag was rood, en hij zat er bovenop, helemaal te glimmen. Toen ben ik gaan lachen. Een glitterende slak op een rode vlag! Dat is toch gek?","Oké, luister goed!

Er was eens een heel klein konijn. Hij heette Pluisje en hij woonde in een heel groot bos. Pluisje was niet zo moedig. Hij was een beetje bang voor alles. Vooral voor de vos! 

Op een dag wilde Pluisje worteltjes zoeken. Zijn mama had gezegd: ""Pluisje, blijf dichtbij de grote boom!"" Maar Pluisje zag een hele mooie blauwe vlinder en hij ging er achteraan. Hij rende en rende en rende, verder en verder weg van de grote boom.

Toen keek hij om zich heen en… hij was verdwaald! Hij begon te huilen. “Mama?” riep hij. 

Daar hoorde hij een geluid! Krak! Krak! Pluisje verstijfde. Het was de vos! Hij kwam dichterbij. Pluisje dook snel onder een grote paddenstoel. De vos liep langs, snuffelend. Hij zag Pluisje niet! 

Toen de vos weg was, rende Pluisje zo snel hij kon terug naar de grote boom. Daar zat zijn mama al te wachten! Ze gaf hem een hele dikke knuffel. Pluisje beloofde dat hij nooit meer weg zou rennen. En hij at heel snel een worteltje, want hij had best honger gekregen!","Kijk, mijn opa heeft een tuin. Niet zomaar een tuin, nee! Een héle speciale tuin. Daar staat een reuzenpompoen in. Echt waar! Hij is zo groot dat ik er bijna onder kan liggen, zonder dat ik mijn hoofd stoot. 

Eerst was hij klein, net een balletje. Maar opa gaf hem elke dag water en praatte tegen ‘m. Hij zei: “Groeien maar, pompoen! Word de grootste ter wereld!” En dat deed ie ook! 

Eén keer, toen ik bij opa was, zag ik een klein beestje in de pompoen kruipen. Een slak! Ik riep: “Opa! Een slak in de pompoen!” Opa lachte en zei: “Die slak vindt de pompoen vast lekker.”

Nu is de pompoen oranje en heel, heel rond. Papa zegt dat we er wel honderd soepjes van kunnen maken. Maar ik denk dat we er ook een heel groot fort mee kunnen bouwen. Of een hut! Met een deurtje en alles. Dat zou super zijn! Ik kan niet wachten tot we ‘m oogsten. Dan gaan we er allemaal in klimmen, beloofd!","Nou, eh… het begon gisteren. Ik was aan het spelen in de tuin, met mijn rode emmer en mijn schop. Ik wilde een heel groot kasteel bouwen, met torens en alles! En ik groef en groef, in de zandbak. 

En toen… toen voelde ik iets hards. Geen steen, want die zaten er al. Dit was anders. Ik trok en trok en toen kwam er een… een doos omhoog! Hij was helemaal oud en roestig.

Ik maakte hem open en daar lagen… snoepjes! Niet zomaar snoepjes, nee, heel veel glitter-snoepjes en lolly’s! En een briefje. Mijn mama las het voor, want ik kan nog niet zo goed lezen. Er stond: ‘Voor de dappere graver!’

Ik denk dat de snoepjes van een kabouter zijn. Want die wonen toch in tuinen? En hij wilde me bedanken dat ik zo goed kon graven. Ik heb ze gedeeld met mijn broertje, maar niet met Kevin, want hij is soms gemeen. We hebben ze bijna allemaal op! Het waren de allerlekkerste snoepjes ooit! En ik heb nog een beetje glitter op mijn handen. Kijk!","Eén keer, toen ik nog héél klein was, speelde ik in de tuin bij oma. Oma heeft een hele grote appelboom. Nou, daar zat een eekhoorn in! Hij was heel druk bezig, die eekhoorn. Hij rende omhoog en omlaag, en stopte allemaal nootjes in een klein gaatje in de boom.

Ik vroeg: “Wat ben je aan het doen?”

De eekhoorn keek me even aan, met z’n kleine oogjes, en dan weer naar z’n nootjes. Hij zei niks, natuurlijk, want eekhoorns kunnen niet praten. Maar ik wist wel wat hij deed! Hij was z’n wintervoorraad aan het maken. Oma zei dat ze dat zo noemen.

Toen wilde ik ook een nootje verstoppen! Ik pakte een steentje, want dat leek ook wel op een nootje, en probeerde het in het gaatje te stoppen. Maar het paste niet! De eekhoorn keek heel boos. Hij piepte en schreeuwde!

Ik werd een beetje bang en ging naar oma. Oma lachte en zei: “Eekhoorns willen alleen maar nootjes verstoppen, liefje. Steentjes niet.”

Ik vond het nog steeds een heel mooi idee, die wintervoorraad. Dus ik verzamelde zelf ook allemaal blaadjes en stopte die in een oude schoen. Dat is ook een soort voorraad, toch?"
google/gemma-3-27b-it-fast,7_8,"Je bent een verteller van een kort verhaal (ongeveer 200 woorden).
    Je bent een kind tussen de 7 en 8 jaar oud en je vertelt een verhaal aan klasgenoten. 
    Je publiek bestaat uit kinderen van jouw leeftijd.
    Geef het verhaal geen titel of introductie. 
    ",Vertel een verhaal.,"Oké, luister goed!

Mijn opa heeft een tuin, maar niet zomaar een tuin. Die tuin is… magisch! Niet met toverstokken enzo, maar gewoon… anders. Er groeien daar hele grote bloemen, zo groot als mijn hoofd! En de appels zijn rood en glimmen, net alsof ze van suiker zijn gemaakt.

Eén keer, toen ik bij opa was, zag ik een klein klein beestje in een roos zitten. Het was net een mini-draakje, maar dan met vlindervleugels! Hij was helemaal paars en glinsterde. Ik probeerde hem te pakken, maar hij vloog weg. 

Opa lachte toen. “Dat is Finn,” zei hij. “Hij woont in de tuin en zorgt ervoor dat alles goed groeit.” 

Ik geloofde opa meteen. Vanaf die dag zocht ik altijd naar Finn in de tuin. Soms zag ik hem even voorbij flitsen, tussen de bloemen. En als ik dan een lekkere appel at, dacht ik: die appel heeft Finn geholpen groeien. 

Nu is het winter, en Finn is weg. Maar opa zegt dat hij terugkomt in het voorjaar, als de eerste bloemen weer bloeien. En dan ga ik weer naar Finn zoeken! Misschien laat hij me dan wel even op zijn rug zitten en vliegen we samen door de tuin. Dat zou cool zijn!","Nou, eh, gisteren… gisteren was echt super! Ik was bij mijn oma en opa in de tuin. En daar, achter de grote bloemen, zag ik iets bewegen. Eerst dacht ik dat het de wind was, maar toen zag ik echt een klein hoofdje! 

Het was een muisje. Maar niet zomaar een muisje! Hij had een héle kleine rode cape om. Echt waar! En een piepklein zwaardje van een grasspriet. 

Ik ging heel langzaam zitten, zodat ik hem niet bang maakte. En toen… toen ging hij vechten! Tegen een slak! De slak was een soort draak voor hem, snap je? Hij rende rond de slak, stak met zijn zwaardje… en opa lachte. 

Oma zei dat hij een heel dappere muizenridder was. Ik ook! Ik mocht hem een kruimeltje koek geven. Hij pakte het met zijn mini-handjes en rende ermee weg, de struiken in. Ik hoop dat hij de slak-draak verslagen heeft! Misschien wordt hij wel de koning van de tuin! Dat zou cool zijn.","Eén keer, toen ik nog heel klein was, ging ik met opa naar het bos. Niet het bos hier achter de school, maar een héél groot bos, met allemaal hoge bomen. Opa zei dat er kabouters woonden. Ik geloofde hem, want opa vertelt nooit leugens.

We waren op zoek naar paddenstoelen, want oma maakt er soep van. Ik liet opa even los om een hele mooie rode paddenstoel te bekijken. Toen ik weer terugkeek, was opa weg! Ik werd een beetje bang en riep: “Opaaa!”

Toen hoorde ik een klein stemmetje: “Psst… hier!” Ik keek om me heen en zag een hele kleine man met een puntmuts. Het was een kabouter! Hij woonde in de wortels van een hele oude boom. Hij zei dat opa even verderop in een net zat, en dat de spinnen hem daar hadden gepakt! 

De kabouter gaf me een klein steentje en zei dat ik dat naar de spinnen moest gooien. Dat deed ik, en meteen kwam opa vrij! Hij was een beetje plakkerig, maar heel blij me weer te zien. De kabouter knipoogde naar mij en verdween weer in de boom. Opa zei dat ik het niemand mocht vertellen, want kabouters zijn heel geheimzinnig. Maar nu weet ik het wel!","Oké, luister! Gisteren ging ik naar oma. Oma heeft een tuin, een hele grote tuin! En daar zit een egel. Echt waar! Hij heet Prikkie, omdat hij… nou ja, stekels heeft.

Prikkie is heel schuw. Meestal zie je hem alleen ’s avonds, als het donker is. Maar gisteren, toen ik bij oma was, zat hij gewoon overdag onder de struik! Ik wilde hem aaien, maar oma zei dat het niet mocht. “Hij is bang, lieverd,” zei ze.

Dus ik ging er gewoon naast zitten en ik praatte tegen Prikkie. Ik vertelde over school, over mijn knuffel Konijn, en over hoe lekker oma’s koekjes zijn. En weet je wat? Ik denk dat Prikkie luisterde! Hij keek af en toe op, en hij snuffelde een beetje.

Toen kwam hij heel voorzichtig naar voren en hij at van de appel die ik had. Echt! Een heel klein stukje, maar hij at het op. Ik lachte me helemaal kapot. Een egel die van appel houdt! Dat had ik nog nooit gezien. En oma zei dat hij misschien niet meer zo bang is, als ik vaker kom. Dus ga ik volgende week weer! Om Prikkie weer te zien.","Dus euh... gisteren was ik bij oma. Oma heeft een hele grote tuin, met een appelboom! En onder de appelboom staat een heel oud, heel klein huisje. Niet voor mensen, nee! Voor kabouters! Niemand gelooft me, maar ik zweer het.

Ik zat daar te spelen, en ik hoorde geklop. Heel zacht geklop, alsof iemand heel voorzichtig met een vingertje tikte. Ik ging dichterbij en toen zag ik een heel klein deurtje open gaan. En er kwam een kabouter uit! Hij was maar zo hoog… ongeveer mijn handpalm.

Hij had een puntmuts aan, helemaal rood, en een groene jas. En hij was heel boos! Hij zei: “Jij! Jij trapt in mijn champignons!” Ik had er niet eens op gelet, maar er lagen echt kapotte champignons in het gras.

Ik zei sorry, echt heel hard sorry. En toen gaf de kabouter me een steentje. Hij zei dat het een wenssteen was. Ik heb gewenst dat mijn hamster, Pluis, heel veel baby-hamsters krijgt. Want Pluis is een beetje eenzaam. Misschien werkt het! Ik ga vanmiddag kijken."
google/gemma-3-27b-it-fast,8_9,"Je bent een verteller van een kort verhaal (ongeveer 200 woorden).
    Je bent een kind tussen de 8 en 9 jaar oud en je vertelt een verhaal aan klasgenoten. 
    Je publiek bestaat uit kinderen van jouw leeftijd.
    Geef het verhaal geen titel of introductie. 
    ",Vertel een verhaal.,"Kijk, het begon allemaal met een steen. Geen gewone steen, hoor. Hij glom een beetje, zo’n blauwgroene glans. Ik vond hem op het strand, bij de vuurtoren. Papa zei dat het gewoon een mooi steentje was, maar ik wist wel beter. 

Want toen ik ‘m vasthield, flitste er een plaatje in mijn hoofd! Een boot, met een heel groot zeil, en een pratende papegaai op de mast. Echt waar! Dus ik nam de steen mee naar huis, en stopte ‘m onder mijn kussen.

Die nacht droomde ik dat ik op die boot zat. De papegaai, die heette Kapitein, zei dat de steen een wenssteen was. Eén wens maar! Ik dacht heel lang na. Ik wilde een puppy, maar opa had al beloofd dat die er kwam. 

Uiteindelijk wenste ik dat ik kon vliegen, net als de meeuwen. En toen werd ik wakker, en ik… ik kon mijn bed niet meer uitkomen! Ik bleef als een ballon aan het plafond plakken! Het was best eng, maar ook heel grappig. Mama heeft me er uiteindelijk afgetrokken. Ik denk dat ik maar niet meer wens, en de steen gewoon mooi vind.","Kijk, het begon allemaal met een verdwaalde sok. Niet zomaar een sok, hoor. Een superheldensok! Hij was blauw, met rode en gele strepen, en hij had ooit bij mijn lievelingspyjama gezeten. Normaal gesproken ligt hij altijd bij zijn maatje, maar toen was hij weg.

Ik zocht overal. Onder mijn bed, in de wasmand, zelfs in de kattenbak, maar niks. Toen, opeens, zag ik hem. Hij zat… vastgeplakt aan de raamruit van meneer Janssen! 

Meneer Janssen is een beetje een rare figuur. Hij verzamelt tuinkabouters en praat tegen zijn planten. Ik dacht dat hij de sok had gestolen! Ik sloop naar zijn tuin, heel voorzichtig. Toen ik dichterbij kwam, zag ik dat de sok niet vastgeplakt zat *door* meneer Janssen, maar *aan* een kabouter!

De kabouter had hem om zijn hoofd gebonden als een cape! Meneer Janssen lachte me toe en zei: “Hij is Kapitein Kabouter nu! Die had een superheld nodig om de slakken te bestrijden!” Ik moest zo lachen. Dus de sok is nu een superheldencape en de kabouter beschermt de tuin. Best wel cool, toch?","Echt waar, dit is me echt overkomen! We waren op vakantie in Frankrijk, bij oma en opa. Hun huis heeft een héle grote tuin, en achterin staat een oude schuur. Mijn broertje, Luuk, en ik mochten van opa gaan kijken, maar niet naar binnen! Opa zei dat het er heel rommelig was, en dat er misschien spinnen zaten.

Maar… Luuk en ik, we móesten wel. We wachtten tot opa naar binnen was, en toen sloopten we stiekem naar de schuur. De deur kraakte heel erg toen we ‘m opendeden. Het was donker en het rook oud. 

En toen zagen we het! Geen spinnen, maar een doos! Een heel oude, houten doos met een slotje. We probeerden het slot open te maken, maar dat lukte niet. Toen vond Luuk een oude haarspeld van oma in een hoek. Die stopte hij in het slotje en… *klik!* Het ging open!

In de doos zaten allemaal oude foto’s van opa als jongen. En een medaille! Opa had een medaille gewonnen met zwemmen! We waren zo opgewonden. Toen opa buiten kwam, vertelden we alles. Hij werd eerst boos, maar daarna lachte hij heel erg en liet hij ons al zijn verhalen over het zwemmen zien. Het was de beste dag van de vakantie!","Nou, het begon allemaal met een verdwaalde sok. Niet zomaar een sok hoor. Mijn lievelingssok, met groene dinosaurusjes erop. Ik had hem na het zwemmen in de wasmand gegooid, maar toen ik hem wilde pakken was hij weg! 

Ik zocht overal: onder mijn bed, in de klerenkast, zelfs in de schoenen van mijn grote broer. Nergens. Toen hoorde ik een geknip en gepraat uit de tuin. Ik sloop stilletjes naar buiten en daar… zag ik Pippi, onze kat! Ze had de sok stiekem meegenomen en zat hem te verscheuren. Maar niet zomaar! Ze had de dinosaurusjes losgeknipt en was ze aan het versieren van een nest dat ze had gemaakt in de bloemperk!

Er zaten dino-vlaggetjes en een dino-poort! Het was eigenlijk best wel mooi. Ik werd niet boos, want Pippi zag er zo trots uit. Mama zei wel dat Pippi een straf kreeg – geen zalm voor het avondeten. Maar ik gaf Pippi toch stiekem een knuffel. Een sok is maar een sok, toch? En een dino-nest is veel cooler.","Nou, het gebeurde vorige week. Mijn opa en oma hebben een huisje in het bos, echt superleuk! En er staat een hele oude boomgaard achter. Niet van die nette bomen, maar zo’n wilde, met allemaal kromme takken. 

Ik was aan het verstoppen met mijn neefje, Thomas. Hij is echt goed in verstoppen, maar ik ook! Ik dacht, ik ga achter de alleroudste appelboom. Daar kan niemand me vinden! Dus ik ging er helemaal achter staan, en toen… zag ik iets bewegen.

Eerst dacht ik dat het Thomas was, maar nee. Het was een heel klein mannetje! Echt waar! Zo’n dwerg, met een puntmuts en een lange baard. Hij was appels aan het sorteren. Hij had een piepklein karretje en gooide rotte appels weg. 

Ik durfde niet te praten, ik was zo bang dat hij weg zou gaan. Ik bleef gewoon staan kijken. Toen keek hij omhoog en zag hij mij. Hij knipoogte! En hij gaf me een supergrote, rode appel. De lekkerste appel ooit! 

Thomas vond me toen, en ik vertelde het hem, maar hij geloofde me niet. Hij zei dat ik het verzon. Maar ik zweer het! Die dwerg heeft me gezien! En hij gaf me een appel! Echt waar!"
google/gemma-3-27b-it-fast,9_10,"Je bent een verteller van een kort verhaal (ongeveer 200 woorden).
    Je bent een kind tussen de 9 en 10 jaar oud en je vertelt een verhaal aan klasgenoten. 
    Je publiek bestaat uit kinderen van jouw leeftijd.
    Geef het verhaal geen titel of introductie. 
    ",Vertel een verhaal.,"Oké, dus… gisteren ging ik met opa naar het bos, niet het grote bos bij oma, maar zo’n klein stukje achter het voetbalveld. Opa zei dat er daar een speciale boom stond. “Die boom heeft geheimen,” zei hij, heel mysterieus. 

De boom was heel oud en knoestig, met allemaal rare uitstulpingen. Opa zei dat je er tegenaan moest praten, en je wens moest fluisteren. Ik vond het best gek, maar ik deed het toch. Ik fluisterde dat ik heel graag een echte ninja wilde zijn. Niet zo’n gekke ninja met een masker, maar een soort supergeheime speurder.

Toen we terugliepen, zag ik iets glinsterens in het gras. Het was een heel oud, zilveren kettinkje met een klein zwaardje eraan! Opa zei dat ik het mocht houden. Alsof de boom mijn wens had verstaan! 

Vandaag oefende ik in de tuin met sluipen. Ik verstoptte me achter de bloemen en probeerde heel zachtjes te lopen. Mijn zusje zei dat ik er uitzag alsof ik een gekke krab was, maar dat maakte niet uit. Ik ben nu officieel een geheime speurder, dankzij de boom en het zwaardje!","Dus, eh... gisteren was echt raar. We waren bij oma, en oma's tuin is superslecht te betreden, want er zitten altijd slakken. Heel veel slakken. Mijn broertje, Finn, durft er niet eens in te komen, maar ik vind het eigenlijk wel grappig. 

Nou, ik was bezig een kasteel te bouwen van stenen, en ik had net de hoogste toren bijna af, toen ik iets zag bewegen. Niet een slak. Het was... klein. Heel klein. En glitterend! Het was een soort mini-draakje, maar dan meer als een libel, met vleugels van regenboogkleur.

Ik knipperde een paar keer, want ik dacht dat ik het me verbeeldde. Maar hij vloog weg en landde op mijn toren. Hij was niet bang! Ik heb hem heel voorzichtig een klein stukje aardbei gegeven, en hij at het op! 

Toen kwam oma naar buiten, en ze zei: ""Oh, kijk, de tuinfee is weer gekomen."" Een tuinfee? Ik had nog nooit van een tuinfee gehoord! Ze zei dat hij alleen komt als de tuin heel gelukkig is. Dus oma's tuin, met alle slakken, is blijkbaar een hele gelukkige tuin. Finn geloofde me natuurlijk niet, maar ik zweer het, het is waar! Hij was echt heel klein en glitterend.","Oké, luister even…

Mijn opa heeft een schuur. Niet zo’n nette schuur, hoor. Eentje vol rommel! Oude fietsen, kapotte stoelen, een stapel kranten van… nou ja, heel lang geleden. En smeerpotten. Heel veel smerige smeerpotten.

Afgelopen weekend ging ik met opa die schuur opruimen. Nou ja, opruimen… meer verschuiven. Want alles moest blijven, vond opa. “Je weet nooit, peut!” zei hij altijd. 

Toen stootte ik tegen een oude doos. Hij was helemaal stoffig en er zat een slotje op. Ik vroeg aan opa wat erin zat. Hij keek heel raar en zei: “Oh… dat is… een geheime schat!”

Ik geloofde hem niet. Maar ik kreeg de sleutel en ik mocht de doos openmaken. En… er zaten geen gouden munten of diamanten in. Er zaten knikkers in! Heel veel knikkers in alle kleuren van de regenboog. 

Opa zei dat hij die als kind had verzameld. Hij zei dat hij ze altijd had bewaard voor een speciale vriend, maar die was verhuisd. Dus nu zijn ze van mij! En ik heb er al een paar geruild met Tim. Hij had een superzeldzame glitterknikker!","Oké, luister goed…

Mijn opa heeft een schuur. Niet zomaar een schuur, echt een supergeheime schuur. Hij zegt dat er oude spullen in staan, maar ik denk dat het een poort is naar een andere wereld. 

Vorig weekend mocht ik mee, want opa moest er iets halen. Het was pikkedonker binnen, en het rook naar stof en…avontuur. Overal stonden dingen met lakens erover. Opa begon te graven in een hoek en ik keek rond.

Toen zag ik het! Een klein, houten paardje, die hing aan een touwtje aan het plafond. Ik trok eraan en BAM! Het paardje begon te gloeien en de schuur werd steeds kleiner. Ik werd ook kleiner! Voor ik het wist zat ik op het paardje en vlogen we door een heel klein bos. 

Daar liepen miniatuur eekhoorns met piepkleine hoedjes en een konijn dat een postbode was! Het was zó leuk. Maar toen riep opa: “Joris! Kom nou terug!” En voordat ik het wist, zaten we weer in de schuur. Het paardje was weer gewoon een oud houten paardje. 

Opa zei dat ik het me verbeeldde, maar ik weet zeker dat het echt was. En ik ga de schuur, en dat paardje, heel snel weer bezoeken!","Oké, luister even…

Gisteren was echt super raar. Ik was bij oma, en die heeft een hele grote tuin. Achterin staat een oude appelboom, en daarachter… daarachter is een soort van muurtje van allemaal stenen. Ik mocht niet verder dan dat muurtje, want oma zegt dat er stekelige bramenstruiken achter zitten.

Maar! Ik was stiekem aan het kijken, en ik zag beweging. Echt iets kleins, achter de stenen door. Ik kroop dichterbij en toen zag ik het: een mini-koe! Echt waar! Zo hoog als mijn knie. Hij had een belletje om zijn nek en hij kauwde op een paardenbloem. 

Ik was zo verbaasd dat ik bijna niet durfde ademen. Hij keek me aan met hele grote, bruine ogen en knikte een beetje met z’n kop. Toen mengde hij een soort van mokkelend geluid. Ik probeerde hem een grassprietje te geven, maar hij rende weg, achter het muurtje. Toen ik oma riep, was hij weg!

Oma zei dat ik me vergiste en dat het vast een konijntje was. Maar nee! Het was echt een mini-koe! Ik weet het zeker. Misschien komt hij morgen weer terug. Dan neem ik wel een wortel mee."
google/gemma-3-27b-it-fast,10_11,"Je bent een verteller van een kort verhaal (ongeveer 200 woorden).
    Je bent een kind tussen de 10 en 11 jaar oud en je vertelt een verhaal aan klasgenoten. 
    Je publiek bestaat uit kinderen van jouw leeftijd.
    Geef het verhaal geen titel of introductie. 
    ",Vertel een verhaal.,"Weet je, mijn opa heeft een schuur. Niet zomaar een schuur, echt een supergeheime schuur. Hij zegt altijd dat er 'oude herinneringen' in zitten, maar eigenlijk is het gewoon een verzameling van heel veel rommel. En daarin zit ook een doos.

Die doos staat al jaren in de hoek, bedekt met een oud laken. Papa en mama mogen er niet aan komen. En vorige week, toen opa op vakantie was, heb ik hem toch stiekem geopend. 

Daar lagen allemaal oude foto’s. Niet van opa jong, nee, van… piraten! Met lange baarden en rare hoeden. En er zat een soort kompas bij, maar niet zo’n gewoon kompas. Hij glom een beetje en als je hem draaide, hoorde je een heel zacht getik.

Ik heb het aan mijn beste vriend, Tim, laten zien. We dachten eerst dat het nep was, maar toen we het kompas buiten in de tuin vasthielden, begon hij te draaien! Hij wees naar de oude eik in de buurt. We zijn gaan graven en… we vonden een kleine metalen kist! 

We wisten niet wat erin zat, dus we hebben hem snel weer dicht gedaan. Misschien is het wel echt piratenschat! Ik moet echt snel een plan bedenken om hem weer open te maken, zonder dat opa het door heeft.","Nou, eh… het is eigenlijk echt waar gebeurd. Bij oma. Het was vorige week, en ik moest daar logeren omdat mijn ouders op reis waren. Oma’s huis is een beetje… oude mensen huis, weet je wel? Overal doekjes en foto’s van mensen die ik niet ken. 

Maar het leukste aan oma is haar tuin. Daar staat een hele grote appelboom. En daar, onder die boom, zat een egel. Echt! Ik zag hem ineens gewoon zitten, te snuffelen aan een gevallen appel. 

Ik ben echt super voorzichtig naar hem toe gegaan, en ik zei: “Hé, egeltje!” Heel zachtjes. Hij keek op en… hij knipperde een keer met z’n ogen! Net alsof hij me begreep. 

Ik heb toen een stukje appel naar hem toe gerold. Hij pakte ‘m op met z’n pootjes en at hem op! Het was zo schattig. Ik ben een hele tijd bij hem gebleven, en hij is steeds dichterbij gekomen. Uiteindelijk zat hij bijna naast me.

Toen riep oma dat het tijd was voor het avondeten. Ik wilde hem mee naar binnen nemen, maar oma zei dat hij daar niet zou horen. Ik moest beloven niet meer naar hem toe te gaan als het donker was. Ik vond het wel jammer, maar ik weet zeker dat ik hem morgen weer ga zien. Misschien wel met nog meer appels!","Nou, het is echt waar, dit is me écht overkomen. We waren op vakantie in Frankrijk, bij oma en opa. Niet in hun huis, maar in zo’n klein huisje in het bos. Echt superleuk, maar ook een beetje eng, want het was heel stil 's avonds.

Op een dag ging ik met mijn broertje, Ties, paddenstoelen zoeken. Opa had gezegd dat we heel goed op moesten letten, want sommige paddenstoelen zijn giftig. We liepen best ver het bos in, tot we een heel rare boom zagen. Hij was heel krom en had allemaal gekke uitsteeksels. 

Daar lag, onder de boom, een supermooie rode paddenstoel met witte stippen. Zo’n sprookjespaddenstoel! Ties zei: “Oeh, die moeten we mee naar oma, die is vast heel mooi voor de salade!” 

Ik zei: “Nee joh, opa zei dat we op moesten letten! Die is vast giftig!” Maar Ties luisterde niet. Hij plukte ‘m en stopte ‘m in zijn jaszak. Later die dag werd Ties heel raar. Hij moest steeds heel hard lachen en daarna begon hij te tollen. Oma moest hem naar bed brengen en toen zei ze: ""Ties, dat was geen paddenstoel voor de salade!""","Nou, het is dus echt waar gebeurd. Echt! Mijn opa heeft een schuur, achter in de tuin. Niet zo’n nette schuur met tuingereedschap, maar een echt rommelhok. Oude fietsen, kapotte stoelen, allemaal spullen die je niet meer gebruikt. En allemaal spinnenwebben!

Eén keer, toen ik bij opa was, mocht ik in de schuur kijken. Ik zocht naar oude speelgoedauto’s, want opa zei dat hij die misschien nog had. Maar toen ik achter een stapel dozen ging kijken, zag ik… een kist. Zo’n houten kist met slotjes.

Ik vroeg aan opa wat erin zat, maar hij keek heel geheimzinnig en zei: “Oh, niks bijzonders, jongen. Laat dat maar.” Maar ik was nieuwsgierig! Toen opa naar binnen ging om koffie te halen, probeerde ik het slot open te maken. Het lukte!

En raad eens? Geen speelgoedauto’s. Er zaten allemaal oude foto’s in! Foto’s van opa toen hij jong was, in soldaatstenue. En foto’s van een meisje met lange vlechtjes. Opa had nooit over haar verteld! Ik heb alles weer dichtgedaan, anders werd hij vast boos. Maar nu weet ik dus stiekem het geheim van mijn opa. Best spannend, hè?","Nou, het is eigenlijk echt waar gebeurd. Niet aan míj, maar aan mijn neefje, Thomas. Thomas is acht en ergens een beetje een dromer. Zijn oma heeft een hele grote tuin, met zo’n oude appelboom. Daar zit altijd een heleboel fruit aan, maar ook bijen, héél veel bijen!

Thomas durft eigenlijk niet dichtbij de boom te komen, hij is bang voor steken. Maar… hij wilde zo graag een rode appel. Dus hij bedacht een plan. Hij pakte de tuinslang en spoot heel voorzichtig een beetje water op de appels. Niet veel, anders zouden ze vallen.

En hier komt het! De bijen… ze vlogen niet weg! Ze gingen zitten schudden! Alsof ze een soort bijen-disco aan het doen waren! Thomas lachte zich helemaal kapot. Hij spoot een klein beetje meer water, en ze dansten nog harder. Zijn oma zag het en begon ook te lachen. 

Ze zei dat het water de appelbloesemgeur sterker maakte en dat de bijen daar helemaal gek van werden. Thomas heeft uiteindelijk een appel gegeten, en hij was extra lekker, omdat hij hem met een bijen-disco had verdiend. Hij is nu wel minder bang voor bijen, maar hij spuit er nog steeds voorzichtig een beetje water op. Gewoon, om te kijken of ze weer gaan dansen."
google/gemma-3-27b-it-fast,11_12,"Je bent een verteller van een kort verhaal (ongeveer 200 woorden).
    Je bent een kind tussen de 11 en 12 jaar oud en je vertelt een verhaal aan klasgenoten. 
    Je publiek bestaat uit kinderen van jouw leeftijd.
    Geef het verhaal geen titel of introductie. 
    ",Vertel een verhaal.,"Oké, dus eh… dit is echt waar gebeurd, echt. Niet verzinsel. Het was vorig jaar zomer, bij mijn oma in het bos. Niet zo’n heel dik bos, maar wel écht bos. 

Ik was aan het spelen, en ik had een soort hut gebouwd van takken. Super cool, dacht ik zelf. Toen hoorde ik… gekraak. Niet van een tak die brak, maar alsof iemand liep. En het was niet Oma, die was binnen aan het koken. 

Ik keek tussen de takken door en ik zag een beest. Niet een konijn of zo, maar… een egel! Maar deze egel was anders. Hij had iets glimmends om zijn nek, alsof hij een kettinkje droeg. Een heel klein kettinkje, met een piepklein belletje. 

Ik ben heel voorzichtig dichterbij gegaan, en toen, toen keek hij me aan. En hij knikte, echt waar! Met z'n kleine egeltjesneusje knikte hij. Ik was doodsbang, maar ook… gefascineerd. 

Hij liep toen een stukje, en keek steeds om, alsof hij wilde dat ik meevoegde. Ik liep achter hem aan, diep het bos in. Hij bracht me naar… een plek met allemaal paddenstoelen in een kring. En toen was hij weg. Ik ging terug naar Oma, en ik heb er nooit meer iets van gemerkt. Maar ik weet zeker dat die egel iets te maken had met die kring van paddenstoelen.","Nou, dit is echt waar gebeurd, echt! Het was vorig jaar zomer, tijdens kamperen met opa. We zaten in een piepklein tentje in het bos, en opa had beloofd dat we 's nachts uilen zouden horen. Ik vond uilen best eng, met die grote ogen. 

Dus ik lag daar, helemaal stil, te luisteren. En dan hoor je opeens echt iets. Geen 'hoehoe', maar een soort… gerommel. Alsof er iemand om de tent heen liep. Ik duwde opa wakker, zachtjes. “Opa? Wat is dat?”

Opa luisterde ook. Toen, heel langzaam, hoorden we het gerommel dichterbij komen. Het was niet iemand, maar… een egel! Hij snuffelde aan onze tent en probeerde eronder te kruipen! Opa moest heel hard lachen, en ik ook eigenlijk.

We gingen even uit de tent kijken en zagen de egel met een slak aan het smullen. Opa zei dat hij vast op zoek was naar een veilige plek om te slapen. We hebben hem een schaaltje water neergezet en toen konden we weer slapen. Al voelde ik me wel een beetje dom dat ik dacht dat het een monster was. Uilen waren nog steeds eng, maar egels… egels zijn best wel schattig.","Dus, gisteren... gisteren was echt raar. Ik was met mijn opa aan het vissen, bij het Meer van Witteveen. Je kent het wel, daar waar ze altijd zeggen dat er een monster zit. Ik geloofde er natuurlijk niet in, totdat…

We zaten al een tijdje, niks loos, en opa was aan het snurken bijna. Toen, plotseling, voelde ik een enorme ruk aan mijn hengel! Niet zomaar een visje, nee, deze trok me bijna het water in! Ik trok terug, heel hard, en het voelde alsof ik tegen een boom aan vocht. 

Toen kwam het omhoog, maar het was geen vis. Het was een schoen! Een hele oude, leren schoen, helemaal begroeid met algen. Er zat een briefje in, gerold op. Ik haalde het eruit, met trillende handen. 

De boodschap was in heel oud schrift en stond er: 'Vergeet de Belofte niet!' D’r stond geen naam bij. We hebben nog uren gezocht, naar wie die schoen zou kunnen hebben verloren, of wat die 'Belofte' was. Maar we vonden niks. Klinkt gek, hè? Maar ik denk echt dat het met dat monster te maken heeft… misschien was het wel zijn voet!","Oké, luister even… Mijn opa heeft een schuur. Niet zomaar een schuur, echt een supergeheime schuur. Die staat achterin de tuin, helemaal begroeid met klimop. En mijn opa zegt altijd, “Niet aan de schuur peuteren, Lisa!” Maar… natuurlijk deed ik dat wel.

Afgelopen zomer was ik er stiekem in geglipt. Het rook naar oud hout en benzine enzo. En er lagen allemaal rare dingen! Oude gereedschap, een kapotte radio, een stapel kranten van heel lang geleden… En toen zag ik het. Een kist. Een houten kist met een slotje.

Ik heb heel hard aan het slotje getrokken, maar hij ging niet open. Toen had ik een idee! Ik ben teruggerend naar huis en heb de haarspeld van mijn moeder gepikt. En raad eens? Hij ging open!

In de kist lagen allemaal oude foto’s. Foto’s van mijn opa, maar hij was jong, echt jong! Hij zat op een motor, hij speelde in een band… Hij leek wel iemand anders! En onder de foto’s zat een kaart. Een kaart van een eiland waar ik nog nooit van had gehoord. Mijn opa… een avonturier? Dat had ik dus nooit gedacht! Ik heb de foto’s en de kaart weer teruggelegd en ben daarna snel weggeglipt. Ik durfde hem niet te vragen, maar nu weet ik wel iets geheim over mijn opa.","Dus… mijn opa heeft een schuur. Niet zomaar een schuur, hoor. Die is super oud en een beetje scheef. En er ligt altijd van alles in, echt alles. Oude fietsen, kapotte stoelen, een heel oude stofzuiger… en beesten! Niet gevaarlijke beesten, maar muizen en spinnen enzo.

Vorig weekend was ik bij opa en ik zocht een touw. We wilden een vlieger maken. Ik keek in de schuur en daar zag ik iets glinsteren achter een stapel oude kranten. Ik trok de kranten weg en… het was een doos! Een houten doos met een slotje.

Ik vroeg aan opa wat er in zat, maar hij zei dat hij het zelf ook niet meer wist. Dat hij het al jaren niet meer open had gemaakt. Toen heb ik, toen opa even buiten was, geprobeerd het slotje open te maken met een haarspeld van oma. Weet je wat? Het lukte! 

In de doos zat een heleboel geld, oude munten en… een kompas. Een echt oud kompas, van messing. Opa zei dat het van zijn opa was geweest, een zeeman. Ik heb het kompas nu en ik denk dat het nog werkt. Misschien ga ik er wel mee op schattenjacht in de tuin!"
