model,age,system,user,completion1,completion2,completion3,completion4,completion5
meta-llama/llama-3.1-8b-instruct,4_6,"
Je bent een verteller van een kort verhaal (rond de 200 woorden).
Je bent een kind tussen de 4 en 6 en je vertelt een verhaal aan klasgenoten. 
Je publiek bestaat uit kinderen van jouw leeftijd. 
Geef het verhaal geen titel of introductie. 
Gebruik woorden en taalconstructies die kinderen van die leeftijd gebruiken. 
Jonge kinderen maken bijvoorbeeld vaker dan volwassen de voltooid tegenwoordige tijd, voltooid verleden tijd en verleden tijd.
Het verhaal hoeft geen ego-narratie te zijn, mensen gebruiken een verhaal zelden om hun eigen perspectief te vertellen. Het mag dus verteld worden
vanuit het perspectief van iemand anders.
",Vertel een verhaal.,"Ik weet een leuk verhaal! Er was eens een konijn met een grote rode staart. Hij heette Rodestaart. Rodestaart was een leuke konijn, hij had een roze neus en blauwe ogen. Hij woonde in een grote tuin met veel bloemen en groene bomen.

Rodestaart hield van spelen. Hij speelde graag met zijn vrienden, een eend en een mol. Een dag kregen ze een idee. Ze wilden een schatgraver worden. Ze vonden een oude kaart en zochten naar de plek waar de schat verborgen was.

Ze zochten veel en uiteindelijk vonden ze de schat. Het was een grote zak met chocoladetrekko's. Rodestaart en zijn vrienden waren zo blij. Ze namen de chocoladetrekko's mee naar huis en aten ze op. Rodestaart was zo tevreden. Hij had een leuke dag gehad met zijn vrienden. En hij at heel veel chocoladetrekko's!","Er was een beer. Hij heette Bert. Bert was heel sterk. Hij kon een boom uit de grond trekken. Hij was heel snel. Hij kon sneller rennen dan een auto. Hij was heel slim. Hij kon een puzzel oplossen.

Een dag ging Bert naar het bos. Hij zocht naar een vriend. Hij vond een konijn. De konijn heette Koen. Koen was heel snel ook. Hij kon sneller rennen dan Bert. Bert was heel blij dat hij Koen had gevonden.

Bert en Koen speelden samen. Ze speelden verstoppertje. Bert was de versteker. Koen moest hem vinden. Koen was heel slim. Hij vond Bert snel.

Bert en Koen waren heel goede vrienden. Ze speelden altijd samen. Ze waren heel gelukkig.","Er was eens een konijn. Hij heette Koning Knap en hij was super snel. Hij kon rennen zo hard dat hij in één seconde van hier naar die kast kon rennen. Hij had een vriend, een eekhoorn genaamd Eiko. Eiko was heel slim en kon alle trucjes en geheimen van de boom weten. 

Een keer, toen Koning Knap en Eiko uit waren gewandeld, zagen ze een schatkist. Koning Knap was super nieuwsgierig en wilde de schatkist openmaken. Eiko zei: ""Wacht, Koning Knap, weet je eigenlijk wat er in zit?"" Koning Knap zei: ""Nee, maar dat is niet erg, ik ben zo snel dat ik het ding nog voor de ander kan halen!"" 

Eiko zei: ""Maar wat als er een val in zit?"" Koning Knap zei: ""Ach, dan haal ik hem zo voor je!"" En toen deed hij het ding open. En wat was dat? Er waren allemaal ballonnen in! Eiko lachte en zei: ""Hé Koning Knap, je bent zo snel dat je de ballonnen al naar je vrienden hebt toegebracht voor de feestdag!""","Er was eens een konijn. Hij was heel snel en hij liep altijd door het bos. Hij vond een mand met appels. Die appels waren zo rood als rode ballets. Hij wilde er een eten. Maar hij was bang dat hij een appel zou stelen. Hij ging kijken of er iemand was. Het was niemand. Toen at hij een appel. Die appel was zo zoet. Hij at nog twee appels. Toen hoorde hij een stem. ""Hallo, wie bent jij?"" vroeg de stem. Het konijn zei niets. Hij liep snel weg. Hij wist dat hij de appels niet mocht eten.","Er was eens een konijn met een prachtige rode baard. Hij woonde in een knus holletje onder een boom. De konijn hield van eten, vooral van appels. Eén dag ging hij naar de appelboom en klom erin. Hij at een appel en viel daarna uit de boom. Hij viel op een rottende appel. Die appel was zo vies dat de konijn zijn neus ophaalde. Hij zei: ""Wauw, wat is dit vies!"" De konijn liep weg en ging naar zijn vriend, een vos. Hij vertelde hem over de vies appel. De vos lachte en zei: ""Hah, ik wist het wel, dat is mijn appel!"" De konijn en de vos lachten en gingen samen op zoek naar een mooie appel."
meta-llama/llama-3.1-8b-instruct,6_7,"
Je bent een verteller van een kort verhaal (rond de 200 woorden).
Je bent een kind tussen de 6 en 7 en je vertelt een verhaal aan klasgenoten. 
Je publiek bestaat uit kinderen van jouw leeftijd. 
Geef het verhaal geen titel of introductie. 
Gebruik woorden en taalconstructies die kinderen van die leeftijd gebruiken. 
Jonge kinderen maken bijvoorbeeld vaker dan volwassen de voltooid tegenwoordige tijd, voltooid verleden tijd en verleden tijd.
Het verhaal hoeft geen ego-narratie te zijn, mensen gebruiken een verhaal zelden om hun eigen perspectief te vertellen. Het mag dus verteld worden
vanuit het perspectief van iemand anders.
",Vertel een verhaal.,"Er was eens een haas. Die haas heette Max. Max woonde in het bos. Hij had een vriend, een vogeltje. Het vogeltje heette Klaas.

Max en Klaas gingen altijd samen op avontuur. Ze zochten naar eetbare planten en zo. Een keer zagen ze een grote, oude beer. Max was bang. Hij rende weg. Klaas bleef staan. De beer kwam naar hem toe. Maar Klaas was slim. Hij begon te zingen. De beer hield zijn hoofd schuin en begon te zingen ook.

Ze zongen samen. Max kwam terug. Hij was niet meer bang. De beer bleek een goede zanger te zijn. Max en Klaas en de beer werden goede vrienden. Ze gingen altijd samen op avontuur.","Er was eens een hondje genaamd Max. Hij was heel snel en had een dikke witte vacht. Max woonde bij een meisje genaamd Emma. Emma en Max waren heel erg goed vrienden. Ze gingen elke dag naar de school wandelen.

Een keer waren Emma en Max op een wandeling en ze zagen een klein konijntje liggen. Emma zei ""Max, dat is een konijntje!"" En Max zei (hij kon niet praten, maar hij knipte met zijn oren) ""Ja, ik zie het!""

Toen Max en Emma dichterbij kwamen, zag Max dat het konijntje heel bang was. Het konijntje rende weg en Max rende achter hem aan. Max was heel snel, dus hij kon het konijntje makkelijk inhalen.

Emma riep ""Max, stop!"" Maar Max hield het konijntje nog niet. Toen hij het konijntje bijna had, hield hij plotseling op. Hij keek omhoog en zag dat Emma hem aankeek. Max wist dat hij niet mocht jagen. Hij kwam terug naar Emma en ze gingen samen weer naar huis.

Emma zei ""Dank je wel, Max. Je bent een goeie hond."" En Max knipte tevreden met zijn oren.","We waren op schoolreekse. De heer Dirk ging met ons naar de beek. Hij zei: ""Jullie gaan nog een stukje wandelen."" De zon scheen. Ik hield van de zon. In de beek stonden plassen water. Ik ging stappen. Hij zei: ""Pas op, je moet niet verdrinken."" Ik zei: ""Nee, ik zweef."" Ik zweefde. Ik ging naar de rivier. Hij zei: ""Nee, niet naar de rivier. Dat is te diep."" Ik ging terug. De rivier was te diep. Ik ging naar de plassen. Ik was blij. We gingen naar de school. We waren heel moe.","Toen ik gisteren met mijn broer bijnen in het park was, kwam er een hond. Die hond was heel groot en heel snel. Hij had een rood bandje om zijn lijf. Mijn broer het hem ""rode hond"" genoemd. Toen de rode hond ons zag, kwam hij naar ons toe. Hij begon te blaffen en te rennen. Mijn broer en ik zijn gaan lachen. We hebben allebei een bal bij ons. We hebben die bal gegooid en de rode hond ging ervoor. Hij heeft die bal gevangen en heeft hem teruggebracht. Toen zijn we gaan spelen met de rode hond. We hebben samen gegooid en gerend. Het was zo leuk! Toen moesten we naar huis gaan, maar de rode hond is nog even bijgebleven. Hij heeft ons een afscheidskus gegeven. We zijn gaan lachen en hebben hem uitgezwaaid.","Er was eens een zwanenprinses. Ze woonde in een grote stad met vele woningen. Maar ze was niet zoals alle andere kinderen in de stad. Ze had een lang, witte hals en vleugels, net als haar moeder, de zwanenprinses.

Ze ging naar school met ons, maar ze kon niet alle dingen met haar vleugels doen. Ze kon bijvoorbeeld niet op het speelveld zitten, want ze zou vallen. En ze kon niet met ons op het schoolballet gaan, want ze zou haar vleugels beschadigen.

De zwanenprinses vond het niet erg. Ze was blij dat ze kon zwemmen en vliegen. Ze vloog boven de stad en zag alle dingen die we niet zien. Ze vond het heel leuk om boven de stad te vliegen.

Toen we met vakantie gingen, ging de zwanenprinses ook op vakantie. Ze vloog naar het strand en zwom in het water. We gingen met onze kinderwagens en ze vloog boven ons. Het was heel leuk om haar te zien."
meta-llama/llama-3.1-8b-instruct,7_8,"
Je bent een verteller van een kort verhaal (rond de 200 woorden).
Je bent een kind tussen de 7 en 8 en je vertelt een verhaal aan klasgenoten. 
Je publiek bestaat uit kinderen van jouw leeftijd. 
Geef het verhaal geen titel of introductie. 
Gebruik woorden en taalconstructies die kinderen van die leeftijd gebruiken. 
Jonge kinderen maken bijvoorbeeld vaker dan volwassen de voltooid tegenwoordige tijd, voltooid verleden tijd en verleden tijd.
Het verhaal hoeft geen ego-narratie te zijn, mensen gebruiken een verhaal zelden om hun eigen perspectief te vertellen. Het mag dus verteld worden
vanuit het perspectief van iemand anders.
",Vertel een verhaal.,"Er was eens een prinsesje met een prachtig zilveren paard. Ze heette Sophia en woonde in een kasteel. Sophia was heel lief en had een rood haar. Ze hield van paarden en wilde één dag een prinses worden.

Een dag kwam er een mens met een cape en een hoed. Hij heette de magiër. Hij was heel oud en wist heel veel dingen. Sophia vroeg hem of hij haar kon helpen om prinses te worden.

De magiër zei: ""Oké, maar je moet eerst een last oplossen."" En hij vertelde haar dat er een draak op een eiland woont die heel veel goud heeft. Maar niemand mag het ooit meenemen.

Sophia was heel nieuwsgierig en wilde het goud zien. Ze vroeg aan de magiër of ze het goud mee mag nemen. De magiër gaf haar een stuk papier en een pen en zei: ""Maak een tekening van het goud en schrijf hoe je het wilt terugkomen.""

Sophia maakte een prachtige tekening, schreef dat ze terug zou komen en ging naar het eiland. Ze zag de draak en nam het goud mee. Toen ze terug kwam, gaf de magiër haar een klein flesje met een drankje. Ze moest het in haar mond doen en toen werd ze een prinses.","Ik ken een hond, hij heet Max. Hij is een labrador en hij is heel lief. Hij woont bij mijn oom en mijn tante. Ze hebben hem gekocht toen hij nog heel klein was. Nu is hij groot en sterk.

Max houdt van spelen. Hij houdt van werpen en vangen. Mijn oom werpt een bal in de lucht en Max springt omhoog en vangt hem. Hij doet alsof hij niet wil vangen, maar hij doet het wel!

Max houdt ook van zwemmen. Hij springt in het water en zwemt naar de andere kant. Hij is heel snel. Mijn oom en mijn tante vinden het leuk om hem te zien zwemmen.

Een keer ging Max een beek in, hij vond een vis! Hij had hem in zijn bek en hij kwam met hem naar buiten. Mijn oom en mijn tante vonden het heel grappig. Max vond het ook leuk. Hij was heel trots op zichzelf.","Er was eens een hondje genaamd Max. Max was een heel lief hondje, hij was bruin en had een lange staart. Hij woonde bij een meisje genaamd Emma. Emma was mijn beste vriendin.

Max liep altijd met Emma mee naar school en terug naar huis. Maar een dag ging Max verdwenen. Emma was heel verdrietig, ze zocht overal naar Max, maar hij kon nergens worden gevonden.

De volgende dag ging Emma naar school en ze vroeg of iemand Max had gezien. En toen zei iemand... ""Ik zag Max in de parken! Hij was met een oude hond!"" Emma was super blij en ze rende naar de parken om Max te zoeken.

En toen zag ze hem... Max was echt in de parken en hij was met een oude hond! Hij kwam naar Emma toe en hij blafte heel hard van blijdschap. Emma was heel blij en ze nam Max mee naar huis. Max was weer thuis en hij was heel gelukkig.","Er woont een hond genaamd Max. Hij is een witte labrador en hij is heel erg lief. Max woont bij een oudere man genaamd papa Tim. Papa Tim is heel erg lief voor Max. Max heeft een bal en hij kan hem naar boven gooien en hij kan hem vangen.

Een dag ging Max naar het park. Hij liep met papa Tim en hij zag een meisje dat speelde met een bal. Max wilde ook een bal hebben, dus hij ging naar het meisje toe. Het meisje zei: ""Hallo kleine hond, wil je een bal?"" Max kwam dichterbij en hij begon te janken. Papa Tim zei: ""Ja, hij wil een bal.""

Het meisje gaf Max de bal en Max was heel erg gelukkig. Hij begon te rennen en hij gooide de bal in de lucht. Hij viel op de grond en Max ging naast hem zitten. Papa Tim zei: ""Goed gedaan Max, je bent een goede hond."" Max was heel erg gelukkig en hij ging met papa Tim naar huis.","Een keer was ik bij mijn opa. Hij woonde in een klein dorp ergens in de buurt van het meer. Hij had een hond, een grote golden retriever met een rode band om zijn oren. Hij heette Rufus.

Mijn opa nam me mee naar het meer. We gingen op een boot. Rufus kwam ook mee. Hij moest hard rennen om aan boord te komen. Hij ging op de achterbank liggen en keek naar me.

Mijn opa legde uit dat we op de boot waren omdat we vis wilden vangen. Hij had een grote hengel bij zich. Hij liet me haren vislijn vastmaken aan de hengel. Rufus zat nog steeds op de achterbank en keek naar me.

We gingen langzaam richting het midden van het meer. Mijn opa viste een grote vis. Rufus sprong op van de achterbank en ging naar mijn opa toe. Hij begon te blaffen. Mijn opa zei dat ik de vis mocht ophalen. Ik deed dat en we gingen terug naar de kust. Rufus kwam zwemmen en ik gooide hem de vis. Hij at hem op. Mijn opa lachte en zei dat hij een goede hond was."
meta-llama/llama-3.1-8b-instruct,8_9,"
Je bent een verteller van een kort verhaal (rond de 200 woorden).
Je bent een kind tussen de 8 en 9 en je vertelt een verhaal aan klasgenoten. 
Je publiek bestaat uit kinderen van jouw leeftijd. 
Geef het verhaal geen titel of introductie. 
Gebruik woorden en taalconstructies die kinderen van die leeftijd gebruiken. 
Jonge kinderen maken bijvoorbeeld vaker dan volwassen de voltooid tegenwoordige tijd, voltooid verleden tijd en verleden tijd.
Het verhaal hoeft geen ego-narratie te zijn, mensen gebruiken een verhaal zelden om hun eigen perspectief te vertellen. Het mag dus verteld worden
vanuit het perspectief van iemand anders.
",Vertel een verhaal.,"Er was eens een konijn. Hij heette Benny. Benny was een heel slim konijn. Hij woonde in een bos met zijn beste vriend, een vogel genaamd Sam. Sam kon vliegen en Benny kon rennen.

Een dag ging Benny en Sam op avontuur. Ze zochten naar de magische bloem. Dat was een prachtige bloem die je alleen kon vinden in de diepste delen van het bos. Benny en Sam liepen door het bos totdat ze de bloem zagen. Maar toen ze dichterbij kwamen, kwam een grote slang uit het niets te voorschijn.

Benny en Sam waren bang, maar Benny had een plan. Hij begon zo hard te rennen dat de slang hem niet kon volgen. Sam vloog boven de boomtoppen en keek uit naar de slang. Toen hij zag dat de slang Benny niet kon volgen, vloog hij naar hem toe en samen renden ze weg. Ze hadden de magische bloem gevonden en ze waren heel blij.","Er was eens een konijn. Hij heette Knor. Knor was echt supersnel. Hij kon zo snel rennen dat hij in één seconde over de hele schoolveld kon rennen. Hij was de snelste konijn ter wereld. 

Knor had een beste vriend, een eekhoorn. Hij heette Eiko. Eiko was zo slim dat hij altijd wist waar Knor zijn kon. Knor en Eiko waren heel goede vrienden. Ze speelden altijd samen.

Maar er was één ding dat Knor nog niet kon. Hij kon nog niet vliegen. Knor wilde graag vliegen. Hij wilde graag de wolken zien. Eiko zei: ""Knor, weet je wat? Ik ken een man die kan vliegen."" Knor vroeg: ""Wie is dat?"" Eiko zei: ""Dat is mijn oom. Hij is een vogel."" 

Toen ging Knor naar Eiko's oom. Eiko's oom leerde Knor hoe hij kon vliegen. Knor was zo blij. Hij kon nu vliegen. Hij vloog boven de schoolveld en hij zag de hele wereld.","We waren op een kamp, rechtstreeks op het strand. Mijn beste vriendje, Jelle, was erg goed in zonnebrillen verstoppen. Hij had een super mooie zonnebril met glazen die zo groot als schoteltjes waren. Hij had hem geleend van zijn opa, maar die vond die helemaal niet leuk. Hij vond hem te groot.

Toen we op het strand waren, nam Jelle zijn zonnebril mee en begon hij hem te verstoppen. Hij vond hem heel goed verborgen in een nest van zand. Hij zei dat niemand hem zou vinden. Maar ik, ik vind hem wel. Ik zocht nog even rond en toen zag ik hem. Hij lag in het nest van zand. Ik pakte hem op en zei tegen Jelle: ""Hé Jelle, ik heb je zonnebril gevonden!"" Hij was heel boos, maar hij moest wel lachen. Hij zegt dat ik de beste zonnebril-verstopper-verfinder ben.","Er was eens een hond genaamd Max. Hij was zo snel als een auto! Max woonde bij een meisje dat Lisanne heette. Lisanne had een rode fiets en Max ging altijd mee als ze door het park fietste. Eén keer, toen ze door het park fietsten, zag Max een eendje in het water liggen. Hij werd zo boos dat hij zijn benen strekte en hard aan het rennen ging. Lisanne riep ""Max, wacht!"" maar Max was te snel. Hij sprong het water in en kwam als een beer uit het water. Lisanne lachte en zei ""Max, je bent zo gek!"" De eendje was heel blij dat Max de eendje had gered en hij kwam naar Max toe en kwam tegen zijn poot aan. Max was heel trots en hield de eendje vast. Lisanne zei ""Gaaf, Max!"" en ze gingen samen naar huis.","Er was eens een prinsesje genaamd Sophia. Ze woonde in een prachtig kasteel met haar moeder en vader. Sophia hield van paarden en kon altijd al goed paardrijden.

Toen Sophia twaalf was werd ze gestuurd naar de kasteelbibliotheek om een boek te halen. Maar toen ze binnenkwam was er niemand. Ze ging zelf op zoek naar een boek en vond een oud en vale boek met een goudkleurige deksel.

Sophia opende het boek en las over prinsen en prinsessen, over magische krachten en over dappere ridders. Maar het meest spannend was nog dat het boek haar een geheim vertelde. In het kasteel was een geheime kamer verborgen. 

Sophia ging op onderzoek uit. Ze wist dat ze zou moeten zoeken tussen de muurstenen om de geheime kamer te vinden. Na een tijdje vond ze een stenen plaat die een beetje anders was dan de andere stenen. Vooraan de plaat was een klein gat. Sophia stak haar vinger in het gat en de plaat sprong open. 

Sophia zag een schitterend juweel in de lucht hangen. Het was een prachtig diamant. Ze wist dat ze nu een prinses was."
meta-llama/llama-3.1-8b-instruct,9_10,"
Je bent een verteller van een kort verhaal (rond de 200 woorden).
Je bent een kind tussen de 9 en 10 en je vertelt een verhaal aan klasgenoten. 
Je publiek bestaat uit kinderen van jouw leeftijd. 
Geef het verhaal geen titel of introductie. 
Gebruik woorden en taalconstructies die kinderen van die leeftijd gebruiken. 
Jonge kinderen maken bijvoorbeeld vaker dan volwassen de voltooid tegenwoordige tijd, voltooid verleden tijd en verleden tijd.
Het verhaal hoeft geen ego-narratie te zijn, mensen gebruiken een verhaal zelden om hun eigen perspectief te vertellen. Het mag dus verteld worden
vanuit het perspectief van iemand anders.
",Vertel een verhaal.,"Er was eens een hond genaamd Max. Hij was een zwarte hond met een witte vlek op zijn neus. Max woonde bij een oude man die hem heel veel gaf. De oude man nam Max mee naar het park en speelde met hem. Max was heel snel en kon ook heel goed springen.

Een dag ging de oude man naar de kapper. Max bleef alleen thuis. Toen de oude man weg was, kwam er een kat bij Max. De kat was klein en bruin en zei zoiets als: ""Ik ga je huis in, want je baas is weg."" Max was bang en ging grommen. De kat zei: ""Nee, nee, ik doe niets. Ik wil alleen maar een glas water."" Max was nog steeds bang, dus hij ging grommen en de kat liep weg. Max was heel blij toen de oude man terugkwam en zei: ""Ik ben blij dat je mijn hond bent.""","Er was eens een hond genaamd Max. Hij was een superhond. Hij had een zwarte vacht en een lange staart. Max woonde bij een meisje genaamd Sophie. Sophie was een leuk meisje dat altijd met Max speelde.

Een keer ging Sophie en Max op een avontuur in het bos. Ze liepen door de bomen en over de heggen. Max sprong over een riviertje en Sophie ging achter hem aan. Toen ze verder liepen, hoorden ze een geheimzinnig geluid. Het leek op een stem die ""Help!"" riep.

Sophie en Max liepen naar de stem toe. Daar vonden ze een klein konijntje dat vastzat in een boom. Max sprong op en neer en Sophie pakte een tak om het konijntje te helpen. Na een tijdje konden ze het konijntje redden.

Het konijntje was heel dankbaar en gaf Sophie een knuffel. Max kreeg een knuffel van Sophie en ze gingen samen terug naar huis. Max was een echte held en Sophie was super trots op hem.","Zo, jullie weten vast dat ik de zomer bij mijn ouders in de zomerhuisje ben geweest. Maar ik wil jullie vertellen over de hond van mijn broer. Hij heet Max en hij is een beetje een idioot.

Toen ik bij mijn ouders was, kwam mijn broer ook op bezoek. Hij heeft een hond genaamd Max en hij is super leuk. Max is een golden retriever en hij is woonachtig in het bos. Mijn broer wilde dat Max bij hem in huis zou komen, maar mijn moeder zei nee, want hij is een beetje te wild.

Maar dan gebeurde er iets heel raar. Max had een vriend gekregen, een hond genaamd Rocky. Rocky is ook een golden retriever, maar hij is veel ouder dan Max. Ze zijn beiden super vriendelijk, maar ze zijn ook super traag. Mijn broer moest altijd lachen als hij die twee zag rennen.

Een keer zag ik dat ze een tijdje met elkaar aan het spelen waren. Max had een stok in zijn bek en Rocky probeerde hem die te pakken. Ze waren beiden zo enthousiast en ik kon er niet om lachen. Mijn broer zei dat ze zo'n goede vrienden zijn dat ze bijna één gezin vormen. En dat is heel lief.","Er was eens een prinses die in een prachtig kasteel woonde. Ze heette Sophia en ze had lang, blond haar en blauwe ogen. Sophia hield van paarden en reed elke dag door het bos.

Een dag zag Sophia een prachtig paard dat begraven was onder een hoop bladeren. Ze pakte een schep en begon te graven. Na een tijdje kwam het paard vrij. Het was een prachtig zwart paard met een gouden halsband.

Sophia was zo blij dat ze het paard wilde redden. Ze noemde het paard Nova en begon hem te trainen. Nova was zo snel dat hij altijd als eerste over de finish kwam.

Een dag ging Sophia naar de paardrijderij en zei dat Nova de snelste paard van het land was. De koning hoorde dit en riep Sophia naar de koninklijke paardrijderij. Daar moest Sophia tegen de snelste ridders van het land rijden. Sophia was bang, maar Nova was zo snel dat ze het paardrijden gewonnen had.

Nu rijdt Sophia en Nova samen door het land en worden ze geliefd door alle kinderen. Sophia is heel blij met haar paard en Nova is blij met Sophia.","Er was eens een prinses die heette Sophia. Sophia woonde in een groot kasteel aan zee. Ze had een hond genaamd Max en die was heel slim. Sophia en Max gingen vaak naar de zee om te kijken naar de vissersbootjes.

Een keer kwam er een storm en de vissersbootjes moesten naar de kust. Sophia en Max moesten helpen om de bootjes veilig naar de kust te brengen. Ze namen alle bootjes vast en brachten ze naar het kasteel. De vissers waren heel dankbaar en gaven Sophia en Max een grote ton vis.

Sophia was heel blij met de vis en besloot om een feest te geven voor de hele stad. Ze nodigde alle mensen uit en ze aten allemaal vis. Sophia en Max waren de helden van de dag en iedereen hield van hen."

meta-llama/llama-3.1-8b-instruct,11_12,"
Je bent een verteller van een kort verhaal (rond de 200 woorden).
Je bent een kind tussen de 11 en 12 en je vertelt een verhaal aan klasgenoten. 
Je publiek bestaat uit kinderen van jouw leeftijd. 
Geef het verhaal geen titel of introductie. 
Gebruik woorden en taalconstructies die kinderen van die leeftijd gebruiken. 
Jonge kinderen maken bijvoorbeeld vaker dan volwassen de voltooid tegenwoordige tijd, voltooid verleden tijd en verleden tijd.
Het verhaal hoeft geen ego-narratie te zijn, mensen gebruiken een verhaal zelden om hun eigen perspectief te vertellen. Het mag dus verteld worden
vanuit het perspectief van iemand anders.
",Vertel een verhaal.,"Er was eens een vos die heette Vosje. Vosje was heel slim en kon altijd ontsnappen als hij gevangen werd. Hij was heel moeiteloos. 

Een keer ging Vosje op jacht naar het dorp. Hij had honger en zocht naar voedsel. Bij de kerk vond hij een mand met brood. Het was heel lekker brood en Vosje wilde graag nog meer eten. 

Maar toen hij naar de mand wilde gaan, kwam plotseling een grote hond tevoorschijn. De hond was heel groot en zag Vosje niet graag. Vosje was bang en rende snel weg. Hij rende zo snel mogelijk en de hond rende achter hem aan. 

Maar Vosje was veel vlugger dan de hond en hij kon hem makkelijk achterlaten. Vosje rende door het bos en kwam bij een klein riviertje. Hij sprong erin en dook onder water. De hond kon hem niet volgen en Vosje was veilig. Vosje was heel blij dat hij ontsnapt was en ging naar huis om te eten.","Er was eens een hond genaamd Max. Hij was een superhond! Max woonde bij een heel aardige ouder. Hij hield van Max en gaf hem veel aandacht. Max had een vriend, een konijn genaamd Benny. Benny woonde in een hok op het erf van Max' ouders. Max en Benny waren de beste vrienden. Ze gingen altijd samen op avontuur.

Eens ging Max en Benny op een tijdens de zomer in het bos. Ze wilden een mysterie oplossen. Ze hoorden dat er in het bos een geheim verborgen was. Ze gingen zoeken. Ze liepen door het bos, langs de rivier en over de heuvels. Totdat... Totdat Max een gat in de grond zag. Hij riep: ""Benny! Kijk daar!"" Ze keken naar beneden en zagen een donkere grot. Ze durfden niet naar beneden. Maar toen hoorde Max een geluid. Hij zei: ""Wacht even!"" En toen ging hij naar beneden. Hij trof een schatkist aan! Max en Benny waren heel gelukkig. Ze vonden een schat!","Een keer was ik op vakantie bij mijn opa en oma. Mijn opa kon heel goed vliegen. Hij had een vogelvriend die hij had opgevangen toen die jong was. Hij heette Kameleon. Kameleon was een gekke vogel. Hij kon zich altijd veranderen in een andere vogel. 

Mijn opa zette Kameleon op zijn schouder en we gingen naar de tuin. Kameleon keek naar om ons heen en plotseling was hij een bakvis. Daarna werd hij een lelijk vogeltje en vervolgens een enorm vogel met een zware snavel. Mijn opa lachte en zei: ""Kameleon, je bent weer wreed vandaag!"" Kameleon antwoordde met een schrille piep. Mijn opa vond het heel leuk en hij vloog met Kameleon naar de boom.","We waren op een kamp met de scouts. Mijn vriendin Lieve en ik gingen op pad om naar de top van die berg te lopen. We moesten heel veel stappen maken, maar we wilden er zeker van zijn dat we de top zouden bereiken.

Toen we op de helft kwamen, hoorde ik een alarm. De leider schreeuwde dat er een wolf gezien was! Ik werd doodsbang, maar Lieve zei dat we ons niet hoefden te bekijken. Ze hielp me over een rots en we gingen verder.

Na een tijdje zagen we de wolf. Hij was heel groot en zag er heel gevaarlijk uit. Maar wees maar niet bang, hij kwam naar ons toe lopen. Toen hij dichtbij kwam, viel hij neer, hij was gewond! We besloten om hem naar de leider te brengen, en hij kreeg een medicijnpilletje. Hij ging rustig liggen en sliep. We liepen door en kwamen uiteindelijk aan de top.","Er woonde eens een meisje dat ik ken van school. Haar naam is Lottie en ze is een veel te slimme meid. Ze heeft altijd een puzzel met haar mee naar school en als je haar ergens vragen over doet, kan ze het antwoord heel snel vinden.

Een keer ging Lottie naar de stranddag met haar klas. Toen ze op het strand was, zag ze een vlieger die in de wind zat te wapperen. Ze zag dat er een klein kindje vastzat aan de vlieger, maar het kind kon niet loskomen. Lottie rende naar het kind toe en zei: ""Houd je vast, ik kom je redden!""

Lottie had een geschikte stok bij zich, en ze gebruikte die om de vlieger te pakken. Ze hield hem stevig vast, totdat het kind veilig op de grond stond. Het kind was heel dankbaar en zijn ouders zeiden tegen Lottie: ""Dank je wel, je bent een held!"""
