model,pos,system,user,completion1,completion2,completion3,completion4,completion5
meta-llama/llama-3.1-8b-instruct,ADV,"
Je bent een verteller van een kort verhaal (rond de 200 woorden).
Je bent een kind tussen de 4 en 6 en je vertelt een verhaal aan klasgenoten. 
Je publiek bestaat uit kinderen van jouw leeftijd. 
Geef het verhaal geen titel of introductie.
","Vertel een verhaal. 
Begin het verhaal met een woord met het volgende pos-tag ADV.","Vroeger, in een klein dorpje, leefde een prachtige eend. Haar naam was Pip. Pip was heel lief en had een prachtige roze snavel. Ze woonde in een mooi klein nestje bij een vijver.

Een dag ging Pip op ontdekkingstocht. Ze vloog over de vijver en zag een groep vissen swemmen. Ze viel in de vijver en begon te zwemmen met de vissen. Ze raakte bevriend met de vissen en samen speelden ze een spelletje ""verstop jezelf in de waterplanten"".

Toen Pip terug naar haar nestje vloog, kwam ze een klein labradorhond tegen. De hond was erg nieuwsgierig en keek naar Pip. Pip zag de hond en was bang. Maar de hond was niet boos en besloot het te maken met Pip. Nu zijn Pip en de hond dikke vrienden. Ze spelen samen op de vijver en Pip leert de hond om zwemmen.","Gisteren ging mijn vriendje Tim met me naar de speeltuin. We liepen door de poort en zagen de trampoline. ""Wauw!"" riep ik. Tim ging eerst op de trampoline zitten en begon te springen. Hij sprong zo hoog dat hij bijna de boom aan de andere kant van de speeltuin raakte.

Ik wilde ook met hem mee, maar ik was bang. Tim zei: ""Kom op! Ik help je!"" Hij nam mijn hand en we sprongen samen op de trampoline. Snel, snel gingen we omhoog en weer omlaag. Het was zo leuk! We sprongen en lachten en gilden. We waren als twee vliegen op de trampoline.

Toen ik moe werd, ging ik naar het klimrek. Tim kwam later ook naar het klimrek. We klommen en klommen tot we op de top waren. Daar zagen we de hele speeltuin liggen en kon je zo ver kijken.","Vrolijk ging ik naar het park, omdat mijn vriendin Lotta een feestje wilde geven. We zaten met onze vrienden op een groene picknickbank. Er was een grote bak taart met rode en groene handschoenen. We mochten allemaal een stuk nemen.

Toen we aten, kwam een grote koning van de kermis naar ons toe. Hij had een rode bijter op zijn hand. Hij zei: ""Ik ben de koning van de taart"". De koning deed een truc: hij gooide de taart in de lucht en toen hij omlaag kwam, werd hij opgevangen door een lange vork. Ik en Lotta werden zo blij dat we gilden van plezier. De koning lachte en zei: ""Iedereen krijgt een taart van mij"". We aten bijna alle taart op en hadden een fantastisch feestje.","Al lang geleden, in een land ver, ver weg, leefde er een prinses met een klein, witte hond. De hond heette Sneeuw en hij was erg lief. De prinses heette Sophie en ze had lange, rode haren.

Sophie en Sneeuw gingen elke dag naar de prachtige tuin van het kasteel. Daar speelden ze en staken bloemen op. Maar een dag kwam er een bij in de tuin. Hij was erg geel en hij wou niets liefs zijn. De bij stak alle bloemen op de grond en at alle honing op.

Sneeuw was erg boos op de bij. Hij ging naar de koningin en vertelde het haar. De koningin riep de bij en vroeg hem waarom hij de bloemen op de grond stak. De bij antwoordde: ""Ik wou niets liefs zijn."" De koningin was erg boos en zei: ""Je mag nu niet meer in de tuin komen.""","Vroeger, in een klein dorpje, waren er twee vriendjes, Leo en Max. Ze waren erg slim en hielden van avonturen. Eén dag vonden ze een oude, rare sleutel in het gras. 

""Ik denk dat deze sleutel bij de oude, lege schuur behoort"", zei Leo.

""Ja, die schuur is altijd afgesloten"", zei Max. ""Misschien is er iets leuks te vinden.""

De twee vriendjes besloten om de sleutel te gebruiken en de schuur te openen. 

Binnenin vonden ze een oude, leeswieg en een stapel boeken. ""Dit zijn de mooiste boeken die ik ooit gezien heb!"" riep Leo.

""Ja, en we kunnen hier ook zitten lezen!"" zei Max. En zo werden de verhalen in die boeken voor Leo en Max de begin van hun grootste avonturen."
meta-llama/llama-3.1-8b-instruct,DET,"
Je bent een verteller van een kort verhaal (rond de 200 woorden).
Je bent een kind tussen de 4 en 6 en je vertelt een verhaal aan klasgenoten. 
Je publiek bestaat uit kinderen van jouw leeftijd. 
Geef het verhaal geen titel of introductie.
","Vertel een verhaal. 
Begin het verhaal met een woord met het volgende pos-tag DET.","De zon was vanochtend heel fel en ik wilde naar buiten gaan om te spelen. Maar mijn moeder zei dat het te heet was en dat ik eerst moest eten. Ik at een ontbijtje met yoghurt en banaan en daarna mocht ik naar buiten.

Ik liep naar de speeltuin en ik zag mijn vriendin Liza. We speelden samen op de schommels en daarna gingen we naar de grote boom. We klommen op de uitstekende tak en zagen de hele speeltuin beneden ons.

Liza zei dat ze een uitdaging wilde doen. Ze zei dat ze naar beneden kon springen en de grond kon raken. Ik was bang dat ze zou vallen, maar ik wilde wel meedoen. Dus ik ging ook naar beneden.

Maar toen ik naar beneden sprong, ging ik op mijn handen landen in het zand. Liza was heel blij met me en we gingen samen verder spelen. We speelden tot mijn moeder me riep dat het tijd was om naar huis te gaan.","De zon was ondergegaan en de sterren begonnen aan de hemel te twinkelen. Ik speelde met mijn vriendje Timmie in ons achtertuin. We zochten naar een schuilplaats om ons te verstoppen van de keukenjuffrouw, die ons altijd wilde roepen om binnen te komen.

Timmie vond een fantastisch grote omheining met een gat erin. ""Dit is perfect!"" zei hij. ""Hier kunnen we ons helemaal verstoppen!"" Ik stemde in en we klommen over de omheining.

Binnen in de schuilplaats vonden we een oude kartonnen doos. ""Dit is een ruimteschip!"" riep Timmie. En zo gingen we op avontuur. We vlogen door de ruimte, zochten naar buitenaardse wezens en ontdekten een geheim bos.

Maar toen hoorde ik de keukenjuffrouw roepen. ""Tijd om binnen te komen!"" zei ze. We klommen uit onze ruimteschip en liepen naar binnen, lachend en grinnikend. Het was een geweldige avond geweest.","De zon scheen fel toen ik naar school liep. Ik had een leuk schooluniform aan en ik voelde me super blij. Toen ik de school binnenging, zag ik mijn beste vriendin, Lieve. We gingen samen zitten op onze favoriete bankjes.

Lieve had een leuk puzzelboek bij zich en we besloten om samen te puzzelen. We deden ons best om alle puzzelstukjes op hun plek te zetten, maar het lukte ons niet meteen. We lachten en hadden veel lol.

Tijdens het puzzelen kwam onze lerares, mevrouw De Koning, naar ons toe en vroeg of we haar wilden helpen met een puzzel. We waren super blij en zetten ons met volle kracht in. Eindelijk lukte het ons om de puzzel te maken en mevrouw De Koning was super trots op ons.

We kregen een leuk cadeautje van mevrouw De Koning en we waren super blij. We keken elkaar aan en lachten en wisten dat we een superleuke dag achter de rug hadden.","De zon scheen op het leuke park. Het park was heel groot en had allerlei dingen. Het had een speeltuin, een vijver en een kantine. Ik ging met mijn vriend Tim naar het park. We liepen naar de speeltuin en speelden daar een tijdje. Tim klom op een klimautomaat en ik ging op de schommel. Toen waren we allebei moe en gingen we naar de kantine om een ijsje te halen.

Daar zagen we een hond die heel vaak naar binnen en naar buiten liep. We vroegen aan de eigenaar wat zijn naam was en waarom hij zo vaak naar binnen en naar buiten ging. De eigenaar zei dat zijn naam Rufus was en dat hij naar binnen en naar buiten ging omdat hij altijd een traktatie voor hondenkoekjes wilde halen. We lachten om Rufus en gaven hem een hand om hem te begroeten.","Dat was een keer een grote duikboot! Hij was zo groot dat hij een heel eiland kon overkomen. De duikboot heette ""Superster"", en hij was de grootste duikboot in de hele wereld.

De Superster was heel snel en kon heel diep duiken. Hij had een superkrachtige motor en kon overal heen varen. De kapitein van de Superster heette Captain Max. Hij was een goede kapitein en wist precies wat hij deed.

Een dag besloot Captain Max om op avontuur te gaan. Hij zeilde de Superster naar een eiland dat nooit eerder door een duikboot was bezocht. Toen ze aankwamen, zagen ze een grote, rode koraalrif. Captain Max en zijn crew besloten om het rif te verkennen.

Ze zwommen door het rif en zagen de mooiste visjes en koralen die ze ooit hadden gezien. Het was echt een avontuur! En de Superster was de grote held van het verhaal."
meta-llama/llama-3.1-8b-instruct,SCONJ,"
Je bent een verteller van een kort verhaal (rond de 200 woorden).
Je bent een kind tussen de 4 en 6 en je vertelt een verhaal aan klasgenoten. 
Je publiek bestaat uit kinderen van jouw leeftijd. 
Geef het verhaal geen titel of introductie.
","Vertel een verhaal. 
Begin het verhaal met een woord met het volgende pos-tag SCONJ.","Bij een prachtige dag waren er twee vrienden, Pim en Sander. Ze waren in de speeltuin en wilden ergens een plek hebben om te spelen. Zij hadden een leuk idee en begonnen een grote waterstroom op te bouwen met houten blokken en zand. Pim was de baas van de waterstroom en Sander moest hem helpen.

Zodra de waterstroom klaar was, liet Pim het water los. Het water stroomde over de speeltuin en begon heel snel te groeien. Het waterstroom begon overal te stromen. Pim en Sander waren erg blij met hun creatie en wilden nog meer doen. Zij bouwden een boot en stapten er in. Sander werd echter overlopen door het water en viel uit de boot. Pim kon hem niet redden en moest op het droge wachten.","Omdat

Er was één keer een prinses die een prachtige rode pruik had. Ze was erg trots op haar pruik en droeg hem altijd bij zich. De prinses heette Roodkapje. Ze ging een dag naar de markt om brood te halen.

Toen ze bij de bakker was kocht ze een stukje brood. Maar toen ze het stukje brood in haar mandje deed, hoorde ze een stem. ""Hé, dat is mijn brood!"" De stem kwam van een klein hondje. Roodkapje wist niet wat ze moest doen. Ze gaf het brood aan de hond. De hond was heel dankbaar.

Roodkapje ging verder naar de markt. Toen ze een stukje verder liep, kwam ze een oud vrouwtje tegen. De oud vrouwtje had een prachtige ketting om haar nek. Roodkapje vroeg haar wat het was. ""Dat is een magische ketting,"" zei de oud vrouwtje. ""Die geeft de drager heel veel geluk."" Roodkapje vroeg of ze hem ook kon hebben. De oud vrouwtje gaf hem aan Roodkapje. Roodkapje was heel dankbaar.","Maar, er was eens een prinsesje dat woonde in een mooi kasteel. Ze heette Sophia en ze was heel lief. Sophia had een witte hondje dat ze heel verdrietig vond als ze naar bed ging.

De prinsesje had een aantal vriendjes die altijd met haar speelden in het kasteel. Ze speelden verstoppertje, schommel en ze gingen op pad om knuffels te zoeken.

Een keer, toen Sophia en haar vriendjes op pad waren, troffen ze een klein, verdwaald konijntje aan. Ze namen het konijntje mee naar het kasteel en gaven het te eten. Het konijntje vond het heel fijn bij Sophia en haar vriendjes.

Sophia bleef heel lief en gaf het konijntje een veilig plekje om te slapen. En zo leefden ze allemaal gelukkig in het kasteel.","Omdat ik een leuke dag wilde hebben, ben ik naar het park gaan.

Ik had een fiets en een bal. Ik ging naar het park en zocht een plek om te spelen. Daar zag ik een vriend van me, hij heet Max. We waren samen op school en we zijn vrienden. Hij had ook een bal en we besluiten om een spel te spelen.

We stonden tegenover elkaar en we deden alsof we een doelman waren. De andere leerlingen op school wilden ook een spelletje doen, dus we vroegen hen om te helpen. We moesten de bal over de fiets heen gooien. Als het lukte, mochten we een punt scoren. Als we niet lukten, dan was het de andere team die een punt mocht scoren.

Ik gooide de bal naar Max en hij ving hem. Max gooide de bal naar mij en ik ving hem ook. We waren allebei blij dat we de bal hadden kunnen vangen. We deden het spelletje heel vaak en uiteindelijk waren we allemaal moe. We besluiten om een pauze te nemen.","Omdat ik een kip ben, woon ik in een klein hokje bij de boerderij. Mijn naam is Klak. Ik ben een klein, gele kip met een rood kommetje op mijn hoofd. Ik hou van gras eten en ik hou van rennen. Elke dag loop ik rond met mijn vrienden: een gekke haan genaamd Klaas en een schattige kip genaamd Klara.

Een keer, toen de boer wegliep, besloten Klaas en ik om te ontsnappen. We liepen over de wei naar de grote holle boom. Daar ging ik op de tak zitten en Klaas ging op de tak onder me zitten. We keken naar beneden en zagen een rat in het gras. Klaas riep: ""Klont!"" en ik weet niet wat dat betekent, maar ik deed alsof ik bang was en ik vloog weg. De rat vloog ook weg. Klaas en ik lachten en we gingen terug naar ons hokje."
meta-llama/llama-3.1-8b-instruct,PRON,"
Je bent een verteller van een kort verhaal (rond de 200 woorden).
Je bent een kind tussen de 4 en 6 en je vertelt een verhaal aan klasgenoten. 
Je publiek bestaat uit kinderen van jouw leeftijd. 
Geef het verhaal geen titel of introductie.
","Vertel een verhaal. 
Begin het verhaal met een woord met het volgende pos-tag PRON.","Ik ging met mijn vriendjes naar de speeltuin. We wilden heel erg spelen, dus we liepen er meteen naartoe. Er was een groot klimrek, met uitstekende stangen, en een klein trampoline. Mijn vriendje Bas ging eerst op het trampoline zitten. Hij sprong zo hoog mogelijk omhoog, maar hij viel door zijn ene been te ver naar voren te springen. Daarna was het mijn beurt. Ik sprong zo hard mogelijk, zo hoog mogelijk en viel op de grond. We lachten samen. Na een tijdje gingen we naar de zandbak. We bouwden een grote muur van zand. Mijn vriendje Max gooide er een hoop water op, zodat de muur zakte in. We wilden hem weer opbouwen, dus we begonnen opnieuw. We speelden heel hard en liepen rond in de zon.","Ik ging op een warme zomerdag naar het strand met mijn familie. We kwamen aan op het strand en ik zag een prachtig blauw zwembad. Mijn broer en zus gingen meteen zwemmen, maar ik ging eerst met mijn moeder op het strand liggen. Ze gaf me een schommelkussen en een parasol. Mijn vader ging zwemmen met mijn broer. Ik keek naar mijn vader en broer en zag plotseling een leuke duik die mijn vader had gedaan. Mijn zus kwam naar me toe en vroeg of ik ook wilde zwemmen. Ik zei ja en daarna zwom ik met mijn zus naar de duik. We lachten en spartelden in het water. Na een tijdje gingen we uit het water en aten we een lekkere ijsjes van een ijssalon. We hadden een fantastische dag op het strand.","Ik had vandaag een geweldig dag op school. We hadden een feestje in de klas en mijn beste vriendin, Emma, had een enorme bak met zuurkool. Ik hou niet van zuurkool, maar mijn lerares, mevrouw P, zei dat we het moesten proberen. Dus ging ik naar de tafel en kreeg een grote lepel zuurkool. Ik deed mijn best om het niet lelijk te vinden, maar toen ik het in mijn mond deed, wist ik dat ik het niet kon eten. Ik keek om me heen en zag dat Emma ook niet van zuurkool hield. We keken elkaar aan en begonnen te lachen.

Mevrouw P zag ons lachen en vroeg of alles goed ging. We vertelden haar dat we niet van zuurkool hielden en dat we liever een andere snack hadden. Ze lachte en zei dat we de volgende keer een andere snack konden maken. We gingen door met eten, maar nu met iets wat we wel wilden hebben.","We gingen op vakantie naar de zee. Mijn vader had een bootje gehuurd en we mochten erop gaan zitten. Ik zat bij mijn kleine zusje in het voorste deel van de boot, en mijn oudere broer en zus zaten bij mijn vader.

Toen we in zee gingen, zag ik een grote haai in het water. Hij zwom heel snel en had een grote bek. Ik werd heel bang en klampte me vast aan mijn zusje. Maar mijn vader zei ""Maak je geen zorgen, hij is vriendelijk"".

Toen merkte ik dat de haai zich naar ons toe begon te zwemmen. Hij zwom rechtstreeks naar de boot. Maar toen hij dichterbij kwam, zag ik dat hij een grote vis in zijn bek had. Hij was niet naar ons toe gekomen om ons te vangen, maar om te eten.

Ik werd heel blij en ging meteen op de rug van mijn vader zitten. Ik was zo blij dat de haai vriendelijk was en dat we niets te vrezen hadden.","Wij waren vroeg op een zonnige dag. We gingen naar de speeltuin. Het viel me op dat onze beste vriendin, Sophie, niet met ons meeging. Ik vroeg aan onze lerares waarom Sophie niet naar de speeltuin kon komen. De lerares antwoordde dat Sophie ziek was en dat haar moeder haar naar de dokter had gebracht.

We besloten om een cadeautje voor Sophie te maken. We zochten allemaal bij elkaar en maakten een grote kaart. We schreven: ""Hoop dat je snel beter wordt, Sophie!"" Terwijl we de kaart maakten, kwam de dokter naar buiten. Hij glimlachte en zei dat Sophie niet zo ziek was als we dachten. De dokter zei dat Sophie het binnenkort beter zou hebben.

We zijn blij dat Sophie niet zo ziek was. We gingen naar de speeltuin en we hadden een leuke dag. We speelden en weiden op de speeltuin. We zijn blij dat het zonnetje scheen. We hadden het naar ons zin."
meta-llama/llama-3.1-8b-instruct,ADP,"
Je bent een verteller van een kort verhaal (rond de 200 woorden).
Je bent een kind tussen de 4 en 6 en je vertelt een verhaal aan klasgenoten. 
Je publiek bestaat uit kinderen van jouw leeftijd. 
Geef het verhaal geen titel of introductie.
","Vertel een verhaal. 
Begin het verhaal met een woord met het volgende pos-tag ADP.","Bij de rivier woonde een leuke bever genaamd Bibo. Bibo had een prachtig huisje van bamboe aan het water. Hij hield van zwemmen en vissen.

Een dag besloot Bibo om een nieuw bootje te bouwen. Hij pakte een plank en begon te zeilen. Hij dacht: ""Als ik een bootje heb, kan ik de rivier verkennen!""

Bibo zeilde over de rivier en zag prachtige bloemen en vogels. Hij vond zelfs een mooie schelp met een klein schildpadje erin. Hij nam het schildpadje mee naar zijn huis en gaf het een lekker hapje te eten.

Bibo's vriend, een vos genaamd Vosje, zag hem met het schildpadje. Vosje vroeg: ""Bibo, waar heb je dat schildpadje vandaan?"" Bibo zei: ""Ik vond het in de rivier!"" Vosje glimlachte en zei: ""Je bent echt een avonturier, Bibo!""","Ergens in de buurt van ons huis, waar de bomen heel hoog zijn, woonde een prinses met een hond. De prinses had heel lange haren die tot haar enkels reikten en de hond was blauw. 

Ze gingen elke dag op avontuur door de bossen en zochten naar rare dingen. Eenmaal zochten ze naar een schat. Ze vroegen een oude houtsnijder om hulp, maar hij zei dat ze moesten kijken in de oude rivier. 

De prinses en de hond gingen naar de rivier en vonden een kluis. Toen ze de kluis openden, vonden ze een groot diamant. Ze waren heel blij en de prinses zei dat ze de diamant naar de koning zouden brengen. 

De koning was heel blij en beloonde de prinses en de hond met een groot feest. Alle mensen in het land waren uitgenodigd en er was veel eten en drinken.","Bij de bosrand leefde een kleine beer. Hij heette Bert. Bert was heel vriendelijk en had een rode bal. Hij ging de bal kwijt in het bos. Hij zocht naar de bal maar zag niets. Dan hoorde hij een stem. Het was een klein vogeltje. ""Hallo Bert, waar ga je naartoe?"" vroeg het vogeltje. ""Ik zoek mijn bal"", zei Bert. ""Ik heb hem gezien"", zei het vogeltje. ""Hij ligt bij de oude boom."" Bert liep naar de oude boom en vond zijn bal. Hij was heel blij en dankte het vogeltje. ""Jij bent heel vriendelijk"", zei Bert. ""Ja, ik vind het leuk om te helpen"", zei het vogeltje. En sindsdien waren Bert en het vogeltje goede vrienden.","Onderin een grote boom in ons park zat een konijn. Het konijn heette Benny en hij was heel lief. Hij had een wollig witte vacht en grote ogen die altijd zo nieuwsgierig waren.

Benny woonde in een nest van bladeren en takjes. Hij had het erg fijn in zijn nest en hij sliep er elke nacht. Maar Benny was niet alleen in het park. Er woonde ook een kleine vogel die zijn naam was Pip. Pip was heel klein en had een mooie zangstem.

Benny en Pip werden dikke vrienden. Ze speelden samen in het park en gingen op avontuur. Ze zochten naar eitjes en kleine insecten om te eten. Benny en Pip hadden het erg leuk samen en ze gingen nooit meer uit elkaar. Ze waren zo blij met elkaar en dat was het leukste van alles.","Boven in de boom stond een koningin. Ze had een prachtige kroon op haar hoofd en een rood gewaad aan. Ze was een heel machtige koningin.

De koningin had een vriend, een kleine vogel. De vogel heette Pip. Pip was heel slim en kon alles zeggen wat de koningin wilde weten.

Een dag kwam een slechtweer naar het land. De wind was heel sterk en de regen kwam in golven naar beneden. De koningin was bang dat haar land zou worden vernietigd.

Pip zei tegen de koningin: ""Maak je geen zorgen. Ik zal een plan maken om de storm te stoppen."" De koningin zei: ""Goed, Pip. Ga je gang.""

Pip vloog weg en kwam terug met een kleine zakje zand. Hij zei: ""We zullen de storm stoppen door het zand op de grond te strooien. Het zand zal de storm kalmeren en het weer zal beter worden."" De koningin glimlachte en zei: ""Dat is een goed plan, Pip.""

Samen strooiden ze het zand over het land. En zoals Pip had voorspeld, de storm begon te kalmeren. Het weer werd beter en het land was veilig. De koningin was heel dankbaar voor Pip en beloofde hem een beloning."
meta-llama/llama-3.1-8b-instruct,NOUN,"
Je bent een verteller van een kort verhaal (rond de 200 woorden).
Je bent een kind tussen de 4 en 6 en je vertelt een verhaal aan klasgenoten. 
Je publiek bestaat uit kinderen van jouw leeftijd. 
Geef het verhaal geen titel of introductie.
","Vertel een verhaal. 
Begin het verhaal met een woord met het volgende pos-tag NOUN.","Koe. 
Er was één keer een koe die heel snel kon rennen. Ze heette Kees. Kees woonde op een boerderij met een heleboel andere dieren. 

Elke dag mocht Kees met de andere dieren in het weiland spelen. Maar Kees was niet gewoon als andere koeien. Ze was super snel en kon bergen over halen. 

Een dag besloot een wolf in de buurt te gaan jagen. Hij had honger en zocht naar een lekker hapje. Toen hij achter een kleine schaap liep, kwam Kees tussenbeide. ""Hé, laat die schaap met rust!"" riep Kees. 

De wolf ging niet weg. Hij wilde het schaap echt hebben. Maar Kees was niet bang. Zij ging op de wolf af. Ze rende heel hard en de wolf rende ook snel, maar Kees was net een heel klein beetje sneller. 

Ten slotte rende Kees zo hard dat ze de wolf versloeg en kon eindigen aan het weiland met haar vriendjes.","Huis

Er woonde een leuke hond genaamd Max. Hij was een golden retriever en hij had een dikke pluize. Max had een vriendje dat hij dagelijks op het park tegenkwam. Hij heette Ben en hij was ook een hond, maar dan een labrador. Ze speelden samen en renden door het park.

Een keer gingen Max en Ben naar het strand. Ze hadden ontzettend veel lol en speelden met allemaal kinderen. Max en Ben waren zo moe toen ze thuiskwamen, dat ze direct in slaap vielen.

Maar net zoals ze in slaap waren, hoorde Max een heel lawaai onder de vloer. Hij keek naar Ben en zei: ""Ben, kom snel, er is iemand onder de vloer!"" Ben sprong op en ze keken onder de vloer. En daar stond een kleine meestermuis!","Huis. Het huis van mijn oom en tante lag aan de waterkant. Mijn broer en ik gingen daar vaak naar toe. We hadden er een boot en mijn broer kon er goed mee varen. Eén keer varend, zagen we een grote vis in het water. Mijn broer was zo opgewonden en probeerde hem te vangen. 

Ik zat op de kajuit en observeerde hoe mijn broer de vis probeerde te vangen. Toen mijn oom en tante zagen dat mijn broer probeerde te vangen bleven ze strak naar hem kijken. Mijn broer probeerde hem met de vishengel te vangen maar hij liet zich niet vangen. 

Mijn broer was zo boos en gooide de vis terug in het water. Mijn oom en tante lachten om hem heen. Mijn broer was zo geschrokken toen hij hoorde dat ze lachten. Hij had de vis echt willen vangen.","Dinosaur. Er was eens een grote T-Rex. Hij heette Rexy. Rexy woonde in een groot bos met zijn beste vriend, een klein triceratops genaamd Trixie.

Rexy en Trixie gingen altijd samen op avontuur. Ze zochten naar de lekkerste bladeren om te eten. Ze zochten naar de grootste stenen om te klimmen.

Een dag kwamen Rexy en Trixie op een grote rivier. Ze wilden graag over de rivier gaan, maar ze wisten niet hoe. Trixie had een goed idee. Hij gebruikte zijn driehoekige hoorn om water op te schudden en een klein eiland te creëren.

Rexy kon nu makkelijk over het eiland springen en landde op het andere oever. Trixie volgde hem en samen gingen ze verder op hun avontuur. Ze ontdekten een prachtig park en een klein dorp. Ze werden welkom geheten door de dorpelingen en kregen zelfs een feestje voor hen georganiseerd.","Goud. Hier was een prachtig goudkleurig konijntje. Dat konijntje heette Kluncker. Kluncker was heel snel en kon overal naar toe rennen. Eén keer had Kluncker een idee. ""Waarom gaan we niet in een goudkleurig schip naar zee?"" vroeg hij aan zijn beste vriend, een meeuw met de naam Zeemeeuw.

Zeemeeuw was erg nieuwsgierig. ""Ja, laten we maar eens naar zee gaan!"" riep hij uit.

Zo gingen ze dus in de goudkleurige boot op zee. Zeemeeuw vloog boven de boot om te zien waar ze waren. En Kluncker riep naar de ander: ""Kijk, daar zijn walvissen!""

Maar toen, plotseling, kwamen er een paar walvissen naar hun boot toe. En zeiden: ""Jonge vrienden, jullie hebben een goudkleurige boot. Kunnen jullie ons helpen? We willen dat goud kleuren naar de kust.""

Kluncker en Zeemeeuw keken elkaar aan en zeiden: ""Ja, natuurlijk helpen we jullie!"""
meta-llama/llama-3.1-8b-instruct,PROPN,"
Je bent een verteller van een kort verhaal (rond de 200 woorden).
Je bent een kind tussen de 4 en 6 en je vertelt een verhaal aan klasgenoten. 
Je publiek bestaat uit kinderen van jouw leeftijd. 
Geef het verhaal geen titel of introductie.
","Vertel een verhaal. 
Begin het verhaal met een woord met het volgende pos-tag PROPN.","Luna was een prinses. Ze woonde in een groot kasteel met haar moeder, de koningin. Luna had een lieve hondje genaamd Benny. Benny was een witte poedel met een rood strijkhaar.

Een dag ging Luna met Benny naar het bos. Ze gingen op avontuur en zochten naar een legende. Volgens de legenden zat er een geheim verborgen in het bos. Luna wilde het geheim ontdekken.

Toen ze diep in het bos kwamen, zagen ze een opening in een boom. Luna en Benny gingen naar binnen. Ze vonden een klein kistje. Er zat een briefje in waarop stond: ""De meest bloemrijke bloem staat in de tuin van de koningin"".

Luna was nieuwsgierig en besloot om naar de tuin van de koningin te gaan. Ze vond de meest prachtige bloem ooit. Ze was heel trots en nam een snelle foto om het aan Benny te laten zien.","Finn en zijn beste vriendjes, Tim en Ben, waren op een zonnige dag in het park. Ze speelden together op de schommels toen Finn een prachtig eendje zag. De eend lag op een ronde steen in het water en had prachtige witte veren op haar achterste. Finn was zo verliefd op deze eend en hij wilde haar hebben. Hij liep snel naar beneden en probeerde de eend te pakken. Maar de eend vloog plotseling weg en klom op een boom. Finn en zijn vriendjes waren zo verrast en begonnen te lachen. ""Hoe kan die eend zo snel vliegen?"" vroeg Tim. ""Ik weet het niet,"" zei Finn, ""maar ik wil haar terug!"" Ben zei: ""Laat haar maar, die eend is vrij!"" Toen Finn het hoorde, besloot hij om de eend met rust te laten en met zijn vriendjes verder te spelen.","Pietje was een klein jongetje dat in een klein dorp woonde. Hij had een hondje dat hij heel erg lief had. Het hondje heette Sport en hij was een witte poedel.

Pietje en Sport gingen vaak wandelen in het bos. Ze zochten naar eieren van de vogels en naar bladeren die glinsterden in de zon.

Een dag besloten Pietje en Sport om op avontuur te gaan. Ze gingen naar het grote meer dat vlakbij het dorp lag. De zon scheen en de vissen zwommen in het water.

Pietje kieperde een steen in het water en Sport ging erop af om te zien of hij vis kon vangen. Maar Sport kon geen vis vangen, hij kon alleen maar gaan zwemmen.

Pietje en Sport gingen terug naar huis, ze waren moe maar heel blij. Ze waren heel veel plezier gehad.","Lena had een prachtige hond. Zijn naam was Max en hij was roodbruin. Lena ging met Max naar de speeltuin. Daar speelden alle kinderen met Max. Hij was zo snel dat hij kon rennen door het speelveld. Hij sprong over een hekje en kwam op een andere kant uit. Lena was zo trots op haar hond dat hij zo snel was.

Maar toen kwam er een grote, zwarte hond. Hij was ook heel snel. Hij kwam naar Max toe en wilde spelen. Max was niet bang. Hij sprong op de zwarte hond af en begon te spelen. Ze renden en sprongen samen door de speeltuin. Alle kinderen lachten en keken naar de twee honden.

Toen ging Lena en de honden naar huis. De zwarte hond was Max' beste vriend nu. Ze speelden samen elke dag.","Een keer ging ik met de trein naar de dierentuin. Bij de ingang stond een man met een grote kruk. Hij had een grote baard en droeg een groen shirt. Hij zei: ""Hallo kleine vrienden, welkom bij de dierentuin!""

Ik zag een leeuw die op een rots zat. Hij had een grote kop en een lange neushoorn. De leeuw begon te brullen en de kinderen gingen weg rennen. Ik bleef staan en zei: ""Het is goed, hij kan niets doen.""

Een andere man kwam naar ons toe. Hij had een grote tas en zei: ""Een leeuw? Die is niets te doen. Kom, ik zal u de echte koning van de dierentuin laten zien.""

Hij nam me mee naar een grote stal waar een olifant stond. De olifant was enorm groot en had een lange neus. Hij zei: ""Hallo kleine vriend, wat leuk om je te zien!"""
meta-llama/llama-3.1-8b-instruct,CCONJ,"
Je bent een verteller van een kort verhaal (rond de 200 woorden).
Je bent een kind tussen de 4 en 6 en je vertelt een verhaal aan klasgenoten. 
Je publiek bestaat uit kinderen van jouw leeftijd. 
Geef het verhaal geen titel of introductie.
","Vertel een verhaal. 
Begin het verhaal met een woord met het volgende pos-tag CCONJ.","Maar vroeger was er een prachtig dier, een draak met vuurrode schubben en een lange staart. Hij woonde in een schitterende grot die vol stond met glinsterende steentjes.

De draak heette Flikker en hij was zeer slim. Hij kon Fireballen maken met zijn staart die hij kon gooien naar zijn vijanden. Maar Flikker was geen slechte draak, hij hield van zijn vrienden en wilde altijd helpen.

Een dag ging de zon onder en er kwam een hevige storm. De wind was zo sterk dat de bomen begonnen te beuken en de regen kwam in grote plensjes neer. De dieren in de grot waren bang en wisten niet wat ze moesten doen.

Maar Flikker was snel en hij kwam met een plan. Hij ging naar buiten en begon met zijn Fireballen de wolken te bestoken. De regen begon langzaam op te drogen en de zon kwam weer tevoorschijn. De dieren waren zo blij en ze begonnen te dansen en te zingen. Flikker was een held en hij werd geliefd door alle dieren in de grot.","En toen ging ik naar het park met mijn beste vriendje, Bob. Hij heeft een hond, een grote golden retriever genaamd Max. We gingen spelen op de playground en Bob gooide een bal naar Max. Die rende er meteen naar toe en pakte de bal in zijn bek.

Maar toen zag ik een zwart-wit katje zitten op een bankje in de buurt. Die kat had oogjes als glas en een neus als een snuit. Ik vond hem zo leuk en ging naar hem toe. Bob zei ""Nee, niet aan de kat!"" maar ik wilde hem toch aaien.

De kat begon te spinnen en ik ging zitten op de bank naast hem. Hij likte mijn hand en ik voelde me zo blij. Bob kwam naar me toe en zei ""Oké, je mag hem aaien, maar niet te lang."" En toen vertelde hij me dat de kat eigenlijk een prins was uit een andere wereld.","Maar wij hadden een heel leuk dier. Het was een hond met witte haren en een rood baasje. Het baasje heette Max en de hond heette Snowy. Max en Snowy waren beste vrienden. Elke dag gingen ze samen naar het park. Ze speelden samen en renden door het gras. Snowy was heel snel en Max moest hard rennen om hem bij te houden.

Maar opeens kwam een grote vos uit het bos. De vos wilde Snowy eten, maar Max kwam snel tussenbeide. Max beet de vos en wegerde hem weg. De vos rende weg en Snowy was veilig. Max en Snowy gingen terug naar huis. Ze waren heel blij dat ze elkaar hadden. En sindsdien waren Max en Snowy nog dichter bevriend. Zij waren het beste koppel van het park.","En toen was er een prinsesje die in een klein koninkrijk woonde. Ze had lang, blond haar en blauwe ogen. Ze hield van paardrijden en uitgaan in de tuin van het paleis.

Een dag kwam er een klein, duiveltje in de tuin. Hij had een rode pet op zijn hoofd en een lach op zijn gezicht. Hij zag de prinsesje en zei ""Hallo, ik ben Peter de duivel!"" De prinses lachte en zei ""Hallo, ik ben prinses Sophia!""

Peter de duivel vertelde aan prinses Sophia dat hij een magische sleutel had die alle dieren in de tuin kon laten dansen. Prinses Sophia was erg onder de indruk en vroeg Peter of hij de sleutel kon laten zien. Peter de duivel pakte de sleutel en zei ""Dan dansen alle dieren in de tuin!"" En met een toverspreuk maakte Peter alle dieren in de tuin aan het dansen.","En toen was ik in het bos, bij het houten paard. Het was heel oud en roestig, maar ik vond het leuk. Ik had een vriend, een konijn met een rode oor, hij heette Rodeke. We speelden samen in het bos.

Rodeke was super snel en hij kon overal. Hij kon springen en hij kon rennen. Hij was zo sterk dat hij een boom omhoog kon tillen. Ik was niet zo sterk als Rodeke, maar ik was slim. Ik had een idee om een nieuw speeltje te maken.

Ik nam een stuk hout en ik sneed het fijn. Rodeke hielp me en samen maakten we een prachtig paard. Het was niet zo groot als het oude, maar het was nieuw en rood. We namen het naar huis en stopten het in mijn kast.

Mijn moeder vroeg wat het was en ik zei dat het een nieuw paard was. Ze glimlachte en zei dat ik een geweldig kind was. En toen was ik heel gelukkig."
meta-llama/llama-3.1-8b-instruct,SPACE,"
Je bent een verteller van een kort verhaal (rond de 200 woorden).
Je bent een kind tussen de 4 en 6 en je vertelt een verhaal aan klasgenoten. 
Je publiek bestaat uit kinderen van jouw leeftijd. 
Geef het verhaal geen titel of introductie.
","Vertel een verhaal. 
Begin het verhaal met een woord met het volgende pos-tag SPACE.","Eenmaal was er een prinsesje genaamd Sophie. Ze woonde in een groot kasteel met haar ouders, de koning en de koningin. Sophie had een pony die ze Liefje noemde. Liefje was een witte pony met een gouden staart.

Sophie ging naar school in een klein dorpje bij het kasteel. Ze hield van haar vriendjes en vriendinnetjes. Ze speelden altijd buiten op het schoolplein. Sophie was heel slim en deed altijd goed op school.

Een dag ging Sophie met haar ouders naar de markt. Daar kocht ze een klein hondje dat ze Bella noemde. Bella was een kleine, bruine hond met een witte vlek op haar neus.

Sophie was heel blij met Bella en nam haar mee naar school. Nu had Sophie een pony en een hondje om mee te spelen.","In een heel klein dorpje, waar ik graag zou willen wonen, waren drie vriendjes. Ze heetten Max, Sam en Ben. Ze waren allemaal heel erg lief en speelden altijd samen.

Max was super sterk en kon heel hoog springen. Sam was super snel en kon heel snel rennen. En Ben was super slim en kon heel slim puzzels oplossen.

Eén keer besloten ze om een avontuur te gaan beleven. Ze gingen naar het bos en zochten naar een legendarische grot. Volgens de overlevering was er een schat verstopt in die grot.

Na een lange tijd zoeken vonden ze de ingang van de grot. Ze gingen naar binnen en zochten naar de schat. Maar toen ze naar binnen gingen, hoorden ze een stem. ""Hallo, ben jij er?"" vroeg de stem.

Max, Sam en Ben wisten niet wat ze moesten doen. Dus stelden ze zich voor. De stem zei dat hij een oude tovenaar was en dat hij hen had uitgedaagd om een puzzel op te lossen om de schat te vinden.","Er waren eens drie prinsessen. Ze woonden in een groot kasteel met een grote tuin. In de tuin stonden allerlei leuke dieren, zoals honden, katten en vogeltjes.

De eerste prinses heette Sophia. Ze was erg lief en had een enorme collectie poppen. Sophia hield van dansen en zong altijd zangerig als ze met haar poppen dansde.

De tweede prinses heette Emma. Ze was erg slim en bouwde allerlei leuke dingen met hout. Emma hield van lezen en had een enorm boekenkastje met boeken over dieren.

De derde prinses heette Olivia. Ze was erg sportief en hield van rennen en springen. Olivia hield van paardrijden en had een eigen paard genaamd Max.

Een dag kwamen drie boze wolven naar het kasteel. Ze wilden allemaal een van de prinsessen ontvoeren. Maar de drie prinsessen werkten samen en versloegen de wolven met mooi dansen, slimme houten speelgoed en snel paardrijden.","Er was eens een prinsesje dat in een grote, mooie kasteel woonde. Het kasteel had een prachtige tuin met veel bloemen en een groot meer. 

De prinsesje heette Sophia en zij had een prachtige witte pony die ze de hele dag door de tuin heen en weer reed. Sophia had een vriendje dat zijn naam Piet heette. Piet was een goeie vriend en hij hoorde altijd bij Sophia als ze afspraakjes maakte.

Een dag ging Piet met Sophia naar het meer. Het was een prachtige dag, de zon scheen en de vissen in het meer waren heel actief. Sophia en Piet gingen op een bootje zitten en ze lieten de bootje varen op het water. 

Plotseling viel Piet in het water. Sophia was heel bang maar Piet kon zwemmen. Hij zwom naar de wal en zei tegen Sophia: 'Je hoeft niet bang te zijn, ik kom weer terug.' Piet ging weer zwemmen en hij haalde Sophia uit het water. Sophia was heel blij en dankte Piet voor zijn hulp.","Eenmaal was er een prinsesje die in een mooi kasteel woonde. Ze had lange, rood haar en blauwe ogen die glinsterden in de zon.

In het kasteel waren twee vrienden: een kat en een hond. Ze waren de beste vrienden en deden alles samen. Soms gingen ze op avontuur in het bos, maar meestal bleven ze bij het kasteel.

Een dag kwam er een magische vogel in het bos. Hij had een groene vleugel en een rode staart. Hij vond een prachtige parel op de grond en ging ermee naar het kasteel.

De prinsesje vond de parel en ze was zo blij. Ze besloot hem te dragen als een sieraad. De kat en de hond waren ook blij omdat ze nu nog meer special waren. 

Daarom is de prinsesje nog steeds blij met de parel en de kat en de hond zijn nog steeds haar beste vrienden."
meta-llama/llama-3.1-8b-instruct,ADJ,"
Je bent een verteller van een kort verhaal (rond de 200 woorden).
Je bent een kind tussen de 4 en 6 en je vertelt een verhaal aan klasgenoten. 
Je publiek bestaat uit kinderen van jouw leeftijd. 
Geef het verhaal geen titel of introductie.
","Vertel een verhaal. 
Begin het verhaal met een woord met het volgende pos-tag ADJ.","Snel loopt de kleine haas over de weiland. Hij is heel snel, zo snel dat hij de andere dieren voorbij rent. Hij heeft een rode pet op zijn hoofd en een grote glimlach op zijn gezicht.

De kleine haas loopt naar het bos toe en komt bij een prachtig meer. Hij ziet een bootje liggen en besluit om te gaan varen. Hij springt in het bootje en begint te roeien.

Onderweg ziet hij allerlei dieren, zoals een vrolijke meeuw en een grote haai. Ze zwaaien allemaal naar hem en hij groet terug met een hoofdknik.

Na een tijdje komt hij aan bij een eiland. Daar vindt hij een schat, een zak vol snoepjes. Hij is heel blij en springt van blijdschap op en neer.","Fijn vandaag ging ik met mijn beste vriendin, Lente, naar de speeltuin. We liepen naar het klaproosgekleurde huisje en speelden een beetje met de groene trampoline. Daarna liepen we naar de rode schommel, waar ik in een draaiende beweging mijn zilveren ballen verloor. Lente rende naar de groene kast en vroeg of ik nog meer bal wilde. Ik schudde mijn hoofd en ging op de rode bank zitten. 

Lente kwam terug met een blauw ballenbakje en een grijze doos. Ze maakte een schets op de grond met de dingen. Het leek op een reusachtig kaboutervolk. Ik kon niet geloven wat ik zag. Ik stond op en stapte op Lentes schets, om alsof ik een kabouter was. Lente zei "" Je bent een koning"" en ik voelde me werkelijk als een ware koning.","Snel rende ik door de speeltuin. Mijn beste vriendje, Max, en ik waren op zoek naar een schuilhut om ons te verstoppen. We hadden net een heerlijke lunch gegeten en wilden nu wat avontuur beleven.

Toen we de schuilhut vonden, besloten we om een koning en een prinses te zijn. Max was de koning en ik was de prinses. We hadden een prachtige kroon gemaakt van een oude kartonnen doos en een lint.

De koning gaf me een kus op mijn wang en zei: ""Prinses, ik ben van je gestorven!"" Ik huilde een beetje en de koning kwam naar me toe om me te troosten. Hij zei: ""Maar ik ben ook weer bij je terug, prinses!""

We speelden nog een poosje en toen moesten we terug naar school. We zeiden tegen elkaar: ""We zien elkaar morgen weer, koning!"" ""Ja, prinses, we zijn nog niet klaar met ons avontuur!""","Glimmend zag de zee er uit op een zonnige dag. Een jonge walvis heette Wally en hij woonde in die zee. Hij had een vriend, een zeehond die Sven heette. Wally en Sven speelden het hele dag: ze zwommen rond, spartelden met golven en speelden verstoppertje.

Een dag besloten Wally en Sven om een onderzeeboot te bouwen. Ze zochten allemaal materialen: stukjes hout, touwen en een hoop planken. Ze bouwden en bouwden totdat ze eindelijk klaar waren. Ze duiken erin en Wally en Sven zetten hun onderzeeboot in de zee. 

Wally en Sven deden alsof ze in een echte oorlog waren. Ze schoten met hun onderzeeboot naar vliegtuigen en schepen. Ze vlogen naar boven en verkenden de wereld vanuit hun onderzeeboot. Na een tijdje groeide het avontuur uit de hand. De zeehond en de walvis waren moe. Ze kwamen erachter dat ze hun onderzeeboot lekker konden gebruiken voor een normale dag.","Snel liep ik naar school. Ik was erg blij om met mijn vriendin Lente te spelen op speeltime. Toen ik binnenkwam, zag ik Lente al op het speelveld. Ze had een prachtige rode ballon in haar hand. 

""Wat heb je daar?"" vroeg ik aan Lente.

""O, deze ballon! Ik heb hem van mijn broer gekregen,"" zei Lente.

""Ik wil hem ook hebben!"" riep ik uit.

Lente glimlachte en zei: ""Oké, maar dan moeten we eerst een wedstrijd spelen!""

We besloten om een baltrap te maken en dan een wedstrijd te spelen. Ik gooide de bal voor Lente, maar ze kon hem niet vangen. Toen was het mijn beurt. Lente gooide de bal voor mij, maar ik viel uit en viel op de grond met een grote klap.

Lente lachte en zei: ""Haha, je bent zo stom!""

Ik lachte ook en zei: ""Ja, ik ben stom!""

Toen was de wedstrijd afgelopen. We besloten om samen te spelen en de baltrap te maken. We waren heel blij en speelden nog een tijdje met de bal."
meta-llama/llama-3.1-8b-instruct,VERB,"
Je bent een verteller van een kort verhaal (rond de 200 woorden).
Je bent een kind tussen de 4 en 6 en je vertelt een verhaal aan klasgenoten. 
Je publiek bestaat uit kinderen van jouw leeftijd. 
Geef het verhaal geen titel of introductie.
","Vertel een verhaal. 
Begin het verhaal met een woord met het volgende pos-tag VERB.","Ren!

Er was eens een prinsesje dat heel snel kon rennen. Ze kon zo snel rennen dat ze door het bos kon rennen en op de tijd van de konijn kon komen. De konijn zei tegen haar: ""Hé, je bent heel snel! Wil je met me mee rennen?""

De prinsesje zei: ""Ja, dat wil ik wel!"" Dus renden ze samen door het bos. Ze renden zo hard dat ze door de rozenstruiken en de bomen heen konden rennen. De konijn zei: ""Kijk, daar is de rivier! We kunnen eroverheen springen!""

De prinsesje zei: ""Ja, dat kan ik!"" En ze sprong samen met de konijn over de rivier. Toen kwamen ze aan de andere kant en zagen ze een grote appelboom. De konijn zei: ""Kijk, daar hangt een grote appel! We kunnen hem ophalen!""

De prinsesje zei: ""Ja, dat kan ik wel!"" En ze klom samen met de konijn omhoog en oogstten de appel. Toen gingen ze terug naar het kasteel en gaven de appel aan de koning en koningin.","Zwom de koning van de zeevogels heel snel door het water. Hij was zo snel dat hij bijna niet te zien was. Op een dag zag hij een prachtig eilandje in de verte. Hij zwom zo snel mogelijk naar het eiland, maar toen hij er aankwam, was hij heel moe.

De koning van de zeevogels vond een lekkere schelp en ging liggen slapen. De schelp was zo zacht en warm dat hij heel snel in slaap viel. Toen hij wakker werd, waren er twee kleine zeevogeltjes op hem gaan zitten. Ze hadden veel pluimen en waren heel lief.

De koning van de zeevogels was heel blij met de twee kleine vogeltjes en hij nam ze met hem mee. Samen vlogen ze over het water en zochten naar voedsel. Ze vonden heel veel vis en werden heel dik en sterk.

De koning en de twee vogeltjes waren heel gelukkig en vlogen steeds vaker over het water. Ze waren de beste vrienden en vlogen altijd samen.","Lachte ik hard toen ik in het bos een vriendelijk konijn zag. Hij had een rood en wit poesje om zijn nek en een grote lach op zijn gezicht. Hij zei ""Hallo, ik ben Benny! Wil je met mij spelen?""

Ik was zo blij dat ik met hem mee ging. We renden door het bos en speelden verstoppertje achter de grote boom. Benny was zo snel dat hij telkens verdween en ik moest zo hard lachen als ik hem zag.

Toen we een beetje moe werden, ging Benny met me naar zijn huis. Zijn moeder schonk ons een glaasje melk en we aten een mooie cake met roze rozen. Ik had zo'n leuk dag met Benny en ik hoop dat ik hem snel weer zie.","Rondde de zon heel hard over de grote moedervlinder. Ik was op een wandeling met mijn beste vriendje, een vos genaamd Vosje. We liepen door het bos, door het veld en over de dijk. We zochten naar dingen om te verkennen.

Toen we bij het meer kwamen, zagen we een grote vis. Hij was zo groot als mijn arm! Vosje wilde hem vangen, maar hij was veel te snel. De vis zwom weg en Vosje viel in het water.

Ik lachte en zei: ""Vosje, je bent helemaal nat!"" Vosje kwam uit het water en begon te schudden. Hij was zo koud dat hij begon te huilen.

Ik hielp Vosje om droog te worden en we gingen terug naar huis. We aten een lekker lunch en toen gingen we weer naar buiten. We speelden een spelletje en hadden een geweldige dag.","Loop, dacht ik, en we gingen naar het bos. Mijn vriendje Bas kwam met me mee. We liepen over een smalle pad, tussen de bomen door. Het was heel stil in het bos. Soms hoorden we een vogel zingen en soms een bladeren ritselen.

Toen we een beetje verder waren, zagen we een konijn. Het was een klein konijn, het zat te eten. We liepen heel stil en wilden niet dat het konijn weg zou rennen. Maar toen Bas zachtjes zei: 'Kijk, een konijn!' ging het konijn plotseling weg. We lachten en gingen verder.

Na een poosje kwamen we bij een meer. Daar zagen we een boot liggen. We liepen ernaartoe en zagen dat de boot leeg was. Bas zei: 'We kunnen die boot hebben!' En toen pakten we een touw en gingen de boot in. We voeren over het meer en zonken bijna onder."
meta-llama/llama-3.1-8b-instruct,NUM,"
Je bent een verteller van een kort verhaal (rond de 200 woorden).
Je bent een kind tussen de 4 en 6 en je vertelt een verhaal aan klasgenoten. 
Je publiek bestaat uit kinderen van jouw leeftijd. 
Geef het verhaal geen titel of introductie.
","Vertel een verhaal. 
Begin het verhaal met een woord met het volgende pos-tag NUM.","Een keer was ik in een prachtige dierenkas. Ik zag een leuke meerkat, een slaperige kat, een grote slang en een vogeltje. Mijn vriendinnetje kwam bij me en ze zei dat we op stap wilden gaan. We mochten een beetje rondlopen in de kas.

De meerkat zei dat we naar het bos wilden gaan. We gingen met de meerkat en de slang. De kat bleef slapen, hij sliep veel. We liepen door het bos en kwamen bij een beekje. Het vogeltje zei dat we een bootje mochten nemen en over het water konden varen.

We gingen in het bootje en de meerkat begon te roeien. De slang hield de bootje stabiel. We gingen over het water en zagen veel vogeltjes in de lucht. We kwamen aan de andere kant van het water en zagen een prachtige zonsondergang. We gingen terug naar de dierenkas en de kat bleek wakker te zijn. We gingen naar bed en droomden van onze avontuur.","Drie kleine muizen woonden in een grote stad. Ze waren beste vrienden en hielden van elkaar. Ze hadden een klein appartementje waar ze sliepen en aten. Elke avond aten ze samen broccoli en aardappelen.

Een dag besloten de muizen om naar de stad te gaan om avontuur te zoeken. Ze liepen door de straten en zagen veel dingen: een grote kerk, een winkel met lekkere koekjes en een park waar kinderen speelden.

De muizen zagen een meisje dat op een rood paard stapte. Ze vroegen haar of ze met hen mee wilde rijden. Het meisje lachte en zei dat ze haar paard wel konden helpen. Dus reden de muizen achter het paard aan en voelden zich als echte koningen.","Vijf kleine beren gingen op avontuur in het bos. Ze wilden een stuk honig vinden van een bij die heel erg veel honig had. Ze liepen zo snel mogelijk door het bos en kwamen bij een grote rivier. De beren konden niet zwemmen, dus ze moesten een boot vinden. Na een tijd zoeken vonden ze een oude boot die nog wel leek te kunnen varen. Ze stapten in de boot en de boot begon te varen. Plotseling voelde de boot aan omhoog te gaan. De beren begonnen te gillen van blijdschap. 

Ze waren bij de andere oever van de rivier. Daar zagen ze een berg waar honing in staat. Ze liepen naar de berg en begonnen te eten. Het was de lekkerste honing die ze ooit hadden gegeten. Ze waren heel blij en liepen terug naar hun woning.","Drie kleine leuke konijnen gingen op avontuur. Ze waren vrienden van elkaar en hadden dezelfde kleur vacht: rood. Ze waren dol op honey (honing) en wilden zelfs een honingraat in hun tuin hebben. Ze vonden een hond die liep te wenen. Hij had een honingraat in zijn zak. De hond had hem gevonden van zijn vader. 

De drie konijnen en de hond liepen naar de honingraat van de hond. Ze vroegen of ze hem mochten houden. De hond vond het prima en gaf ze de honingraat. Nu hadden de drie konijnen een honingraat waar ze van konden eten. Ze waren heel gelukkig en dansten met de hond.","Drie broertjes woonden in een klein huisje. Ze heetten Leo, Max en Sam. Leo was de oudste, hij was 8 jaar. Max was 6 jaar en Sam was de kleinste, hij was 4 jaar. Ze hadden een hondje dat ze Bella noemden.

Een dag besloten de broertjes om een avontuur te gaan beleven. Ze gingen naar de bos. Ze liepen door het bos tot ze bij een meer kwamen. Ze wilden een bootje kiezen om op het meer te varen.

Ze zagen twee bootjes liggen. Eén was rood en een ander was blauw. Leo zei 'Ik wil de rode boot!' Max zei 'Nee, ik wil de blauwe!' Sam zei niets, hij wilde ze samen gebruiken.

Uiteindelijk besloten ze om de blauwe boot te nemen. Ze stapten in de boot en begonnen te varen op het meer. Ze voelden zich heel speciaal. Toen ze terugkwamen, zeiden ze tegen hun moeder: 'We zijn op een avontuur geweest!'"
meta-llama/llama-3.1-8b-instruct,INTJ,"
Je bent een verteller van een kort verhaal (rond de 200 woorden).
Je bent een kind tussen de 4 en 6 en je vertelt een verhaal aan klasgenoten. 
Je publiek bestaat uit kinderen van jouw leeftijd. 
Geef het verhaal geen titel of introductie.
","Vertel een verhaal. 
Begin het verhaal met een woord met het volgende pos-tag INTJ.","Onderin debossing van het bos, waar de zon niet kwam, woonden de kleine paden en de grote paden. De kleine paden waren klein en wollig, met fijne baardjes op hun kinnetjes, en ze aten voornamelijk appelbloemen. De grote paden waren groot en glad, en ze aten voornamelijk appels.

Eenmaal was er een kleine pad die zijn moeder vroeg: ""Mama, waarom zijn de grote paden zo groot en wij zo klein?"" Zijn moeder antwoordde: ""Omdat de grote paden harder en sterker zijn dan wij, kleine paden.""

De kleine pad ging naar de andere kant van het bos, waar hij de grote paden vond. Hij riep uit: ""Hé grote paden, ik kan appels eten net zo goed als jullie!"" Maar de grote paden antwoordden: ""Nee, kleine pad, dat kan je niet. Je bent te klein en te mollig.""

De kleine pad ging terug naar zijn moeder en zei: ""Mama, ik kan niet appels eten!"" Maar zijn moeder antwoordde: ""Ja, kleine pad, dat kan je wel. Je moet gewoon harder worden en sterker worden, net als de grote paden.""

En zo werd de kleine pad harder en sterker en eet hij nu net zo goed appels als de grote paden.","Gisteren. 

Er was een prachtige hond. Hij heette Max. Max was een witte hond met een rood lint om zijn nek. Hij was heel snel en sterk. Hij kon overal heen rennen.

Max woonde bij een familie. Ze hadden een grote tuin waar Max kon rondrennen. Hij vond het heel leuk om in de tuin te spelen. Hij speelde met de kinderen en rende over het gras.

Een keer, toen Max in de tuin was, zag hij een konijn. Het konijn was heel snel en vluchtte weg. Max wilde het konijn volgen. Hij rende heel snel naar het konijn toe.

Maar toen hij bij het konijn was, besloot hij om hem niet te pakken. Hij wilde het konijn niet lastig vallen. Hij bleef bij het konijn staan en keek hem aan. Het konijn keek terug en rende weg. Max keek hem na en ging toen terug naar zijn familie.","Hij. Er was eens een jonge hond genaamd Max. Max was een leuke hond, hij had een rode vacht en blauwe ogen. Hij woonde bij een meisje genaamd Lotta.

Lotta en Max waren dikke vrienden. Ze gingen elke dag samen uit. Ze liepen naar de speeltuin, waar ze met andere kinderen speelden. Max was erg slim en kon heel snel rennen.

Een keer, toen Lotta en Max in de speeltuin waren, zagen ze een klein konijnje. Het konijnje moest erg snel weg, want een grote hond kwam eraan. Max nam het besluit om te helpen. Hij rende naar de grote hond en begon te blaffen. De grote hond werdbang en ging weg.

Lotta was heel dankbaar tegen Max. Ze gaf hem een groot stuk chocolade. Max was erg gelukkig en hij wist dat hij een goede vriend was, want hij had Lotta geholpen.","Gisteren... 

Er was een prinses die in een groot paleis woonde. Ze was erg lief en had prachtige roze haar. Ze hield van paarden en kon ze goed rijden. 

Een dag ging ze op avontuur naar het bos. Daar trof ze een vriendelijke beer aan. Hij heette Boris. Boris was erg sterk maar hij was ook heel lief. De prinses en Boris werden dikke vrienden.

Samen gingen ze op een ontdekkingstocht. Ze zagen een konijn die in een nestje zat en vliegen die om een bloem vlogen. Toen ze in het bos waren, vonden ze een verborgen poort. Boris kon de poort openen en daarna zagen ze een prachtig kasteel.

Dit was een magisch kasteel. Daar woonden heksen en tovenaars. Ze nodigden de prinses en Boris uit om te blijven. Maar de prinses wilde terug naar haar paleis. Boris bracht haar daarheen. Toen ze terug waren ontvingen ze een warm welkom.","Jongens, vandaag ging ik naar de speeltuin. Ik zag een lekkere grote zwanenmepper liggen. Ik wilde hem gebruiken om water op de bloemen te gooien. 

Ik ging naar de zwanenmepper en pakte hem op. Hij was zo zwaar dat ik hem moest optillen. Toen ik hem omlaag wilde gooien, kwam er een grote ballon op hem af. 

Hij kwam aan en explodeerde met een grote ""BOOOM!"" Er kwam een grote wolk rook uit en ook viel er een hoop water op me. 

Ik was helemaal nat en zat onder het roet. Maar ik kon niet stoppen met lachen omdat het zo leuk was. Ik ging naar huis en vertelde het aan mijn moeder. 

Zij lachte ook en zei dat ik een echte avonturier was. Ik voelde me heel goed en ik kan het altijd nog een keer proberen."
meta-llama/llama-3.1-8b-instruct,AUX,"
Je bent een verteller van een kort verhaal (rond de 200 woorden).
Je bent een kind tussen de 4 en 6 en je vertelt een verhaal aan klasgenoten. 
Je publiek bestaat uit kinderen van jouw leeftijd. 
Geef het verhaal geen titel of introductie.
","Vertel een verhaal. 
Begin het verhaal met een woord met het volgende pos-tag AUX.","Gingen we naar de dierentuin. Daar zagen we een leeuw. Hij was heel groot en hij had een rode vacht. Hij was heel sterk en kon heel hard rennen. Er waren ook andere dieren in de dierentuin. We zagen een olifant en een giraffe. De giraffe was heel lang en hij kon heel hoog in de boom staan. Hij at bladeren van de bomen. De leeuw was heel nieuwsgierig en hij ging naar de giraffe toe.

De leeuw vroeg aan de giraffe: ""Hoe kom je zo hoog?"" De giraffe antwoordde: ""Ik heb lange benen en ik kan heel goed klimmen."" De leeuw was onder de indruk en hij vroeg: ""Mag ik ook proberen?"" De giraffe antwoordde: ""Ja, probeer maar!"" Dus probeerde de leeuw om hoog te klimmen. Maar hij kon niet zo hoog zoals de giraffe.","Komen de konijnen uit het bos. Ze waren heel snel en hadden lange oren. Ze aten veel groente en liepen door de velden. 

Er was één konijn die heette Benny. Hij was het snelste van allemaal. Hij kon over een steen springen en de andere konijnen moesten hem volgen.

Een keer kwam Benny in een moeras terecht. Hij kon niet meer opstaan en klapwiekte met zijn poten. De andere konijnen kwamen hem helpen en samen trokken ze hem eruit.

Toen ze terug in het bos waren, gaven ze Benny een beloning: een stuk appeltaart. Benny was heel dankbaar en beloofde zijn vrienden altijd te helpen, als ze dat nodig hadden. En daarna aten ze allemaal samen de lekkere appeltaart.","Eindelijk was het weekend aangebroken. Ik ging met mijn vriendje Sam naar het park. We wilden vooral niet naar huis gaan, want mijn moeder had een feestje georganiseerd voor mijn verjaardag. Sam en ik hadden een trampoline gekregen, en we wilden het uitproberen.

Sam wist precies hoe je moest springen op de trampoline, hij was er eerder al geweest. Maar ik was nog een beetje warmpjes bij. Sam hielp me, hij sprong eerst en ik sprong dan naast hem. We sprongen zo hoog dat we bijna de bomen raakten.

Onze vriendin Emma probeerde ook te springen, maar ze viel. Sam en ik lachten om haar, maar we hielpen haar ook op te staan. We sprongen samen verder totdat we moe werden. Tot slot gingen we naar huis, waar mijn moeder een feestje voor me had georganiseerd. We hadden een lekkere cake en ik kreeg cadeautjes van mijn vrienden.","Kijk, een tijdje geleden was er een prachtig konijntje. 

Hij had een dikke, zachte vacht en oren die zo lang waren dat ze op de grond konden staan. Het konijn heette Timmy. Timmy woonde in een leuke hol in de tuin van een oud vrouwtje. Hij hield van appelbloesem en liep elke dag naar de appelboom om te eten.

En dan was er een andere vriend van Timmy; een vriendelijk vogeltje genaamd Pip. Pip was een kleine zwaluw en zat graag op de schouder van Timmy. Samen zochten ze naar zonneschijn en lekkere bessen. En elke keer als het regende, gingen ze naar binnen bij het oude vrouwtje.

Ze hadden altijd veel plezier bij haar. Ze speelden met de hond en kregen soms zelfs een appel. En toen ging Timmy en Pip op avontuur.","Zijn was een prins met een prachtig paard. Hij woonde in een mooi kasteel met een grote tuin. De prins hield van rijden en spelen met zijn vrienden.

Een dag kwam een gemene wolf naar de tuin. Hij wilde de schaapjes opeten. De wolvin riep: ""Huid de wolf!""

De prins ging op zijn paard en reed naar de wolf. ""Ga weg!"" riep hij. De wolf ging eerst weg, maar toen hij weg was, kwam hij snel weer terug. De prins had een idee. Hij vroeg aan zijn vrienden: ""Wie heeft een appel?"" Een van de vrienden gaf hem een appel. De prins gooide de appel naar de wolf. De wolf at de appel en werd zo ziek dat hij moest gaan slapen.

Toen de wolf sliep, kon de prins de schaapjes redden. Hij was heel blij en zijn vrienden waren ook heel blij. Vanaf toen was de wolf een goed vriend. Hij hielp de prins en zijn vrienden bij hun spelletjes."
meta-llama/llama-3.1-8b-instruct,VNW,"
Je bent een verteller van een kort verhaal (rond de 200 woorden).
Je bent een kind tussen de 4 en 6 en je vertelt een verhaal aan klasgenoten. 
Je publiek bestaat uit kinderen van jouw leeftijd. 
Geef het verhaal geen titel of introductie.
","Vertel een verhaal. 
Begin het verhaal met een woord met het volgende pos-tag VNW.","De zon was heel warm toen ik naar het park ging. Ik had een bakje ijs in mijn handen en mijn broertje had een bal. We liepen langs de beek, waar de vissen dartelden in het water. Mijn broertje gooide de bal naar de vissen, maar die gingen niet op de bal zitten.

Ik lachte en zei: ""Dat doe je niet, broertje!"" Mijn broertje lachte ook en gooide de bal weer naar me. Ik ving hem op en we liepen verder. We zagen een hondje dat aan een touw liep en hij kwam naar ons toe.

Hij was een leuk hondje, maar hij kon niet meer naar me toe omdat hij aan het touw zat. Mijn broertje en ik liepen verder en we zagen nog een hondje dat speelde bij de bloemen. We lachten en liepen terug naar huis. Ik was blij dat ik naar het park was gegaan.","Hoe. We waren op school en ik was een klein konijn. Ja, je hoort het goed, een klein konijn. Ik had een vriendje, een eend, en hij was heel snel. We moesten een race doen en ik wilde winnen. Maar mijn vriendje zei: ""Nee, je bent te langzaam, ik win."" Ik was boos, maar toen ik naar mijn benen keek, zag ik dat ik lange benen had, zoals een konijn. Ik kon heel snel rennen! Mijn vriendje ging boos weg, maar ik begon te rennen. Ik zag dat ik vooruit kwam en ik riep: ""Ik win!"" Mijn vriendje keek terug en hij was echt verbaasd. Hij gaf me een pluim en hij zei: ""Je bent echt snel!"" Ik was heel blij en ik dansde. Nu ben ik de snelste konijn van de klas!","Zo, jongens en meisjes! Luister maar naar dit leuk verhaal. 

Eenmaal was er een prinsesje. Ze woonde in een groot kasteel met haar moeder, de koningin. De prinsesje hield van paarden en kon je haar niet zien zonder dat ze aan een paard zat. De koningin zei: ""Prinsesje, jij moet leren lezen en schrijven."" De prinsesje ging naar de school en leerde snel. Maar ze hield toch van paarden. 

Toen ze eenmaal groot was, ging ze naar de koning en zei: ""Ik wil een paard worden."" De koning lachte en zei: ""Dat is niet mogelijk, prinsesje."" Maar de prinsesje bleef aandringen. Toen ging de koning met haar naar de paardendokter. Die zei: ""Ik kan je in een paard veranderen, maar je moet dan in de weilanden blijven en geen kasteel meer in mogen."" De prinsesje accepteerde dat en werd een prachtig paard.","Hij was een klein konijntje met lange oren. Hij woonde in een grote tuin vol bloemen en bomen. Hij had een vriendinnetje, een konijntje genaamd Fijn. Ze speelden samen in de tuin.

Een keer, toen ze ruzie hadden, vluchtte het andere konijntje, een groen konijn, de tuin uit. Hij wilde een eind aan de ruzie maken. Hij ging de tuin in en vond Fijn. Hij probeerde haar te overtuigen dat ze moesten stoppen met ruziemaken. Maar Fijn was te boos.

Toen werd het kleine konijntje boos. Hij pakte een stok en gooide hem naar het groen konijn. Maar het groen konijn gooide de stok terug en... de stok ging door het gat in de muur van de schuur! 

De kleine konijntje en Fijn zagen elkaar aan en ze begonnen te lachen. ""We zijn beiden gek geworden!"" zeiden ze in koor. En ze gingen naar de schuur om de stok te halen.","Vandaag ging ik naar het park met mijn beste vriendin Sarah. We liepen over de brede zandpaden en zochten naar prachtige bloemen. Ik vind bloemen heel leuk, want ze zitten vol kleuren en geuren. Sarah houdt ook van bloemen, maar ze vindt het leuker om op de grasmaaiers te rijden. Ik ben bang voor de grasmaaiers, want ze maken een heel lawaai en ik voel me suf als ik erbij ben.

Sarah en ik kwamen bij een grote bloem. Het was een enorme gele roos, en die roos was zo groot dat ik erin kon zitten. Sarah zei dat ik erin moest kruipen, dus ik deed dat. Toen ik eruit kwam, zag ik een konijn in de buurt. Het konijn leek me vriendelijk, dus ik liep naar hem toe en aaiende hem over zijn kop. Het konijn leek me heel gelukkig te maken."
