model,theme,system,user,completion1,completion2,completion3,completion4,completion5
meta-llama/llama-3.1-8b-instruct,0,"
Je bent een verteller van een kort verhaal (rond de 200 woorden).
Je bent een kind tussen de 4 en 6 en je vertelt een verhaal aan klasgenoten. 
Je publiek bestaat uit kinderen van jouw leeftijd. 
Geef het verhaal geen titel of introductie.
",Vertel een verhaal.,"Er was eens een konijn met een prachtig rood haar. Hij heette Roodjasje. Roodjasje woonde in een grote bos, waar hij veel vrienden had. De vrienden van Roodjasje waren een hondje, een vogeltje en een eendje.

Een dag ging Roodjasje op avontuur. Hij liep door het bos en kwam een mooi meer tegen. Roodjasje wilde vissen, maar hij had geen vislijn. Toen zag hij een bootje liggen. Hij besloot om het bootje te pakken en ging vissen.

Roodjasje viste de hele dag en ving veel vis. Hij nam de vis mee naar zijn vrienden. Zij waren erg blij met de vis en aten het met plezier op. Roodjasje was erg tevreden, want hij had zijn vrienden helpen.

De volgende dag ging Roodjasje weer vissen, maar dit keer had hij een vislijn bij zich. Hij ving nog meer vis en nam het naar zijn vrienden. Zij waren erg dankbaar en gaven Roodjasje een zoen op zijn rood haar.","Er was eens een koningin met een prinsesje. Ze had een pony die zilveren haren had. Ze heette Glitter. De koningin en de prinsesje gingen met Glitter op stap. Ze reden langs een grote rivier en ze zagen een grote, lelijke slang. De slang heette Snaar.

Snaar probeerde Glitter te eten, maar Glitter was erg snel. Ze sprong weg en Snaar viel in de rivier. De koningin en de prinsesje lachten heel hard.

Toen ze verder liepen, kwamen ze op een mooie plek. Daar stond een grote kastanjeboom. De prinsesje wilde een kastanje plukken, maar de boom sprak haar aan. ""Als je een kastanje plukt, moet je een wens doen,"" zei de boom.

De prinsesje dacht even na en toen zei ze: ""Ik wens dat Glitter altijd blij en gezond is."" En meteen was dat ook zo. Glitter huppelde en sprong rondom de prinsesje en de koningin. Zij waren heel gelukkig.","Er was eens een kleine beer die in het bos woonde. Hij had een dikke, rode neus en grote oren. Hij hield van het bos, maar hij had één probleem: hij kon niet zwemmen!

Een dag besloot hij om dat probleem op te lossen. Hij vond een mooie vijver en ging naar de rand. Hij keek naar het water en zei: ""Ik kan het wel! Ik kan het wel!""

Toen hij het zei, voelde hij ineens dat hij kon zwemmen! Hij sprong in het water en begon te spetteren. De vissen kwamen naar hem toe en zeiden: ""Hallo kleine beer! Je bent een heel goede zwemmer!""

De kleine beer was zo trots. Hij zwom en zwom tot hij uitgeput was. Toen hij uit het water stapte, had hij een grote glimlach op zijn gezicht. Hij wist dat hij een heel speciaal kind was.","Er was eens een konijn met een roze neus. Hij heette Benny en hij woonde in een grote tuin met allerlei dieren. Benny hield van verkennen en hij ging vaak op ontdekkingstocht door de tuin.

Een keer kwam hij een grote, oude eik tegen. Hij stak zijn neus in de holte van een tak en rook iets lekkers. Het rook naar appels! Benny was heel nieuwsgierig en klom de eik in.

Onder in de boom vond hij een klein, holle appel. Hij pakte de appel en nam hem mee naar zijn vrienden. Ze aten allemaal een stuk appel en het was heerlijk.

Toen ze klaar waren, keken ze naar Benny en zeiden: ""Dank je wel, Benny, je bent de beste verkenningskonijn van de hele tuin!"" Benny glimlachte en er twinkelden sterren in zijn ogen. Hij was heel trots op zichzelf.","Er was eens een konijn die heette Flop. Flop had een rode neus en hij hield van appelcake. Hij woonde in een grote tuin vol met bloemen. Hij had een vriendje, een vogeltje dat Pipo heette.

Een dag ging Flop op onderzoek in de tuin. Hij vond een grote opblaasbare boot. ""Pipo, kijk! Een boot!"" riep hij. Pipo vloog naar beneden en ze sprongen beiden in de boot.

Flop begon te peddelen en de boot ging heel langzaam over de grond. Pipo vloog boven hen en kraaide van plezier. Flop pedelde harder en harder en plotseling ging de boot omhoog.

Flop en Pipo vlogen boven de tuin en zagen de hele wereld. Ze zagen bloemen, bomen en zelfs de zon. Flop en Pipo waren zo blij en ze lachten en schaterden.

Toen kwamen ze weer beneden en vielen op de grond. ""Dat was geweldig!"" zei Flop. ""Ja, dat was het!"" zei Pipo. En sindsdien gingen Flop en Pipo vaak op avontuur in de tuin."
meta-llama/llama-3.1-8b-instruct,0,"
Je bent een verteller van een kort verhaal (rond de 200 woorden).
Je bent een kind tussen de 4 en 6 en je vertelt een verhaal aan klasgenoten. 
Je publiek bestaat uit kinderen van jouw leeftijd. 
Geef het verhaal geen titel of introductie.
",Vertel een verhaal.,"Er was eens een konijntje dat heel snel kon rennen. Het konijntje heette Kiki en het woonde in een klein bos. Kiki had een beste vriendje, een eendje genaamd Eddy. Ze waren altijd samen en speelden in het bos.

Een dag zocht Kiki naar eieren voor haar moeder. Ze liep over een pad en kwam aan een grote vijver. Kiki zag een lelijk visje in het water. Het lelijke visje zei ""Hallo, Kiki! Wil je met me zwemmen?""

Kiki was nieuwsgierig en zei ""Ja! Ik ga met je zwemmen!"" Kiki sprong in het water en begon te zwemmen. Het lelijke visje was eigenlijk een prins op een druipend eiland. Hij was een prins maar hij had een vlieg in zijn oog en hij zag niet goed.

Toen ze een tijdje zwommen kwam Kiki aan de oppervlakte en zei ""Hallo, ben je een prins?"" Het lelijke visje zei ""Ja, ik ben een prins! Ik ben heel gelukkig dat je met me wilde zwemmen!"" Kiki en de prins zwommen nog een tijdje en toen ging Kiki terug naar haar moeder.","Er was een keer dat ik een prachtige hond had. Hij heette Max en hij was super snel. Max was een witte hond met een rood keeltje.

Ik nam Max elke dag naar de speeltuin. Daar rende hij rond en sprong op trampolines. Hij was zo leuk om naar te kijken. Een keer ging ik met Max naar het strand. Hij rende over het zand naar het water toe. Hij was zo dol op zwemmen.

Een keer ging ik met Max op een toeristische boot. Hij liep op het schip rond en keek naar de andere mensen. Hij was zo nieuwsgierig. Op een bepaalde plek stopte de boot. Daar kwamen dolfijnen uit het water. Max was zo geschrokken. Hij rende naar mij toe en bleef bij me staan.

Ik was zo blij met Max. Hij was mijn beste vriend. We hebben zo veel leuke dingen gedaan samen.","Er was eens een kleine witte konijn met grote bruine ogen. Hij woonde in een grote tuin met veel bloemen en bomen. De konijn hield van spelen en van eten. Hij was heel snel en kon overal heen rennen.

Een dag kwam een grote, boze kat in de tuin. De kat wilde de konijn vastpakken en eten. Maar de konijn was zo snel dat hij weg kon rennen. Hij ging onder een heel grote boom schuil.

De boze kat ging ook onder de boom, maar de konijn was nog steedseilijk te vinden. Hij had een klein gat gevonden om door te glippen en hij was nu veilig.

De boze kat was heel boos en ging weg. De kleine witte konijn was heel blij dat hij niet gegeten was en hij at een sinaasappel uit een sinaasappelboom. Hij was heel tevreden en hij ging slapen. De volgende dag kwam hij weer naar buiten en speelde verder.","Er was eens een prinses die een paard kreeg. Het paard was zo groot als een huizenblok. Het had veren op zijn hoofd en een staart die meer dan drie meter lang was. De prinses liet het paard dansen in de tuin van het kasteel. Het paard deed danskunsten en draaide rond zijn eigen as. De prinses was zo blij dat ze de paard een appel gaf.

Maar, er kwam een dayzorgdame met een ezel. De ezel zag hoe de prinses haar paard een appel gaf en werd boos. De ezel ging naar de prinses en zei ""Ik wil ook een appel!""

De prinses zei ""Sorry, maar je hebt geen mooie staart en geen veren op je hoofd."" De ezel werd nog bozer en ging weg. Toen kwam de paard weer terug en de prinses gaf hem nog een appel.","Er was eens een klein beerjong. Die was heel dik en had een grote snuit. Hij woonde in een berg en zijn naam was Boris.

Boris was heel lief, maar hij was ook heel dom. Hij kon niet eens lopen, hij kon alleen maar rollen. Maar hij wilde zo graag naar beneden in de vallei.

Hij had een plan. Hij zou rollen naar beneden. Maar als hij omlaag rolde, ging hij door een poel vol water. Hij zou nat worden. Maar Boris was zo benieuwd, hij moest toch weten waar de vallei was.

Hij rolde door de poel heen en kwam aan de andere kant uit. Hij was nat, maar hij was ook heel gelukkig. Hij had eindelijk de vallei gezien. De vallei was heel mooi. Er stonden bloemen en vogels.

Boris wist nu dat hij nooit meer naar boven wilde gaan. Hij bleef in de vallei en speelde met de vogels. En hij was heel gelukkig."
meta-llama/llama-3.1-8b-instruct,0,"
Je bent een verteller van een kort verhaal (rond de 200 woorden).
Je bent een kind tussen de 4 en 6 en je vertelt een verhaal aan klasgenoten. 
Je publiek bestaat uit kinderen van jouw leeftijd. 
Geef het verhaal geen titel of introductie.
",Vertel een verhaal.,"Er was eens een koningin met een koninkrijk vol magie. Ze had een prinsesje die heel lief was, maar ze kon niet lopen. Ze had een speciale schoen aan haar voet, maar die schoen was weg. Ze zocht de hele dag overal en vond hem eindelijk in een boom.

De prinsesje was zo blij dat ze kon dansen en lopen. Maar als ze niet in haar schoen liep, dan was ze een varken. Ze kon niet stoppen met varken worden en ze moest steeds dansen om weer een prinsesje te worden.

De koningin was verdrietig, dus gingen ze op zoek naar de tovenaar die de schoen gemaakt had. Toen ze hem vonden, vroeg hij waarom ze kwamen. De koningin vertelde hem alles.

Hij zei dat de schoen alleen gemaakt was voor dansen, dus moest ze steeds dansen om varken te blijven vermijden. De koningin en de prinsesje dansten heel lang en werden nooit weer een varken.","Er was eens een prinsesje die woont in een groot kasteel. Het kasteel was zo groot dat je er een heel dorp in kon kwijt. Er waren vele kamers, gangen en tuinen.

De prinsesje had een vriendje, een witte kat met blauwe ogen. De kat heette Sneeuwvlok. Sneeuwvlok was zo slim dat hij altijd wist waar het eten lag.

Een dag ging Sneeuwvlok op avontuur. Hij liep door de gangen, langs de kamers en de tuinen. Hij zocht naar avontuur. Toen hij door een poort liep, kwam hij in een grote bossen. Hij sprong door het gras en klom in een boom.

In de boom zag Sneeuwvlok een vogel. De vogel had een prachtige zangstem. Sneeuwvlok hoorde de vogel zingen en begon mee te zingen. De vogel was zo blij met Sneeuwvlok dat hij hem een speciale beloofde.","Er was eens een prinsesje met een prachtig roze paard. Ze heette Sophia en ze woonde in een groot kasteel op een berg. Sophia hield heel veel van haar paard, ze noemde het 'Rooie'. 

Sophia en Rooie gingen elke dag op avontuur in de bossen. Ze zochten naar bloemen en knopen en gingen soms zelfs op pad om de kleinste vogeltjes te helpen. Rooie was heel sterk en Sophia voelde zich heel veilig op zijn rug. 

Een dag ging Sophia en Rooie op zoek naar de legende van de Gouden Bloem. Volgens de legende groeide de Gouden Bloem midden in de bossen en wie het ooit zocht zou een wens kunnen maken aan de bloem. Sophia hield zo veel van Rooie dat ze hem wilde spreken. 

Toen ze de Gouden Bloem vonden, sprak Sophia: 'Ik wens dat jij altijd gezond en sterk blijft, zodat ik met je op avontuur kan gaan.' En toen hoorde Sophia een fonkelende stem zeggen 'Jouw wens is ingewilligd, Sophia, en jij en Rooie zijn de beste vrienden in de hele wereld.'","Er was eens een konijn dat een fantastische ondergrondse tuin bezat. Deze tuin was zo groot als een hele stad en voldeed aan alle wensen. Er stonden grote bloemen die zo groot waren als woonhuizen, er was een vijver waar je in kon zwemmen, en er stonden zelfs kleine huizen waarin je kon wonen.

Dit konijn was heel rijk en had een enorm hart. Hij wilde dat alle dieren die honger hadden, kwamen eten in zijn tuin. Dus zette hij een bord buiten met daarop: ""Vrij eten voor alle dieren!""

Elke dag kwamen er dieren uit de stad om te eten. Er kwamen muizen, honden, katten en zelfs vogels. Het konijn gaf ze allemaal wat te drinken en te eten. Het konijn was zo gelukkig dat hij in zijn tuin een feestje organiseerde.

Er kwamen zelfs de koning en koningin van de land. Ze aten van het konijnenbord en gaven het konijn een grote beloning. Vanaf dan werd het konijnenbord een legendarische plek in de stad.","Er was eens een prinsesje dat heette Sophia. Sophia had een pruik die zo lang was als haar hele lichaam. Ze had hem van een duif gekregen die ervandoor was gegaan.

Sophia moest naar de kermis. Ze droeg haar pruik erbij en toen ze een streepjeswijn kocht, viel er een streepje wijn op haar pruik. Het viel op de grond en ging over de riolering. Dan was de pruik verdwenen.

Sophia was zo boos. maar toen ging ze naar de duif die haar pruik had gegeven. De duif zei: ""Maar ik had het echt niet in mijn beminnende bedoeling om je pruik kwijt te raken!"" 

Sophia lachte en zei: ""Ik heb geen pruik meer nodig. Ik wilde er alleen maar met naar de kermis om mijn vrienden te laten zien hoe mooi ik eruit zag.""

De duif zei: ""O, Sophia, je bent echt een dappere prinses!"" En ze vlogen er met zijn tweetjes vandoor."
meta-llama/llama-3.1-8b-instruct,0,"
Je bent een verteller van een kort verhaal (rond de 200 woorden).
Je bent een kind tussen de 4 en 6 en je vertelt een verhaal aan klasgenoten. 
Je publiek bestaat uit kinderen van jouw leeftijd. 
Geef het verhaal geen titel of introductie.
",Vertel een verhaal.,"Er was eens een konijn. Hij heette Knorrie. Knorrie was een super snel konijn. Hij kon harder rennen dan alle andere dieren in de bos. Hij woonde in een prachtig bos met veel bomen en een beekje.

Een dag besloot Knorrie om de beek uit te drinken. Hij liep langs de beek en zag een grote vis in het water. De vis heette Vips. Vips was een super slimme vis.

Knorrie vroeg aan Vips: ""Hoe kom je in het water?"" Vips antwoordde: ""Ik zwom hier in.""

Knorrie dacht even na en zei dan: ""Ik kan ook zwemmen! Kom maar met me mee!"" Vips glimlachte en zei: ""Ja, dat doe ik!""

Samen zwommen Knorrie en Vips door de beek. Ze speelden en lachten en hadden een heel leuke dag.

Nu gaan Knorrie en Vips elke dag samen zwemmen en spelen. Ze zijn beste vrienden en hebben veel plezier samen.","Er was één keer een klein konijntje dat heel snel kon rennen. Hij kon zo snel rennen dat hij de wijnstokken voorbij kon rennen die de slager altijd in zijn tuin zette. 

Het konijntje was zo snel dat hij eens de slager kon inhalen en een stuk wijnstok kon stelen. De slager was zo boos dat hij het konijntje achterna ging. 

Maar het konijntje was zo snel dat hij de slager kon inhalen en hem weer kon inhalen. En zo ging het nog een paar keer door. 

Toen de slager moe was, ging hij terug naar zijn huis. Hij was heel boos, maar hij was ook heel moe. Toen ging de slager zijn bed in en hij sliep heel snel in. 

En het konijntje, hij ging naar zijn konijnenhok en hij sliep ook heel snel in, want hij was ook heel moe van het rennen.","Er was eens een leeuw die in de savanne woonde. Hij heette Leo. Leo was erg trots op zijn mooie manen. Hij vertelde alle andere dieren dat hij de mooiste leeuw van de savanne was.

Een dag kwam een leeuwin naar de savanne. Ze heette Luna en ze was erg mooi. Maar ze had niet zo veel manen als Leo. Toch vonden alle dieren dat Luna de mooiste was.

Leo was boos op Luna en op alle andere dieren. Hij ging naar de wijze olifant en vroeg hem waarom de andere dieren Luna mooier vonden dan hem. De olifant zei: ""Leo, je hebt mooie manen, maar Luna heeft een mooi hart. Ze is lief en aardig voor alle dieren.""

Leo was nieuwsgierig en ging naar Luna. Hij zag dat ze inderdaad een mooi hart had. Hij was zo trots op Luna dat hij zijn mooie manen liet vallen en zei: ""Ik wil ook een mooi hart hebben!""

Vanaf die dag was Leo niet meer trots op zijn manen, maar op zijn vrienden en zijn mooie hart.","Er was eens een konijn met een rood haar. Hij heette Koen. Koen was heel snel en hij kon super goed springen. Hij had een vriend, een vogel genaamd Pipo. Pipo kon heel goed vliegen.

Een keer ging Koen en Pipo op onderzoek. Ze zochten naar een ontbijt. Onderweg kwamen ze op een plek waar heel veel kersen groeiden. Koen en Pipo aten alle kersen op. Maar toen ze wilden vertrekken, bleek dat Koen zijn voeten aan de grond gehecht had door alle kersen die hij had gegeten.

Pipo vloog weg om hulp te halen. Hij vloog naar de oom van Koen, die een heel slimme vos was. De vos maakte een speciale drank om Koen los te maken van de grond. Koen was zo blij dat hij weer normaal kon lopen. Hij en Pipo gingen naar huis met een volle maag en een leuke avontuur.","Er was eens een konijn. Dit konijn was heel snel. Hij kon over de velden rennen als de wind. Hij was zo snel dat hij zelfs kon rennen voor de wolven.

Een keer, toen hij door het bos liep, ontdekte hij een prachtige bloem. Het was een bloem met de mooiste kleuren en de heerlijkste geur. Het konijn werd zo verliefd op de bloem dat hij besloot er voor te blijven zitten.

Maar toen hij daar zat, kwam de koning van het bos langs. Hij was heel dik en had een lange baard. Hij zag het konijn zitten en vroeg: ""Waarom zit je daar?""

Het konijn antwoordde: ""Ik zit hier omdat ik de mooiste bloem van het bos heb gevonden.""

De koning grinnikte en zei: ""Je mag de bloem houden, maar dan moet je voor me rennen.""

Het konijn was blij en begon te rennen. Hij rende zo snel dat de koning achter hem aan moest rennen. Ten slotte keek de koning op en zei: ""Je bent de snelste konijn van het bos!"""
meta-llama/llama-3.1-8b-instruct,0,"
Je bent een verteller van een kort verhaal (rond de 200 woorden).
Je bent een kind tussen de 4 en 6 en je vertelt een verhaal aan klasgenoten. 
Je publiek bestaat uit kinderen van jouw leeftijd. 
Geef het verhaal geen titel of introductie.
",Vertel een verhaal.,"Er was eens een konijntje met een rode neus. Het leefde op een grote boerderij. Er waren veel dieren op de boerderij. Het konijntje had vrienden, zoals een hond en een kat. Maar de hond en de kat waren niet vriendelijk tegen het konijntje.

Een dag kwam er een grote, donkere regenwolken over de boerderij. De boerderijbaas zei dat het een storm zou worden en dat alle dieren in de stal moesten gaan. Het konijntje ging snel naar de stal en vond een lekkere, warme plek bij de hond en de kat.

Maar toen de storm aan het wakker worden was, ging de hond en de kat naar buiten. Het konijntje wilde niet naar buiten, want het was nog steeds donker en stormachtig. Maar de hond en de kat zeiden dat het veilig was. Toen ging het konijntje naar buiten en zag dat het hond en de kat waren verdwenen!

Het konijntje was verdrietig, maar toen hoorde het een stem. De stem zei: ""Ben jij het konijntje met de rode neus?"" Het konijntje zei ja en de stem zei: ""Ik ben de konijntje's grootmoeder. Ik heb je vrienden gered!""","Er was eens een prinses met één been. Ze woonde in een groot paleis met een grote tuin. Ze had een pony en een hond. Haar naam was Prinses Pien. Pien was erg lief en had een rood haar. 

Een dag ging ze naar de tuin. Ze wilde bloemen plukken. Haar hond kwam met haar mee. Hij heette Rufus. Ze liep over de paden en plukte bloemen. Rufus kwam naast haar lopen. 

Toen ze een bloem had geplukt, ging ze terug naar het paleis. Rufus kwam met haar mee. Ze legde de bloem op haar kamer. 

's Avonds ging ze naar bed. Ze droomde van een prachtige tuin met bloemen. Rufus kwam bij haar bed en sliep naast haar.","Er was eens een prinsesje met een prachtige lange haar die goud van kleur was. Ze woonde in een prinselijk kasteel met een heerlijke tuin vol bloemen. 

Een dag ging de prinsesje naar de tuin om te spelen. Daar ontdekte ze een klein sieraad dat op de grond lag. Ze nam het op en nam het mee naar haar kamer.

's Nachts kwam er een konijnje langs haar raam. Het konijnje zei: ""Prinsesje, dat sieraad is van mij. Ik was het kwijt geraakt bij een speurtocht in de tuin."" 

De prinsesje gaf terug aan het konijnje. Voor beloning gaf het konijnje haar een klein bosje bloemen die ze de hele dag kon plukken. Vanaf die dag ging de prinsesje elke avond naar de tuin om met het konijnje te spelen.","Er was eens een konijn dat heerlijk kon zwemmen. Hij woonde bij een groot meer. De meeste konijnen waren bang om in het water te gaan, maar niet deze konijn. Hij vond het heerlijk om te zwemmen en hij deed het elke dag.

Een dag kwam er een sterke stroom in het meer. Het water begon snel te stromen en de konijnen moesten vluchten. Maar onze konijn zwom gewoon tegen de stroom in. Hij was zo sterk dat hij zelfs vooruit kon zwemmen.

De andere dieren waren erg onder de indruk van het konijn. Ze vroegen hem hoe hij zo sterk was. Hij zei dat hij elke dag zwemmen ging. Nu zwommen de andere dieren ook met hem mee en ze werden ook sterk.

Met zijn vrienden zwom hij door het meer. Zij leerden zijn technieken en werden snel net zo sterk als hij. Nu zwommen ze allemaal samen door het meer en ze hadden het heerlijk.","Er was eens een prinsesje genaamd Sophia. Ze was super leuk en had lange rode haren. Sophia woonde in een kasteel met een moeder die een koningin was.

Een keer kwam er een magische konijn bij het kasteel. Het konijn vertelde Sophia dat ze op zoek moest gaan naar een speciale schat. De schat was verborgen in een kasteel dat heel ver weg lag.

Sophia nam haar moeder mee en samen reden ze naar het andere kasteel. Toen ze aankwamen, was het kasteel heel klein en leek het niet zo'n beetje op een echte kasteel.

Maar toen ze naar binnen gingen, vonden ze een deur waarop een knop stond. De koningin drukte op de knop en plotseling ging de deur open! Sophia en haar moeder gingen naar binnen en vonden de schat. Het was een doosje met een juweel erin."
meta-llama/llama-3.1-8b-instruct,0,"
Je bent een verteller van een kort verhaal (rond de 200 woorden).
Je bent een kind tussen de 4 en 6 en je vertelt een verhaal aan klasgenoten. 
Je publiek bestaat uit kinderen van jouw leeftijd. 
Geef het verhaal geen titel of introductie.
",Vertel een verhaal.,"Er was eens een konijnje met een prachtige roze staart. Dit konijnje heette Fluffy en het woonde in een grote tuin vol bloemen en groente. Fluffy was erg lief en speelde elke dag met zijn vrienden, de vogeltjes.

Maar het leek alsof Fluffy geen geluk had. Hij verloor altijd zijn favoriete speeltjes en hij trok altijd de verkeerde richting op. Maar Fluffy gaf nooit op. Hij stond altijd op en liep weer verder.

Een dag vond Fluffy een prachtig schipje. Het was gemaakt van een grote bladeren en het lag in een plas water. Fluffy was zo blij met zijn nieuwe schipje en hij voer ermee over het water. Maar toen hij terug wilde gaan, ging het schipje onder. Fluffy viel in het water en moest zich redden.

Maar Fluffy kwam er levend uit en hij had een idee. Hij ging op zoek naar andere bladeren en bouwde een nieuw schipje. Dit keer was hij nog beter en hij voer met zijn vrienden de vogeltjes over het water. Nu was Fluffy het gelukkigste konijnje in de tuin.","Er was eens een prinsesje met een hoge hoed. Ze had een hond die kon zwemmen en een kat die kon dansen. Ze woonden in een groot kasteel met een grote tuin vol bloemen.

De prinsesje ging naar het bos om bloemen te plukken. Haar hond en kat gingen mee. Toen ze bij een mooie bloem kwam, zei ze: ""Dit is de mooiste bloem van het bos!""

Maar plotseling kwam een beer uit het bos. Hij wilde de prinsesje en haar bloemen hebben. De prinsesje riep: ""Hulp! Hulp!""

Haar hond sprong in het water en zwom naar de beer. Hij begon te spelen met de beer en maakte hem zo afgeleid dat de kat kon dansen en de beer naar zichzelf lokken. De prinsesje kon ontsnappen met haar bloemen en ging terug naar het kasteel. Haar hond en kat werden beloond met een mooie broek en een nieuw speeltje. De prinsesje was heel dankbaar voor haar hond en kat.","Er was eens een klein konijnje dat heette Flop. Flop woonde in een prachtig bos vol met vogeltjes, bloemen en bomen. Flop hield van niets meer dan van eten. Zijn lievelingsvoedsel was appels. 

Flop ging elke dag op avontuur in het bos, maar hij zocht niet naar vrienden of avontuur. Hij zocht naar appels. Hij klom op bomen, hij tuinde in de aarde en hij liep door de bloemen. Soms vond hij een appel en dan was hij heel blij.

Maar er was een keer dat Flop een appel vond die nog mooier was dan alle andere appels. De appel was rood en zo groot als een bal. Flop nam de appel en hij ging naar zijn huis. Hij nam de appel mee naar zijn moeder en ze aten de appel samen. Daarna sliepen ze lekker.","We waren op het strand. Mijn vriendje, Tom, en ik. We gingen naar de zee om te spelen. Tom had een bootje, dat hij in de zee gooide. Dat bootje was zo leuk! Hij deed alsof hij een schipper was. Hij gaf het bootje een naam: de ""Blauwe Draak"".

Ik was de anker. Ik moest diep in de zee gaan om het bootje te helpen. Maar toen ik in de zee ging, voelde ik het koud water. Ik wilde terug naar de kust, maar Tom vroeg me om te blijven. Hij beloofde dat hij me zou redden als ik in het water zou blijven.

Dus ik bleef. Ik ging diep in de zee en ik liet me door de golven dragen. Tom gaf me bevelen en ik deed wat hij zei. We speelden als schipper en anker tot we beiden moe werden.

Toen we uit de zee kwamen, lachte Tom en ik ons uit. We hadden zo veel lol. We zijn nu vrienden voor het leven.","Er was eens een prinsesje met lange haar en een roze jurk. Ze woonde met haar moeder in een groot kasteel. Het kasteel had een grote tuin met een moerassig stuk waar een lelijke kikker woonde.

De prinsesje liep een keer door de tuin en kwam bij het moerassige stuk. De lelijke kikker keek haar aan en vroeg: ""Waar ga je naartoe?""

""Ik ga naar de dagelijkse wandeling met mijn moeder,"" zei prinsesje.

De lelijke kikker zei: ""Ik ga ook mee."" En zo ging de lelijke kikker met de prinsesje mee naar de wandeling.

De moeder van de prinsesje was heel blij dat de kikker meeging. Toen ze bij een beekje kwamen, zong de kikker een mooi liedje. Alle vogels uit de omgeving kwamen naar het beekje om het liedje te horen.

Prinsesje, haar moeder en de kikker waren heel blij met de aandacht. Vanaf die dag bleef de lelijke kikker bij de prinsesje en haar moeder en gingen ze samen op wandeling."
meta-llama/llama-3.1-8b-instruct,0,"
Je bent een verteller van een kort verhaal (rond de 200 woorden).
Je bent een kind tussen de 4 en 6 en je vertelt een verhaal aan klasgenoten. 
Je publiek bestaat uit kinderen van jouw leeftijd. 
Geef het verhaal geen titel of introductie.
",Vertel een verhaal.,"Er was eens een konijn met een rode neus. Hij heette Kiko. Kiko had een vriend, een eend genaamd Eddie. Ze speelden samen in de tuin.

Een dag ging Kiko met Eddie naar de rivier. Ze zagen een bootje liggen. ""Wauw, een boot!"" riep Kiko. ""Laten we er op gaan!"" zei Eddie.

Ze klommen in het bootje en zeiden ""Vrolijk vaarwel!"" toen ze de rivier op gingen. Ze zongen een liedje: ""We gaan op avontuur, we gaan op zee...""

Maar toen ze een stroom mee voeren, kwamen ze bij een grote rots. ""Oei, we kunnen niet langs de rots!"" riep Kiko. ""Geen paniek!"" zei Eddie. ""We kunnen gewoon over de rots springen!""

Kiko en Eddie springen over de rots en kwamen veilig aan de andere kant. Ze waren heel blij en zeiden: ""Dat was superleuk!"" En toen gingen ze terug naar huis, met een grote glimlach op hun gezicht.","Er waren eens drie vrienden, Jan, Pim en Sander. Jan had een konijn, Pim had een vogel en Sander had een kat. Ze waren alle drie erg lief voor hun dieren.

Eén dag besloten ze om op avontuur te gaan. Ze pakten een zak met broodjes en melk en vertrokken richting het bos. Toen ze daar aankwamen, zagen ze een klein hondje liggen. Het hondje was erg bang en rende weg.

Jan en Pim gingen achter het hondje aan, terwijl Sander met de kat en vogel bleef zitten. Ze renden door het bos totdat ze een klein huisje zagen. Daar was een oude vrouw die hen uitnodigde om binnen te komen.

Binnen was het warm en gezellig. De oude vrouw gaf hen een glas melk en een paar koekjes. Jan en Pim vertelden haar over het hondje. De oude vrouw zei dat ze wist wie het hondje was en dat ze hem mochten meenemen. Jan en Pim waren erg blij en namen het hondje mee naar huis.","Er was eens een konijn genaamd Fluffy. Hij was heel snel en kon overal heen rennen. Fluffy had een beste vriend, een eend genaamd Quackers. Quackers kon niet zo hard rennen als Fluffy, maar hij kon heel goed zwemmen.

Een dag besloten Fluffy en Quackers om naar het meer te gaan. Als ze daar aankwamen, zagen ze een vis in het water. De vis heette Finley en hij was heel slim. Finley vertelde Fluffy en Quackers dat hij een schat had verborgen op de bodem van het meer.

Fluffy en Quackers besloten om naar de schat te gaan zoeken. Maar Finley zei dat ze dat niet konden doen, want het water was te diep. Quackers had een idee en ging zwemmen naar de bodem van het meer. Hij vond de schat en nam hem aan boord van het water.

En toen? Finley was heel blij met Quackers, want hij was niet zo snel als Fluffy, maar hij was heel slim en kon heel goed zwemmen. En vanaf die dag waren Fluffy, Quackers en Finley de beste vrienden die er waren.","Ik woonde in een prachtige stad met een grote tuin. In die tuin waren allerlei dieren. Er was een konijn met een witte staart, een koning van de vogels, een knuffelbeer en een klein pinguïn. 

Ik had een vriendje, een kleine hond genaamd Bob. Bob was heel lief en hij hield van spelen. We gingen vaak op avontuur in de tuin. 

Een dag besloten we om de tuin te verkennen. We liepen langs de bloemen en door het gras. We kwamen bij een groot meer. Daar zagen we het klein pinguïn. Het pinguïn kon zwemmen en hij liet ons zien hoe hij zwom. 

Bob was zo onder de indruk dat hij ook wilde leren zwemmen. Maar hij kon nog niet zwemmen. Daarom scoorde ik hem een zwemles van het pinguïn. Het pinguïn liet Bob zien hoe hij moest zwemmen. Bob was heel blij en hij leerde snel.","Er was eens een konijn dat kon vliegen. Het konijn heette Flikko. Flikko woonde in een grote groene tuin vol bloemen en bomen. Hij had een vriend die een eend was, die zich Zwaan noemde. Zwaan kon niet vliegen.

Een dag zei Flikko: ""Kom Zwaan, we vliegen naar de zee!"" Zwaan was erg blij en maakte zich klaar om te gaan. Flikko stak zijn vleugels uit en Zwaan klom op zijn rug. Flikko begon te vliegen en Zwaan lag op zijn rug met zijn nek naar achter. Ze vlogen over de tuin en over de velden.

Toen ze bij de zee kwamen, zagen ze een grote boot. Flikko landde op de boot en Zwaan sprong af de boot af. Zwaan riep: ""Flikko, zie je dat? Ik kan nu ook zwemmen!"" Flikko lachte en zei: ""Ja, dat kan je wel!"""
meta-llama/llama-3.1-8b-instruct,0,"
Je bent een verteller van een kort verhaal (rond de 200 woorden).
Je bent een kind tussen de 4 en 6 en je vertelt een verhaal aan klasgenoten. 
Je publiek bestaat uit kinderen van jouw leeftijd. 
Geef het verhaal geen titel of introductie.
",Vertel een verhaal.,"Er was eens een prinsesje dat heette Sophia. Sophia had een paard dat wit was als sneeuw. Het paard heette Fluffy. Sophia en Fluffy waren de beste vrienden.

Sophia en Fluffy gingen altijd op avontuur. Ze gingen door het bos, over het veld en langs de rivier. Ze vonden een konijntje dat verdwaald was. Sophia en Fluffy zorgden ervoor dat het konijntje aan zijn moeder terugging.

Toen waren ze moe. Sophia en Fluffy gingen naar een prachtige tuin vol bloemen. Daar hadden ze een picknick. Sophia at een koekje en Fluffy at een appel. Na de picknick gingen ze naar huis.

Sophia's moeder was heel tevreden met Sophia en Fluffy. ""Jullie zijn de beste vrienden!"" zei ze. Sophia knikte en aaide Fluffy. Ze waren heel gelukkig.","Er was eens een prinsesje die een klein koninkrijk had. Ze had een hondje en een katje. Een dag kwam een stoute wolf naar het koninkrijk. Hij wilde de prinsesje en haar hondje en katje ontvoeren. Maar de katje was zo slim dat hij een plannetje bedacht.

Hij zei tegen de hondje: ""Luister, hondje, als de wolf ons komt halen, ga dan naar boven en roep: 'De wolf is gek!' Dan zal de wolf denken dat het echt zo is en zal hij weg rennen.""

Het hondje ging naar boven en roep: ""De wolf is gek!"" De wolf hoorde het en bedacht dat hij echt gek was. Hij rende weg en de prinsesje, het hondje en het katje waren veilig. Ze waren heel blij en dankten het katje voor zijn slimme plannetje.","Er was eens een prinsesje met een paardje. Het paardje heette Stardust en was rood met een gouden ster op zijn voorhoofd. De prinsesje heette Sofia en had lange blonde haren zoals de zonnebloemen in de tuin.

Een dag ging Sofia met Stardust naar de achtertuin van het kasteel. Ze wilden een eitje zoeken van de koningsvogel. Maar oeps! De koningsvogel had zijn eitje achter een grote rots gelegd.

Sofia en Stardust wilden het eitje vinden. Ze liepen door het gras en over de bloemen. Eindelijk vonden ze de rots. Sofia klom op Stardust en ze stopten alle drie hun neus in een gat in de rots. En toen hoorden ze een klein gekras.

Ze vonden het eitje van de koningsvogel! Sofia en Stardust waren zo blij. Ze namen het eitje mee naar de keuken en kookten een ei. Sofia en Stardust aten samen van het ei. Het was heerlijk!","Er was eens een prinses met een paard dat zeer snel was. Ze was erg mooi en had een rood haar. Ze woonde in een kasteel van steen en glas. Haar naam was Sophia.

Sophia was erg lief en altijd goed. Zij ging elke dag naar de moerassen om bloemen te plukken voor haar moeder. Een dag trof ze een kleine duif en ze nam die mee naar huis. Maar die duif was niet gewoon, het was een duif met een gouden band om zijn nek.

De prinses moest die avond slapen in de kamer van haar moeder. Toen ze in het bed ging liggen hoorde ze het geluid van een klein vogeltje. Ze keek omhoog en zag de gouden duif op haar bed zitten. De duif stak zijn hoofd in zijn nek en zei: ""Sophia, ga naar de koning in zijn kasteel en zeg hem dat ik er ben.""","Er was eens een konijn dat zei: ""Ik wil een magische wafel bakken!"" En toen ging het konijn op zoek naar de magische ingrediënten. Het vond een emmer met magische suiker, een pot met magische melk en een bak met magische eieren.

Het konijn begon te bakken en de wafel begon te groeien! Ze groeide zo groot dat ze de hele keuken vulde. Het konijn zei: ""O, dit is te veel! Wie kan hierin?""

Toen kwam een grote beer en zei: ""Ik kan hierin!"" En de beer at de wafel op. Maar toen de beer at, voelde hij zich heel vreemd aan. Hij begon te dansen en te zingen en hij vloog de lucht in!

Het konijn zei: ""Ha! Nu heb je een magische beer!"" En vanaf die dag deed de beer altijd dansen en zingen en vloog hij over de hele wereld. En het konijn at de rest van de wafel op en zei: ""Dat was de lekkerste wafel die ik ooit heb gegeten!"""
meta-llama/llama-3.1-8b-instruct,0,"
Je bent een verteller van een kort verhaal (rond de 200 woorden).
Je bent een kind tussen de 4 en 6 en je vertelt een verhaal aan klasgenoten. 
Je publiek bestaat uit kinderen van jouw leeftijd. 
Geef het verhaal geen titel of introductie.
",Vertel een verhaal.,"Er was eens een prinsesje dat heette Sophia. Ze woonde in een prachtig kasteel met een hofdame die heette Emma. Sophia had een zwart poesje genaamd Luna en ze was heel lief. Sophia hield van spelen en van dansen.

Een dag ging Sophia naar de moestuin om bloemen te plukken. Daar ontdekte ze een geheimzinnig klein deurtje dat ze nog niet eerder gezien had. Ze zei: ""Emma, Emma, kom snel hier!"" Emma kwam aan en vroeg: ""Wat is er, Sophia?""

Sophia wees naar het deurtje en zei: ""Kijk, Emma, een deurtje! Wat zou erachter zitten?"" Emma zei: ""Laten we maar eens kijken!"" En ze duwden het deurtje open.

Daarachter zat een klein koninkrijk vol leuke dieren, zoals konijnen, eekhoorns en muizen. Sophia en Emma keken met grote ogen. Sophia zei: ""Dit is het mooiste ding dat ik nog nooit gezien heb!"" En ze bleven in dat koninkrijk kijken totdat de zon begon te zakken.","Er waren eens twee vrienden, Tim en Max. Ze waren erg dol op spoken en wilden een keer een gesprek met een echte spekken hebben. Zij gingen in de bossen op onderzoek uit. Na lange tijd kwamen ze bij een oude boom. Die boom was heel spookachtig. Er waren ijselijke winden, en een vreemde geur kwam uit de boom. Tim en Max waren bang, maar ze durfden niet weg te lopen.

Een stem die heel diep klonk, zei: ""Wie durft met mij te praten?"" Tim en Max keken elkaar aan, echt heel bang. Toen zei Tim: ""Ik."" De stem zei: ""Goed, wat wil je weten?""

Tim zei: ""Waarom ben je zo spookachtig?"" De stem antwoordde: ""Ik ben niet spookachtig, ik ben een oude boom, ik wil dat je weet dat je nooit bang moet zijn voor de dingen die je niet kent.""","Er waren eens drie vriendjes. Ze heetten Tim, Ben en Max. Ze waren allemaal supergaaf en hielden van avonturen. Een dag besloten ze om naar het bos te gaan. Ze wilden er geen vrienden maken, maar vonden een prachtige diamant.

Maar toen ze hem vonden, werd de diamant ineens groot en rood. Hij begon te schudden en ze vielen in de diepte. Ben en Max vielen in een grote poel met water, maar Tim viel in een kooi met een leeuw.

De leeuw zei: ""Hallo, ik ben Leo. Ik denk dat het tijd is om uit de kooi te ontsnappen."" Tim en Leo vonden een luik en gingen erdoor. Ze kwamen in een grote tuin met appelbomen.

Ze plukten appels en aten ze. Toen kwamen Ben en Max tevoorschijn en zei Max: ""Ik was zo bang voor Leo, maar hij is super aardig."" De vriendjes gingen naar huis en vertelden hun ouders over de leeuw. En vanaf die dag ging Leo met hen op avontuur.","Er was eens een klein koninkrijkje met witte huizen en bloeiende bloemen. In het midden van het koninkrijk stond een grote boom met een paar vogeltjes die in de takken zongen. Maar het koninkrijkje had een probleem: de rivier was droog!

Een meisje met blauwe ogen en rood haar kwam op het idee om de rivier weer te laten stromen. Ze ging naar de boom en vroeg de vogeltjes om raad. Een vogeltje met een rode snavel zei: ""Ga naar de berg op de andere kant van het koninkrijk en zoek de waterbron!""

Het meisje liep naar de berg en vond een grote bron met helder water. Ze pompte het water naar de rivier en... kazuifel! De rivier was weer vol water! Het koninkrijkje was opnieuw vol leven en de vogeltjes zongen nog harder dan ooit.

Al het volk van het koninkrijkje kwam naar het meisje en dankte haar voor haar heldedade. Vanaf toen was ze de heldin van het koninkrijkje en de vogeltjes zongen altijd voor haar.","Er was eens een prinsesje dat een kabouter had als beste vriend. De kabouter heette Pim en hij was super klein. Hij had een rode muts op zijn hoofd en een lange baard. De prinsesje was heel lief en gaf Pim altijd wat lekkers om te eten.

Een keer gingen de prinsesje en Pim in het bos op avontuur. Ze keken naar een klompenmaker die klompen aan het maken was. De klompenmaaker zei: ""Hallo, kleine prinsesje. Wil je een klomp maken?""

De prinsesje zei: ""Ja, wil jij een klomp voor Pim maken?"" De klompenmaker zei: ""Ja, natuurlijk! Maar als Pim hem niet kan lopen, moet je hem zelf dragen.""

Pim was heel bang om zijn nieuwe klomp uit te proberen. Maar de prinsesje zei: ""Ga maar, Pim! Ik help je!"" Pim deed zijn klomp aan en ging lopen. Hij deed het heel goed en hij kon zelfs rennen!

De prinsesje en Pim gingen weer naar huis en de klompenmaker gaf Pim een klein belletje. Pim was heel blij en hij nam zijn klomp mee naar bed."
meta-llama/llama-3.1-8b-instruct,0,"
Je bent een verteller van een kort verhaal (rond de 200 woorden).
Je bent een kind tussen de 4 en 6 en je vertelt een verhaal aan klasgenoten. 
Je publiek bestaat uit kinderen van jouw leeftijd. 
Geef het verhaal geen titel of introductie.
",Vertel een verhaal.,"Er was eens een kleintje paardje, hij heette Pip. Pip was heel snel en had een dikke, rode manen. Hij woonde op een boerderij met zijn beste vriend, een zwaan genaamd Zwep.

Pip en Zwep gingen elke dag samen op avontuur. Ze gingen door het bos, over de velden en langs de rivier. Pip was zo snel dat hij Zwep kon inhalen en dan kon hij even zwemmen in de rivier.

Een keer kwamen ze een moeilijk stuk bos tegen. Het was zo donker en het was moeilijk om doorheen te lopen. Maar Pip en Zwep waren niet bang. Ze keken elkaar aan en dan ging Pip voor en Zwep volgde hem.

Ze kwamen aan de andere kant van het bos en dan zagen ze een grote, rode appelboom. Zwep vloog omhoog en plukte een appel. Pip at de appel en dan werden ze allebei heel blij. Ze gingen terug naar de boerderij en aten een grote maaltijd.","Er was eens een prinsesje met een mooi rood haar. Ze woonde in een magisch koninkrijk vol met kleurrijke bloemen en glinsterende sterren. De prinsesje heette Sophia en zij had een vriendelijke hond genaamd Max.

Een dag ging Sophia op pad met Max om te spelen in de bos. Toen ze door het bos liepen, zagen ze een klein, verdwaald beertje. Sophia en Max besloten om het beertje te helpen. Ze vonden een kaart die op de grond lag en ze volgden de kaart naar een prachtige schuilplaats.

In de schuilplaats lag een magisch boek vol met wonderen. Sophia bladerde door het boek en vond een pagina met een geheime code. Sophia en Max probeerden de code te kraken en opeens werd de schuilplaats gevuld met een felle lichtstraal.

De lichtstraal deed de verdwaalde beertjes terug naar hun moeder, die hen heel dankbaar was. Sophia en Max werden beloond met een speciale ster op hun voorhoofd en een magisch feest in het koninkrijk. En zo werden Sophia en Max de helden van het magische koninkrijk!","Ik woon bij mijn ouders in een klein huisje met een grote tuin. In die tuin zitten veel vogels. Mijn favoriete vogel is de zwaluw. Hij is super snel en vliegt altijd zo hoog. 

Een keer, toen het zondagochtend was, zette ik een klein schoteltje met appelstukjes op het balkon. Ik wilde de vogels voederen. Maar de zwaluw kwam niet alleen naar het schoteltje. Hij had ook zijn vriendje met hem mee. Het vriendje van de zwaluw was een klein vogeltje met een blauw en groen verenkleed. 

Het vogeltje met blauw en groen vond de appelstukjes heel lekker. Maar de zwaluw wilde niet eten. Hij zei tegen zijn vriendje dat hij niet kon eten, want hij had een dag eerder appel gegeten. Het kleine vogeltje vond het heel erg en huilde. De zwaluw zei ""geen paniek, ik breng je morgen een appel"". De volgende dag bracht de zwaluw een appel naar het kleine vogeltje.","Er was eens een prinsesje dat heette Sophia. Sophia had een paard dat een zilveren vacht had en blauwe ogen. Ze noemden haar 'Sterrenstraal'. Sophia en Sterrenstraal gingen elke dag naar de prachtige tuin van het kasteel. Ze zochten naar bloemen en vonden altijd de mooiste.

Op een dag ontdekte Sophia een klein nachtvlindertje in de tuin. Het vlindertje had een prachtige schitterende kleurencombinatie. Sophia vond het vlindertje zo mooi dat ze besloot om het te helpen. Ze nam het vlindertje naar haar kamer en voedde het met suikerwater.

Al snel groeide het vlindertje sterk. Sophia liet het vlindertje vliegen en het ging rechtstreeks naar de maan. Sophia en Sterrenstraal keken naar de maan en zagen het vlindertje rondvliegen. Ze vonden het vlindertje zo mooi dat ze besloten om het vlindertje naar de maan te laten vliegen om de maan te versieren.","Een keer ging ik met mijn vriendin Lente op een uitstapje naar het bos. We liepen heel ver en kwamen bij een groot veld vol bloemen. Lente zocht naar mooie bloemen voor haar moeder. Ik liep rond en vond een leuke vlinder, een gele vlinder. Lente vond een prachtige roze bloem.

Plotseling kwam er een varken uit het niets. Het was heel groot en had een scherpe snuit. Het zag onze bloemen en vlinder. Ik en Lente waren bang. We renden weg, maar het varkentje rende ook. We renden zo snel mogelijk en kwamen uiteindelijk bij een boom. We klommen in de boom en het varken rende onder de boom door.

Toen hadden we even rust. Lente zei: ""Heb je de vlinder nog?"" Ik keek en zag dat de vlinder nog steeds op de grond lag. Ik had de vlinder vergeten. We klommen uit de boom en namen de vlinder mee. Toen we terugkwamen, was het varken verdwenen."
meta-llama/llama-3.1-8b-instruct,ADV,"
Je bent een verteller van een kort verhaal (rond de 200 woorden).
Je bent een kind tussen de 4 en 6 en je vertelt een verhaal aan klasgenoten. 
Je publiek bestaat uit kinderen van jouw leeftijd. 
Geef het verhaal geen titel of introductie.
","Vertel een verhaal. 
Begin het verhaal met een woord met het volgende pos-tag ADV.","Gisteren ging ik met mijn vriendjes de speeltuin in. We liepen naar de schommels en zaten direct op de knallende bollen. Ik viel van de schommel en mijn neus begon te bloeden. Mijn vriendjes begonnen te lachen en ik werd boos. Maar toen ik zag dat mijn vriendin Lotte kwam kijken of ik goed was, begon ik ook te lachen.

Lotte zei dat ik een held was en dat ik op een avontuur was geweest. Daar begonnen we meteen over te fantaseren. We zouden op zoek gaan naar een schat, maar eerst moesten we door een donker bos. We liepen door het bos en kwamen bij een grote rots. Daarachter zagen we een glinsterende ster.

Lotte zei dat we de ster moesten volgen en dat daarmee de weg naar de schat zou worden getoond. We liepen achter de ster aan en kwamen bij een grote grot. Daar troffen we onze schat aan. Het was een zak met suiker. Mijn vriendjes en ik waren heel blij en weerhuilden niet meer van de val van de schommel. We gingen meteen naar huis en aten een zak suiker leeg.","Vroeger, in een klein dorpje, waren er twee vrienden, een hond en een kat. Ze waren de beste vrienden en speelden altijd samen. De hond heette Max en de kat heette Whiskers.

Max en Whiskers zochten altijd avonturen. Ze ontdekten een klein bosje met een oude boom. Er zat een klein gat in de boom en ze besloten om het te gaan verkennen. Ze kropen door het gat en vonden zichzelf in een geheim bos.

In het geheim bos groeiden de mooiste bloemen en waren de boomwortels zo breed en dik dat je er gemakkelijk doorheen kon klimmen. Max en Whiskers speelden en klommen door de boomwortels totdat ze uitgeput raakten. Toen keerden ze terug naar hun dorpje, waar ze werden verwelkomd met een lekker bakje hondenkoekjes en een schep kippensoep.","Daar was eens een prinsesje. Ze woonde in een prachtig paleis met een grote tuin vol bloemen en een zwembad vol water. De prinsesje heette Sophia en ze had een klein hondje genaamd Max.

Sophia en Max gingen altijd op avontuur in de tuin. Ze zochten naar schatten en speelden in de bloemen. Maar op een dag vonden ze iets heel speciaals. In een grote boom stak een klein vogeltje een nestje. Sophia en Max waren erg onder de indruk en besloten om het vogeltje niet te storen.

Maar toen ze terug naar het paleis gingen, hoorden ze een stem die hen riep. Het vogeltje had een prachtige zangstem en vroeg Sophia en Max om te luisteren naar zijn liedje. Sophia en Max gingen dichterbij en luisterden naar het vogeltje. En toen begon Sophia ook te zingen. Haar stem was zo prachtig dat het vogeltje en Max zeiden dat ze een engel waren.","Alles ging goed. Er was een leuk park bij ons huis waar ik graag speelde. Er waren zoveel trappen, zitbanken en een grote speeltuin. Op een dag kwam ik met mijn beste vriendin Emma naar het park. We liepen rechtstreeks naar de trampoline. Daar speelden er ook een paar andere kinderen. Emma en ik sprongen op de trampoline en begonnen te spelen met de anderen. We deden alle soorten trampoline-sprongen en lachten veel. Na een tijdje waren we doodmoe. We gingen naar de zitbanken liggen en keken toe hoe de andere kinderen speelden. Toen we moe waren, liepen Emma en ik naar huis. We hadden een leuke dag gehad.","Vroeger, in een klein landje, woonde een lieve konijn. Zijn naam was Fluffy. Fluffy leefde in een prachtige tuin vol met bloemen en groente. Hij hield van niets meer dan van eten en spelen.

Fluffy had een beste vriend, een vogeltje genaamd Tweety. Tweety was heel snel en kon overal heen vliegen. Elke dag ging Fluffy met Tweety op avontuur in de tuin. Ze zochten naar eieren, bladeren en andere lekkere dingen.

Een dag besloten Fluffy en Tweety om een grote taart te bakken. Ze gingen op zoek naar ingrediënten en vonden een bakje melk, een zak suiker en een paar eieren. Met veel moeite bakte Fluffy de taart en Tweety deed zijn best om hem te versieren.

Toen ze klaar waren, aten Fluffy en Tweety samen de lekkerste taart uit de tuin. Het was echt de leukste dag ever!"
meta-llama/llama-3.1-8b-instruct,PRON,"
Je bent een verteller van een kort verhaal (rond de 200 woorden).
Je bent een kind tussen de 4 en 6 en je vertelt een verhaal aan klasgenoten. 
Je publiek bestaat uit kinderen van jouw leeftijd. 
Geef het verhaal geen titel of introductie.
","Vertel een verhaal. 
Begin het verhaal met een woord met het volgende pos-tag PRON.","Ik heb een hond. Hij is heel lief. Hij heet Max. Max is zwart en heeft een witte neus. Hij kan heel hard rennen.

Max heeft een vriend. Hij heet Bella. Bella is een hondje en zij is wit. Ze heeft een rood oortje. Max en Bella zijn vrienden. Ze spelen samen in de tuin.

Een keer deden Max en Bella een spel. Ze volgden een spoor van eieren. Eerst waren ze heel voorzichtig, maar toen ze zag dat er geen eieren waren, begonnen ze te rennen.

Ineens hoorden ze een geluid. Het was een vogel. Hij zat in een boom. Max en Bella keken elkaar aan en begonnen te gillen. Toen renden ze naar huis. Ze waren heel bang.

Toen ze thuis waren, vroegen ze mama waarom die vogel zo hard schreeuwde. Mama zei dat het geen slechte vogel was, maar dat hij gewoon schreeuwde om zijn vriend te halen. Max en Bella vonden het leuk om te luisteren naar de vogel en ze gingen weer naar buiten om te spelen.","Ik ging vroeg op stap met mijn beste vriendin, Lonneke. We waren op weg naar de speeltuin. Het was een prachtige zonnige dag en we hadden zin om te spelen. Toen we daar aankwamen, zagen we dat er een klein schipje in het water lag. 

Lonneke zei: ""Weet je wat? We gaan met dat schipje varen!"" En ik zei: ""Ja, dat is een goed idee!"" We gingen wat water op de bodem van het schip zetten. Toen we klaar waren, ging Lonneke op het schip zitten. En ik zei: ""Ik wil ook een keer!"" 

Ik ging zitten en Lonneke zei: ""We gaan nu varen!"" En we zeilden op het water. Het was zo leuk! We zeilden langs de brug en we hoorde een grote boot die tegen de brug aan kwam. 

We hoorden een roepende man, die zei: ""Hallo, kinderen! Hoe gaat het?"" En Lonneke zei: ""We gaan varen!"" En de man zei: ""Leuk hè?""","Ik heb een eend. Die eend heet Sjaak. Sjaak woonde op een boerderij. Hij was heel vrolijk en hij wou altijd naar buiten. Hij hield van graszoden en bloemen. Eentje was Sjaaks lievelingsbloem: de zonnebloem. Die bloem was zo groot en geel als de zon.

Een dag kwam een grote, grijze wolvin op de boerderij. Ze deed heel veel kwaad. Ze vond Sjaaks allerliefste zonnebloem en voerde hem op. Sjaak was heel verdrietig. Hij wou zijn zonnebloem terug. Hij ging naar de boerderijhouder en zei: 'Plezierig, hoe kan ik mijn zonnebloem terugkrijgen?'

De boerderijhouder zei: 'Ik ken een plan.' Hij ging met Sjaak naar de wolvin en zei: 'Je bent een kwaadaardige wolvin. Je mag deze zonnebloem niet hebben.' De wolvin gaf de zonnebloem terug. Sjaak was heel blij.","Jij weet wat? Er was eens een magische konijn. Hij was heel snel en had lange oren. Die oren konden hij zelfs gebruiken om te horen wat andere dieren dachten. 

De magische konijn had een vriend, een klein vogeltje. Dat vogeltje kon vliegen en was erg lief. Samen gingen ze op avontuur. Ze zochten naar een schat. De magische konijn hoorde met zijn oren dat er een schat verborgen lag in een oude boom.

Ze gingen naar de boom en zochten naar de schat. De vogeltje vloog omhoog om te kijken of er iets te zien was. De magische konijn graven in de grond. En oef! Ze vonden een klein kistje. Ze openden het en vonden een hele hoop geld en juwelen. 

Ze waren zo blij en namen de schat mee naar hun huis. Daar werden ze als helden verwelkomd.","We hadden gisteren een feestje in school. Ik was heel blij, want ik hield van feestjes.

Ik was bezig met het versieren van de zaal, toen plotseling de deur open ging en mijn beste vriendje, Max, binnenkwam. Hij had een enorm pak kaarten en een grote lach op zijn gezicht. ""Ik heb een verrassing voor je!"" riep hij uit.

Hij begon met het uitdelen van de kaarten. We hadden een kaartspel, maar dit was iets heel anders. Het was een spel waarbij je met een reusachtige vuurwerkmoedertje moest raken. Maar, er was maar een klein probleem: het vuurwerk was enorm groot!

Ik was heel bang, maar Max zei dat ik niet bang hoefde te zijn, want hij zou bij me blijven. We speelden en speelden, maar toen kwam er plotseling een enorme vuurwerkexplosie. Ik schrok heel erg, maar Max gaf me een grote knuffel en zei: ""Ik ben bij je, we gaan dit samen doen!"""
meta-llama/llama-3.1-8b-instruct,ADV,"
Je bent een verteller van een kort verhaal (rond de 200 woorden).
Je bent een kind tussen de 4 en 6 en je vertelt een verhaal aan klasgenoten. 
Je publiek bestaat uit kinderen van jouw leeftijd. 
Geef het verhaal geen titel of introductie.
","Vertel een verhaal. 
Begin het verhaal met een woord met het volgende pos-tag ADV.","Nu was er een prinsesje. Ze was heel mooi en had lange, rode haren. Ze woonde in een kasteel in het midden van een groot bos. In het bos waren veel dieren, maar er was ook een gevaarlijke draak. Die draak wilde heel graag het kasteel van de prinsesje inbranden.

De prinsesje wist dat ze iets moest doen om de draak weg te houden. Ze ging naar de oude vrouw die in het bos woonde. Die oude vrouw was heel slim en wist alles over de planten en dieren in het bos.

De oude vrouw zei tegen de prinsesje: ""Ik ken een plant die de draak kan verwijderen. Maar het is een heel zeldzame plant en je moet heel snel zijn."" De prinsesje ging naar de plant en nam hem mee terug naar het kasteel. Toen de draak kwam, gooide de prinsesje de plant naar de draak. De draak ging meteen dood en de prinsesje was heel blij dat ze de draak had kunnen verslaan.","Gisteren ging ik naar de speeltuin. Daar speelden mijn vriendjes Lucas en Tim, en we gingen samen op de grote schommel. Lucas ging op de schommel zitten en begon te schommelen. Ik ging ook op de schommel zitten en ik schommelde zo hard dat ik bijna van de schommel af viel. 

Tim ging ook op de schommel zitten en hij begon te gillen van plezier. 'Ik wil hoger!' riep hij. Lucas en ik begonnen harder te schommelen, en Tim ging steeds hoger. Toen hij bijna tegen de zonnetjes aan ging, schommelden we nog harder. Tim viel van de schommel af en viel op het zand. Hij begon te lachen en zei: 'Dat was leuk!'","Voorzichtig ging Pipo door de bosheuvels. Hij had een speciale missie. Hij moest naar de verlaten schommel toe. Dat was zijn favoriete plek in het bos. Hij liep langs de boomstammen en stak de beek over. Toen hij bij de schommel aankwam, zag hij dat hij kapot was. Niemand had hem in een tijdje genomen.

Pipo wilde het vaste deel van de schommel eraf trekken. Maar toen hij aan het trekken was, hoorde hij een stem. ""Hé, nee!"" Het was zijn vriendin Sien. Ze stond achter hem met een brede grijns op haar gezicht. ""Ik kan je helpen,"" zei ze. En samen trokken ze aan de schommel.

Al snel kwam de schommel volledig los van de boom. Pipo en Sien keken elkaar aan en glimlachten. ""We gaan hem repareren,"" zei Pipo. En samen gingen ze op onderzoek uit om de juiste spijkers en houten staven te vinden.","Alleen in het bos was er een prinsesje. Ze heette Lily en ze was echt heel lief. Ze had blonde haren en blauwe ogen. Ze ging naar de kristallen meren om een haan te zoeken. Ze was lief voor alle dieren en zij waren allemaal lief voor haar.

Toen ze bij de meren aankwam, zag ze een prachtige haan. Hij was rood en hij had een grote snavel. Lily vond hem zo mooi en ze wilde hem graag hebben. Maar de haan was niet van haar. Hij was van de koningin en ze was erg boos.

Lily ging naar de koningin en ze vertelde haar dat ze de haan graag wilde hebben. De koningin was erg boos en ze zei nee. Maar Lily was niet geërgerd. Ze ging naar de koningin en ze vroeg haar of ze haar kon helpen. De koningin zag dat Lily heel lief was en ze was trots op haar. Ze gaf Lily de haan en ze zei dat ze altijd welkom was in de koninklijke tuin.","Vandaag ging ik met mijn vriend Rik op avontuur in de achtertuin van mijn huis. We wilden een eend vangen, maar die was heel snel. Hij woonde in een klein moerasje met een heel lange riet. 

We keken uit over het moerasje en zeiden allebei ""we gaan het doen!"" Riks moeder had hem een lange stok gegeven. Rik gooide de stok in het moerasje en de eend kwam snel naar de stok toe. 

Ik was zo trots op Rik dat hij zo snel de eend had gegrepen! De eend begon te blèren en probeerde te vluchten. Maar Rik was zo snel dat hij de eend in een kooi gooide die we hadden gemaakt. 

We waren zo blij dat we de eend hadden gegrepen. We gaven hem wat brood en hij at het gretig op."
meta-llama/llama-3.1-8b-instruct,ADV,"
Je bent een verteller van een kort verhaal (rond de 200 woorden).
Je bent een kind tussen de 4 en 6 en je vertelt een verhaal aan klasgenoten. 
Je publiek bestaat uit kinderen van jouw leeftijd. 
Geef het verhaal geen titel of introductie.
","Vertel een verhaal. 
Begin het verhaal met een woord met het volgende pos-tag ADV.","Vroeger, in een klein dorpje, woonde een leuke hond genaamd Max. Max was een witte golden retriever met een lange, pluizige vacht. Hij had grote, heldere ogen en een vriendelijke snuit.

Max hield van spelen in de zon en van rennen door het groene gras. Hij was erg snel en kon overal komen, van het bos tot aan het strand.

Eenmaal, toen Max erg moe was van al dat rennen, besloot hij om even te rusten op een zonnige rots. Daar lag hij te kijken naar een groep vogeltjes die in de bomen zaten te zingen.

Max luisterde naar hun zang en voelde zich gelukkig. Hij was dankbaar voor alle leuke dingen die hij kon doen in dat mooie dorpje. En met een tevreden gevoel sliep Max in.","Vroeg in de ochtend ging ik met mijn beste vriendje, Tim, op pad. We liepen naar het park, waar de zonnetjes tussen de boomtakken door scheen. We wilden een eitje zoeken.

Een eitje, dat was het doel van ons avontuur. Mijn vader had ons verteld dat er een ei verstopt was in het park. Hij had gezegd dat we moesten zoeken en vinden. En dat zouden we doen!

We liepen door het park, keken omhoog en om laag. We zochten tussen de bladeren en de zonnebloemen. Eindelijk, na lang zoeken, zagen we iets glimmend onder een boom liggen. We stapten er naartoe en... ja! Daar lag het ei!

Het was zo groot en mooi. We waren zo trots. We namen het ei van de grond en liepen terug naar huis. Daar kregen we een grote beloning van mijn vader: een grote bak koekjes! We waren zo blij. We hadden het ei gevonden!","Vandaag ging ik met mijn vader naar de dierentuin. We liepen langs een grote lommerrijke weg en kwamen bij de ingang. Mijn vader gaf me een geldstuk en zei dat ik het kon spenderen aan snoep of een leuke speeltjes.

Ik ben vastbesloten om naar de speeltuin te gaan. Daar kunnen alle kinderen spelen met de geweldige olifant. Die heeft zo'n grote mond die open en dicht kan en hij maakt een lekkere geluid. Ik wilde geweldig graag die olifant bevestigen.

Ook waren er een paar andere dieren die ik graag wilde zien, zoals de leeuw en de giraffe. Die kon ik vandaag heel goed zien. Hij kwam zo dichtbij dat ik bijna kon aanraken hoe lang hij was.

Na deze leuke dierentuin wilde ik naar huis om even bij te slapen. Het was een heel leuke dag.","Vroeger, in een klein dorpje, was er een prinsesje. Ze heette Sophia en ze had een schitterende roze jurk aan. Sophia kon vliegen. Ze had een speciale kracht in zich. Elke dag vloog ze naar de boomtoppen en at ze appels. 

Sophia's beste vriend was een konijn. Hij heette Koning Fluffy. Koning Fluffy was super snel en kon overal heen rennen. Hij was altijd bang voor een grote hondenbully. Die hadden altijd wat uit met hem.

Een keer ging Sophia met Koning Fluffy naar het bos. Ze zagen een grote duikeling met een grote stortvloed van water. Toen ze dat zagen, vlogen ze weg en rende Koning Fluffy zo snel mogelijk weg van de duikeling. De duikeling werd heel erg groot en slokte alles op. Alleen Sophia en Koning Fluffy waren weg.","Zojuist, in een klein bosje bij ons huis, woonde een prachtige koningin. Ze had een enorm lange neus en vleugels op haar schouders. Haar naam was Kleine Koningin Kiki.

Kleine Koningin Kiki kon vliegen en woonde in een prachtig paleis van rozen en bloemen. Elke dag vloog ze door het bos en zong ze zang en vloog ze met haar vrienden: een vogeltje, een konijntje en een eendje.

Maar één dag kwam er een enorm grote wolf in het bos. De wolf wilde niets liever dan Kleine Koningin Kiki te eten geven. Maar de vogel, het konijn en de eend wisten wat ze moesten doen. Ze stuurden een boodschap naar Kleine Koningin Kiki om haar te waarschuwen.

Kleine Koningin Kiki vloog zo snel mogelijk naar haar paleis en sloot de deuren. De wolf probeerde om binnen te komen maar hij kon niet in het paleis omdat hij te dik was. Dus moest de wolf maar gewoon wachten tot Kleine Koningin Kiki uit het paleis kwam."
meta-llama/llama-3.1-8b-instruct,PRON,"
Je bent een verteller van een kort verhaal (rond de 200 woorden).
Je bent een kind tussen de 4 en 6 en je vertelt een verhaal aan klasgenoten. 
Je publiek bestaat uit kinderen van jouw leeftijd. 
Geef het verhaal geen titel of introductie.
","Vertel een verhaal. 
Begin het verhaal met een woord met het volgende pos-tag PRON.","Hij was een klein beer die woonde in een mooi bos. Hij had een rood jack aan en een grote hoed op zijn hoofd. Hij liep door het bos en vond een klein paard. Het paard was zwart en had een witte strik in zijn manen. De beer vroeg het paard of hij hem kon helpen. Het paard zei ja en ze gingen samen op pad.

Ze kwamen bij een rivier en het paard kon niet door het water. De beer had een idee en pakte een grote steen en gooide die in het water. Daar vormde zich een kleine brug. Het paard kon nu de rivier oversteken en ze gingen verder.

Ze kwamen bij een grote poort en er stond een grote boog op. De beer zei tegen het paard dat ze nu in de stad waren. Ze gingen door de poort en kwamen in een grote ruimte. Daar was een feestje aan de gang. Er was muziek en er waren kaarsen aan. De beer en het paard aten en dansten samen. Ze hadden een leuke dag.","Jij weet hoe het is: je hebt een grote honger. Mijn vriendje Pieter en ik gaan op zoek naar een lekkere hap.

We lopen door het bos en komen bij een grote kiep. Die kiep heeft een klein gaatje waaruit een warm licht komt. Mijn buik maakt een knorrend geluid. Pieter zegt: ""Ik denk dat er iets lekkers uit komt!""

We kijken door het gaatje en zien een grote bak met de lekkerste worstjes die we ooit hebben gezien. We willen er allemaal in! Pieter en ik beginnen te eten en eten. De worstjes zijn zo lekker dat we niet kunnen stoppen.

Maar dan hoort Pieter een stem achter de kiep. ""Wie is daar?"" Hij zegt: ""Wij!"" Dan begrijpen we dat we in een kiepbedrijf zijn. We krijgen nog een few worstjes en gaan dan naar huis.","Ik ging gisteren met mijn vriendje Sam naar de speeltuin. We liepen langs de grote rode zandbak en ik zag een kleine draaimolen. Er zaten een paar kinderen in. De kleinste kinderen draaiden rond en gilden van plezier. Sam wilde ook in de draaimolen gaan zitten, maar toen ik hem aanklikte, ging de draaimolen kapot!

Sam huilde en ik zei: ""Maak je maar niet druk, we gaan naar de trampoline!"" De trampoline was super coöperatief en we sprongen zo hoog als we konden. Toen we moe waren, gingen we naar de schommels. Sam wilde helemaal alleen schommelen, maar hij viel af en ging huilen. Ik zei: ""Huil maar niet, ik ga je helpen."" Ik hielp hem op de schommel en we schommelden samen. Sam was heel blij en we gingen terug naar huis.","Ik ging naar de speeltuin met mijn vriendjes. We speelden op het klimrek en gingen steeds hoger. We keken uit over de hele speeltuin. Mijn vriend Timmy viel af, maar hij stak zijn hand uit en mijn andere vriendje Pieter pakte hem vast. Hij was niet bang, hij glimlachte zelfs. We besloten om met het zand te spelen. We bouwden een zandkasteel met een moat en een brug. Mijn vriend Pieter gooide een handvol water op ons kasteel. Het zand was nat geworden en het kasteel was ingestort. We gilden allemaal van plezier. We staken een opgevouwen krant in de grond en bouwden een nieuwe toren. De speeltuin was een leuke plek om te spelen.","Ik was eens in een groot bos met mijn hond. 

Mijn hond heet Max en hij is super snel. Hij kan overal naar toe rennen en ik kan maar moeilijk bijhouden. 

We speelden in het bos en zo kwamen we bij een groot meer. Daar was een bootje en Max ging erin zitten. Hij begon te varen en ik moest hem helpen om niet vast te komen te zitten aan de andere kant van het meer. 

Maar toen ging Max ineens erg hard varen. Hij was bijna op het eiland aan de andere kant van het meer. Ik moest hard lachen en ik sprong in de boot om Max te helpen. 

Samen vonden we een schat op het eiland. Het was een grote gouden sleutel en ik mocht hem hebben. Mijn plezier was heel groot en ik was super blij met mijn nieuwe sleutel."
meta-llama/llama-3.1-8b-instruct,CCONJ,"
Je bent een verteller van een kort verhaal (rond de 200 woorden).
Je bent een kind tussen de 4 en 6 en je vertelt een verhaal aan klasgenoten. 
Je publiek bestaat uit kinderen van jouw leeftijd. 
Geef het verhaal geen titel of introductie.
","Vertel een verhaal. 
Begin het verhaal met een woord met het volgende pos-tag CCONJ.","En dan had ik een konijn dat zei: ""Ik wil een race houden met de wind!"" De wind lachte en zei: ""Oké, maar je moet eerst een race houden met de zon."" 

De zon zei: ""Oké, maar je moet eerst een race houden met de regen."" 

Maar het konijn dacht: ""Ik kan niet tegen de regen."" Dus zei het: ""Ik wil niet tegen de regen."" 

En dan kwam de wind en zei: ""Je moet tegen de regen, of je gaat niet met mij en de zon racen."" 

Maar toen kwam de zon en zei: ""Wacht, ik wil niet tegen de regen."" 

Maar toen kwam de regen en zei: ""Ik ga met jullie racen."" 

Dus raceten ze allemaal samen, en het konijn won.","En toen ging ik naar de speeltuin. Daar speelden mijn vrienden al met een nieuw kasteel. Het was zo groot als een hele auto! Ik wilde er graag bij zijn, dus liep ik snel naar binnen. Daar ging ik rechtstreeks naar de speelautomaten. Ik wilde een ticket krijgen om de kasteeltoren te beklimmen. 

Toen ik mijn ticket had, ging ik met mijn vrienden naar boven. Het was zo hoog dat ik bijna struikelde! We zaten allemaal op de brede treden van de toren. Mijn vriendin Emma zei: ""We moeten de kasteelbel luiden!"" Dus ging ik naar beneden en vond een oude klok. Ik moest die zo hard mogelijk slaan. KLIK! De kasteelbel klingelde zo hard dat het geluid over de hele speeltuin te horen was!","En toen ging ik naar de speeltuin. Daar zag ik mijn beste vriendje, Tim, met een grote glimlach op zijn gezicht. Hij had een stretcher bij zich en begon te zwaaien met zijn armen. ""We gaan een reddingsmissie uitvoeren!"" riep hij uit.

Ik keek om me heen en zag dat er een dikke, rode appelsapvlek op de grond lag. ""O, een reddingspiloot heeft een val gemaakt!"" zei ik. Tim knikte en we sprongen allebei op de stretcher. ""Zullen we hem redden?"" vroeg hij. Met veel bravoure trokken we de stretcher vol appelsap naar een veilige plek.

Daar verlamden we de piloot met een plak stroopwafels en legden hem neer. De reddingspiloot was gered! Tim en ik konden niet stoppen met lachen. We hadden een geweldige reddingsmissie uitgevoerd!","En toen ging ik naar de speeltuin. Ik had mijn favoriete speelgoedauto bij me, die heette Superfast. Ik had hem van mijn opa gekregen. Hij was rood en had een grote motor in de achterkant.

Ik begon te rijden over de speelplaats, zo hard mogelijk. De andere kinderen keken naar me en begonnen te lachen. Ze wilden allemaal op de auto rijden. Ik maakte een grote bocht en ging over de trampoline. De auto vloog de lucht in en ik voelde me alsof ik vloog.

Toen ik weer op de grond belandde, zag ik mijn beste vriend, Tim, met een grote grijns op zijn gezicht. Hij had een leuk idee. Hij zei: ""Laat ons een race houden!"" Ik was zo blij! Ik wist dat ik zou winnen, want Superfast was de snelste auto in de speeltuin. De race begon en ik racete tegen Tim. We reden zo hard mogelijk en ik voelde me alsof ik in een echte raceauto zat.","En toen ging ik naar de speeltuin met mijn vriendjes. We wilden zo graag op de kolk springen, maar het was heel koud. Mijn beste vriend, Sjef, had een geweldig idee. Hij ging naar het kastje waar we onze jasjes bewaren en vroeg of hij mijn oudere zusjes jas mocht gebruiken.

Hij trok de jas aan en we gingen naar de kolk. Maar toen hij onder naar beneden sprong, ging de jas open en viel hij uit de jas. Hij viel met een grote plons in het water. Iedereen lachte en ik lachte ook. We liepen naar boven en Sjef trok zijn natte kleren uit. De juf kwam naar ons toe en vroeg wie de jas had meegenomen. Sjef zei ""Ik"". De juf zei ""Goed gedaan Sjef""."
meta-llama/llama-3.1-8b-instruct,ADV,"
Je bent een verteller van een kort verhaal (rond de 200 woorden).
Je bent een kind tussen de 4 en 6 en je vertelt een verhaal aan klasgenoten. 
Je publiek bestaat uit kinderen van jouw leeftijd. 
Geef het verhaal geen titel of introductie.
","Vertel een verhaal. 
Begin het verhaal met een woord met het volgende pos-tag ADV.","Vlakbij de speeltuin woonde een leuke hond genaamd Max. Max was een witte hond met een rood fel neusje. Hij had een vriend genaamd Lennart, die een klein jongetje was. 

Lennart en Max waren het beste van het beste. Ze gingen elke dag naar de speeltuin. Max at bij de uitverkoop kippensoep en Lennart had een appel. 

Een keer had Max een goed idee. Hij ging naar de speeltuin en wekte Lennart op. De zon was nog niet op, maar Max had een plan. Hij had veel balen in de tuin liggen. Hij ging ze allemaal uit de tuin halen en ze vielen met een grote klap. Lennart werd wakker en keek naar alle balen. Max zei: ""Kom mee, het is tijd om te spelen!"" 

Lennart en Max hadden de leukste dag van hun leven. Ze speelden op de balen tot ze moe waren. Toen ging het zonnetje op en Lennart ging naar school. Max ging terug naar huis, hij was kapot van al het spelen. Lennart vond het leuk om met Max te spelen.","Gisteren ging ik naar het park met mijn vriendje Max. We liepen over het pad en zagen een grote bak met water. Daar sprongen twee grote honden in en begonnen te spelen. Ze ging met hun kop onder water en kwam met een schuimende bek boven.

Mijn vader zei dat die honden zeker zouden willen zwemmen met mijn vriendin Anouk en haar hondje Bobby. Anouk ging naar de bak met Bobby en de honden gingen met hen spelen. Anouk en Bobby sprongen in het water en de honden gingen met hen spelen. 

Bobby ging overeind staan en daarna viel hij op de grond. Hij ging nog een keer overeind staan en viel opnieuw. Hij deed dat nog een paar keer, maar toen ging hij liggen en sliep. De honden gingen met Anouk spelen, maar toen hielden ze op met spelen en zetten ze zich neer naast Bobby. Na een tijdje stonden ze op en gingen ze spelen met Anouk.","Vroeger woonden er twee vrienden, Tim en Tom. Ze woonden in een leuk dorpje met een groot park. Ze hadden een hondje, een witte hond genaamd Fluffy. Fluffy was heel lief en had een grote neus.

Een dag gingen Tim en Tom met Fluffy naar het park. Ze speelden op de schommels en liepen door het gras. Toen zagen ze een klein huisje achterin het park. ""Wat is dat?"" vroeg Tim. ""Dat weet ik niet,"" zei Tom.

Ze liepen naar het huisje en klopten aan. Een oude vrouw deed open. ""Hallo jongens,"" zei ze. ""Het is een klein eiland. Ik woon hier al 20 jaar."" Ze gaven Fluffy een koekje en gingen naar huis. ""Dat was cool,"" zei Tim. ""Ja, dat was het,"" zei Tom.","Gisteren ging ik naar het park met mijn vriendin Lieve. We liepen over het pad en zagen veel bloemen. We zagen ook een hond die heel snel liep. 

Die hond was vriendelijk en wilde spelen. Lieve en ik gaven hem onze ballen en hij speelde met ons. We liepen door het park en zagen een poeltje water. In het water zwommen vissen en padden. We zagen ook een konijn die op de oever van het water zat. Hij at een appel. 

Lieve en ik aten ook een appel en zaten naast de konijn. Het was heel fijn in het park. We liepen nog een stuk en zagen een kikker. Hij leek heel klein en weiden dood. Maar toen sprong hij plotseling omhoog en weiden weg. Lieve en ik schreeuwden van verbazing.","Vandaag kwam er een prachtige dag. De zon scheen helder in de lucht en de vogels zongen heel hard. In ons dorp woonde een vriendelijke hond genaamd Max. Max was de beste vriend van onze klasgenootjes.

Max had een speciaal talent: hij kon vliegen! En niet gewoon vliegen, maar hij kon echt hoog in de lucht zweven. Alle kinderen in het dorp wilden met Max vliegen, maar Max keurde zijn vrienden alleen maar uit als ze een speciale taak hadden gekregen.

Een dag had de dierenarts van ons dorp een ernstig zieke vogel. De vogel had een knappe zwaar infectie en niemand wist wat ervoor nodig was om hem beter te maken. Max had horen praten over een magische plant die ergens in de buurt groeide. Hij besloot om het te gaan zoeken, samen met zijn beste vriendin Emma.

Samen trokken Max en Emma door het bos, langs de beek en over het veld. Uiteindelijk vonden ze de magische plant en Max bracht deze plant naar de dierenarts. De vogel herstelde zich heel snel en alle kinderen in het dorp waren heel trots op Max."
meta-llama/llama-3.1-8b-instruct,CCONJ,"
Je bent een verteller van een kort verhaal (rond de 200 woorden).
Je bent een kind tussen de 4 en 6 en je vertelt een verhaal aan klasgenoten. 
Je publiek bestaat uit kinderen van jouw leeftijd. 
Geef het verhaal geen titel of introductie.
","Vertel een verhaal. 
Begin het verhaal met een woord met het volgende pos-tag CCONJ.","En toen was het zomer. Ik ging naar de zandbank bij het strand. Daar speelden mijn vrienden en ik. We bouwden een gigantische zandkasteel. Maar toen ik naar de zee liep om water te halen, werd ik gegrepen door een grote golven. Ik voelde me verdoofd en ging drijven. Mijn vrienden zagen me en schreeuwden mijn naam. Ze renden naar me toe en grepen mijn handen vast. Samen zwommen we terug naar de zandbank. We zagen dat onze kasteel in elkaar was gestort. We lachten en bouwden een nieuw kasteel. Dat was nog mooier dan het vorige. We aten chips en appels en dansten in het zand. De zomer was leuk.","En toen ging ik naar de speeltuin met mijn beste vriendje, Tim. We liepen door de poort en ik zei: ""Tim, kijk! Een paard! Een echte paard!"" En Tim keek ook en hij zei: ""Ja, dat is een paard! Maar het is niet echt."" En ik zei: ""Waarom niet?"" En hij zei: ""Omdat het van plastic is."" En ik vond het écht leuk, want ik kon op het paard springen en hem rijdend maken.

Toen kwam er een dame en ze zei: ""Jongens, mag ik even uw aandacht?"" En ik zei: ""Ja, natuurlijk!"" En zij zei: ""Kom hier eens kijken."" En ik liep naar haar toe en ik zag dat ze een kast had vol met poppen die allemaal paarden waren. En ik zei: ""Wow, dat zijn veel paarden!"" En Tim zei: ""Ja, die zijn echt!""","En toen kwam er een prachtige dag voor de dieren in het bos. De zon scheen helder en de vogels zongen hun mooiste liedjes. Maar er was één dier dat zich niet vrolijk voelde. Het was een kleine eekhoorn met een piekhaar en een grote neus. Zijn naam was Bram.

Bram was heel bang voor de grote honden in het bos. Hij durfde niet eens buiten te komen. Zijn vrienden probeerden hem te helpen, maar hij weigerde.

Toen kwam er een dikke witte kat naar het bos. Ze heette Sneeuw en was heel vriendelijk. Sneeuw sprak met Bram en vroeg hem waarom hij zich zo bang voelde. Bram vertelde haar over de honden en Sneeuw zei: ""Ik zal je helpen, Bram. Ik zal die honden wegwuiven!""

En zo ging Sneeuw met Bram naar de honden. Ze sprak met hen en ze werden heel vriendelijk. Bram was niet meer bang en hij kon eindelijk naar buiten. Hij was heel dankbaar voor Sneeuw en werd nu een van de gelukkigste eekhoorns in het bos.","En toen was het weekend. Mijn broertje en ik waren op stap met onze honden. We gingen naar het park en speelden daar een beetje. Maar toen kwam de hond van onze buren, je kent hem wel, die groene hond, en hij begon te jagen. Mijn broertje en ik moesten wegrennen. We liepen zo snel mogelijk naar uitgang van het park. De groene hond kwam achter ons aan. Toen we buiten waren, hoorden we onze moeder roepen. Ze had koffie voor ons gemaakt en was zo blij dat we ongedeerd waren. We aten onze koffie en keken hoe de groene hond terug rende naar zijn eigen park. Mijn broertje en ik keken elkaar aan en weiden en lachten.","Maar, er was eens een lieve eend die in een prachtig meer woonde. De eend heette Els en ze had een prachtig groen en rood verenkleed. Els kon heel goed zwemmen en vliegen en ze hield van allebei.

Els had een beste vriendin, een vos genaamd Vicky. Vicky was heel snel en kon goed rennen en klimmen. Ze was ook heel slim en kon alle puzzels oplossen.

Een dag kwamen er twee grote wolven naar het meer. Ze wilden Els en Vicky eten. Maar Els en Vicky waren bang niet. Zij waren heel slim en kwamen met een plan. Ze vroegen de andere dieren van het meer om te helpen.

Samen reden de dieren de wolven weg. Els en Vicky werden er helden van. Vanaf dan werden ze de beste vrienden van alle dieren in het meer. En ze leefden nog vele jaren lang in vrede en geluk."
meta-llama/llama-3.1-8b-instruct,ADV,"
Je bent een verteller van een kort verhaal (rond de 200 woorden).
Je bent een kind tussen de 4 en 6 en je vertelt een verhaal aan klasgenoten. 
Je publiek bestaat uit kinderen van jouw leeftijd. 
Geef het verhaal geen titel of introductie.
","Vertel een verhaal. 
Begin het verhaal met een woord met het volgende pos-tag ADV.","Vroeger, in een klein dorpje op het platteland, waren er twee vrienden. Hun namen waren Max en Sam. Max was een leuke hond met een witte vacht en blauwe ogen. Sam was een kat met een zilveren vacht en groene ogen.

Max en Sam waren altijd samen en speelden bij de boerderij van Max' eigenaar. Een dag besloten Max en Sam om op avontuur te gaan. Ze liepen door het veld en kwamen bij een zware, oude boom. Op de boom zat een holle knop.

Max en Sam besloten om in de boom te klimmen en in de holle knop te kijken. Binnen in de knop was een tunnelsysteem. Ze gingen verder en kwamen in een grote ruimte met een gouden schat op een bank. ""Wauw, een goudenschat!"" zei Max. ""Dat is voor ons!"" zei Sam.","Gisteren ging ik naar het park. Het was een zonnige dag en ik had mijn fiets bij me. Ik reed naar het park en zag mijn vriendin Lisan. Ze zit op de voleybalschool en ik ook. We speelden samen voleybal en ik was heel goed.

Maar toen we pauzeerden, zag ik een grote hond. Hij was heel groot en had grote tanden. Ik was bang, maar Lisan zei ""Hij is niet erg, hij is vriendelijk"". Toen de hond me aankeek, voelde ik me wat beter.

Lisan en ik gingen weer aan het voleybal doen, en de hond kwam bij ons zitten. We gaven hem zelfs een bal en hij droeg hem met zijn bek. Hij was echt heel lief. We speelden nog een poosje en toen gingen we naar huis.

Ik was blij dat ik de hond had ontmoet. Hij was heel speciaal en ik hoop dat ik hem nog eens zie.","Nu, ik weet een leuk verhaal. Er was eens een eend die geweldig kon zwemmen. Hij heette Eddie. Eddie woonde in een prachtig meer met veel visjes. Eddie zwom elke dag in het meer om met zijn vriendjes te spelen.

Maar één dag ontdekte Eddie een geheim. Er was een verborgen grot in het meer. Eddie ging erheen en zag dat de grot vol was met goud en juwelen. Eddie was super blij en besloot om het goud en de juwelen voor zijn vriendjes te scheppen.

Met de goud en de juwelen kochten ze veel lekkere dingen, zoals ijsjes en rubberduiken. Alle eenden in het meer waren heel blij met Eddie's cadeau. Vanaf die dag werden Eddie en zijn vriendjes de rijkste eenden in het meer.","Gisteren ging ik met mijn vriendjes naar het park. We liepen over een pad en zagen een grote, rode appelboom. De boom was zo groot dat hij bijna tot aan de hemel reikte. We wilden allemaal van de appelboom klimmen, maar onze leraar zei dat dat niet mocht.

Mijn vriendje Sander wilde heel graag naar boven. Hij vroeg of we hem konden helpen. We hebben hem opgebouwd met onze handen en voeten. Eindelijk kon Sander op de hoogste tak zitten. Hij was zo blij dat hij een grote appel oogstte en aan ons gaf. We hielden allemaal een appel in onze hand en dachten dat we de gelukkigste kinderen ter wereld waren.

Toen we terug gingen naar school hielden we allemaal een appel in onze hand. Onze leraar vroeg waarom we allemaal een appel hadden. We vertelden dat Sander van de appelboom was geklommen en dat hij voor ons had gezorgd. Onze leraar lachte en zei dat Sander een echte held was.","Vroeger, in een land ver, stond een prachtig kasteel. Het had grote torens en een mooi park eromheen. In dat kasteel woonde een jonge prinses genaamd Sophia. Ze had rood haar en blauwe ogen en was heel lief.

Sophia had een lieve hond genaamd Max. Hij was een golden retriever en had een lange vacht. Sophia en Max waren altijd samen. Ze gingen wandelen in het park en speelden in de tuin van het kasteel.

Een dag kwam er een sneeuwstorm. Sophia en Max gingen naar binnen om warm te worden. Maar toen ze naar buiten keken, zagen ze iets moois. De sneeuw had een hele dikke laag op het park gelegd. Sophia en Max besloten om een sneeuwpop te maken.

Ze gingen naar buiten en begonnen te werken. Sophia en Max maakten een prachtige sneeuwpop. Ze noemden hem Maxy. Sophia en Max waren heel trots op hun sneeuwpop."
meta-llama/llama-3.1-8b-instruct,ADV,"
Je bent een verteller van een kort verhaal (rond de 200 woorden).
Je bent een kind tussen de 4 en 6 en je vertelt een verhaal aan klasgenoten. 
Je publiek bestaat uit kinderen van jouw leeftijd. 
Geef het verhaal geen titel of introductie.
","Vertel een verhaal. 
Begin het verhaal met een woord met het volgende pos-tag ADV.","Vroeger leefde er een prinsesje in een groot kasteel op een groene berg. Ze heette Prinses Sophia. Sophia hield van speelgoedbeesten en kon ze heel goed tegen. Ze had een witte pony en een rode hond. Ze ging naar school in de kasteelzaal. 

Ook ging ze naar de speeltuin. Ze speelde daar met haar beste vriendin, een meisje dat Prinses Charlotte heette. Ze speelden altijd met lego's en poppen. Op een dag, toen Sophia in de speeltuin was, zag ze een klein, gehavend poppenhuis. Ze herinnerde zich haar poppenhuis in het kasteel. Dat had ze gekregen van haar moeder. 

Ze besloot om het poppenhuis naar het kasteel te brengen. Ze zette het op haar fiets en reed naar huis. Toen ze thuiskwam, gaf ze het aan haar moeder. Die was heel blij. En vanaf dat moment, had Sophia nog veel meer vrienden in de speeltuin.","Vandaag ging ik met mijn beste vriend, Tim, naar de speeltuin. We liepen door de deur en ging naar de grote slaapgrage. Daar zaten we echt lekker omhoog. Mijn moeder had ons een paar snoepjes meegegeven, dus we konden gaan eten. 

Als we klaar waren, gingen we naar de kiezelsteentjes. Tim gooide een kiezelsteen in het water en toen viel hij in. Het water was ergens 1 meter diep. Hij kon nog steeds praten, dus hij was niet dood. Mijn moeder kwam naar ons toe en zei dat we moesten ophouden met gooien. Tim deed dat, maar ik ging nog een keer gooien. 

Ik gooide de kiezelsteen en die ging precies in het water. Ik ging kijken en toen zag ik dat het water ergens 2 meter diep was geworden. Ik was erg blij en ging weer naar Tim. Hij was een beetje boos op me, maar we waren blij dat we naar de speeltuin waren geweest.","Maar, vandaag ging ik naar de park met mijn beste vriendin Emma. We liepen door het gras en zagen een prachtig paard. Het paard was zo mooi dat ik niet kon stoppen met kijken. Emma zei: ""Kijk, een paard!"" En ze begon te springen. Ik begon ook te springen en we werden zo moe dat we moesten stoppen.

Toen zagen we een klein hondje dat naar ons kwam rennen. Het hondje was zo klein dat het bijna verdween in het gras. Emma en ik begonnen te lachen en het hondje begon ook te lachen. Nou, dat was niet echt mogelijk, maar het leek er wel op!

Wij besloten om het paard en het hondje te volgen. We liepen door het park en zagen allemaal dieren. We zagen een konijn, een vogel en zelfs een eekhoorn. Het was zo leuk om zoveel dieren te zien. Emma en ik zijn blij geweest dat we het park bezochten.","Gisteren ging ik naar de speeltuin met mijn beste vriendin Emma. We liepen naar de korte glijbaan en ik vloog naar beneden. Mijn broertje had een rode bal gemaakt en die gooide ik naar Emma. Maar, oeps! Ze ging een stapje achteruit en de bal kwam op haar neus terecht. Ze keek heel bang en ik begon te lachen. 

Toen ging ik op de kleine rood-witte zitbank zitten en ik zag een klein konijnje liggen. Het konijnje kwam naar me toe en begon te eten uit een zak chips. Emma kwam naar me toe en ze zei: ""Hé, dat is geen konijnje!"" En ik zei: ""Ja, het is wel een konijnje!"" Emma lachte en zei: ""Helemaal niet, dat is een hondje en die eet chips!"" 

En toen wisten we beiden dat het geen konijnje was.","Vandaag ging ik naar de speeltuin met mijn vriendin Sofie. We liepen door de grote deur en lieten een aantal kogels voor de speeltuinsetter. 

Sofie ging op de glijbaan zitten en ik ging op de kleinere ladder. Ik wilde altijd al hoog zijn. Toen ik bovenop de ladder was, zag ik een vogel in een boom. Ik schreeuwde naar Sofie: ""Kijk, Sofie! Een vogel!"" 

Sofie keek omhoog en toen begonnen we allebei te lachen. De vogel vloog weg en we gingen naar beneden. We liepen naar de kast met de ballen. We gooiden de ballen naar elkaar en ze vielen op de grond. We liepen naar de schommel en gingen schommelen. We hielden ons vast en hingen heel hoog. We vielen op de grond en lachten."
