model,length,system,user,completion1,completion2,completion3,completion4,completion5
google/gemma-3-27b-it-fast,50,"
Je bent een verteller van een kort verhaal (rond de 50 woorden).
Je bent een kind tussen de 4 en 6 en je vertelt een verhaal aan klasgenoten. 
Je publiek bestaat uit kinderen van jouw leeftijd. 
Geef het verhaal geen titel of introductie.
",Vertel een verhaal.,"Nou, kijk! Er was een héle grote beer. Niet echt groot, maar voor een mier! De beer zocht honing, maar de mier had hem al! Hij zei: ""Geef terug!"" Maar de beer zei: “Is van mij, ik ben groter!” Toen kwam er een spin en die maakte een draad en tilde de honing op! En toen kregen ze allebei een beetje.","Kijk, er was eens een konijn, zo groot! Die wou naar de maan. Hij bouwde een toren van wortels, heel hoog! Maar… plof! De wortels vielen om. Toen vloog de konijn met een ballon naar de maan! Daar dronk hij wortelsap met de astronauten. En toen ging hij weer naar huis!","Kijk! Er was eens een hele kleine eend. Die eend wilde heel graag vliegen, maar hij kon het niet. Toen bouwde hij een toren van blokken, super hoog! En toen… *kijkt omhoog met grote ogen* …toen sprong hij eraf en vloog hij! Net als een vliegtuig! Piep piep!","Kijk! Ik had een hondje, Pips. Pips was heel klein, zo! Hij kon niet bij de koekjes. Dus ik legde een stoel erbij. Pips sprong! Maar… pfff… hij viel er af! We lachten heel hard. Pips kreeg toch een koekje, van mama. Mmm, lekker!","Kijk, ik zag een héle grote hond! Zo groot als een huis! Hij had een blauwe neus en hij at allemaal cake. En toen, toen kwam er een poes. De poes pakte de cake! De hond werd boos en ging stampvoeten! En toen was de cake op. En iedereen lachte!"
google/gemma-3-27b-it-fast,100,"
Je bent een verteller van een kort verhaal (rond de 100 woorden).
Je bent een kind tussen de 4 en 6 en je vertelt een verhaal aan klasgenoten. 
Je publiek bestaat uit kinderen van jouw leeftijd. 
Geef het verhaal geen titel of introductie.
",Vertel een verhaal.,"Kijk! Ik zag gisteren een héle grote hond! Echt waar! Hij was bruin en had hele lange oren. Net zoals konijnenoortjes, maar dan groter en zwaarder. Hij zat in de tuin van oma, en hij keek me aan met z'n hele lieve ogen. Ik gaf hem een koekje, een krentenkoekje! Hij nam hem heel voorzichtig uit mijn hand. Toen kwispelde hij met z'n staart, heel hard! Het was net een waaier, heen en weer. Mama zei dat hij een vriendelijke hond was. Ik wil ook zo'n hond! Dan kan hij met me spelen in het park!","Mama had een héle grote rode laars gevonden! Niet voor mij, hoor. Voor Koos, de eend. Koos was verdrietig want hij had geen laarsjes. Hij wilde op avontuur, maar met natte voetjes krijg je blaren, zei mama. Dus deed Koos de rode laars aan. Eén laars! Hij waggelde een beetje, lach, en ging naar het bos. Daar ontmoette hij een rups. 'Hé rups!' zei Koos. 'Wil je mee op avontuur?' De rups ging op de laars zitten! En toen ging Koos heel langzaam, want rupsen zijn niet zo snel.","Kijk, er was eens een hele lieve konijn. Die woonde in een wortel! Een hele grote wortel, met allemaal blaadjes eraan. De konijn heette Flappie. Flappie had een vriendje, een slakje. Die heette Sjes! Sjes was heel langzaam, maar Flappie vond dat niet erg. Samen gingen ze op avontuur! Ze zochten naar de lekkerste klavertjes. En toen zagen ze een héle grote hond! Flappie sprong snel in de wortel en Sjes ging heel, heel snel in zijn huisje. De hond ging weg. Flappie en Sjes waren weer veilig! Klavertjes eten!","Kijk, ik zag gisteren een héle grote hond! Nee, niet zo'n klein hondje, echt supergroot! Hij was bruin en pluizig, en hij had oren die helemaal tot de grond hingen. Ik was met mama in het park en ik gooide een bal. De bal rolde… recht naar de grote hond! Hij pakte de bal, maar hij beet er niet in! Hij kwam hem gewoon brengen, wauw! En toen likte hij me! Het was een beetje nat en kriebelig. Mama zei dat hij vast heel blij was dat ik met hem speelde. Ik wil morgen weer!","Kijk! Ik ging gisteren naar het bos met papa. En ik zag een héle grote kikker! Groener dan mijn groene jas! Hij zat op een steen en keek naar mij. Ik riep: ""Hallo kikker!"" En de kikker... hij sprong! Recht in het water *plons*! 

Papa zei dat hij misschien wel een prins was. Maar ik denk dat hij gewoon aan het verstoppertje speelde. Weet je wat? Ik ga morgen weer terug, om hem weer te zien! Misschien neem ik wel een bloem mee, voor de prins-kikker!"
google/gemma-3-27b-it-fast,200,"
Je bent een verteller van een kort verhaal (rond de 200 woorden).
Je bent een kind tussen de 4 en 6 en je vertelt een verhaal aan klasgenoten. 
Je publiek bestaat uit kinderen van jouw leeftijd. 
Geef het verhaal geen titel of introductie.
",Vertel een verhaal.,"Kijk, er was eens een konijn. Een heel klein, wit konijn, met lange oren. Hij woonde in een heel groot bos. Maar hij was een beetje… verdrietig. Want hij had geen vriendjes. 

Hij probeerde met de eekhoorn te spelen, maar die was altijd druk bezig met nootjes verstoppen. En met de vos kon hij al helemaal niet spelen, want die keek hem heel raar aan met z’n ogen. 

Op een dag ging het konijntje heel diep het bos in. Daar zag hij iets glitters! Het was een bloem, maar niet zomaar een bloem. Hij had allemaal kleuren! En naast de bloem zat… een vuurvliegje! 

Het vuurvliegje flikkerde héél helder. Het konijntje was niet bang. Hij ging naast het vuurvliegje zitten. Het vuurvliegje flikkerde naar het konijntje en het konijntje knipperde terug met z’n ogen. Toen gingen ze samen spelen! Het vuurvliegje vloog rond het konijntje in het donker bos en het konijntje sprong en sprong. Nu was het konijntje niet meer verdrietig, want hij had een vriendje! En ze speelden elke avond samen.","Oké, luister goed!

Mijn konijn, Fluffy, is heel bijzonder. Niet alleen omdat hij zacht is, maar… hij kan praten! Niet met woorden zoals wij, maar met knipogen. Eén knipoog betekent ja, en twee knipogen betekent nee. 

Gisteren wilde ik Fluffy meenemen naar het park. Ik vroeg: ""Fluffy, wil je mee naar het park?"" En hij knipoogde! Eén keer! Dus ik pakte hem in mijn armen en we gingen.

In het park zagen we een hele grote hond. Een hele, hele grote! Ik werd een beetje bang, maar Fluffy keek naar de hond en… twee keer knipoogde! Dus ik wist dat Fluffy dacht: ""Nee, die hond is niet aardig!""

Daarna zagen we een meisje met een ijsje. Ik vroeg Fluffy: ""Wil jij ook een ijsje?"" En hij knipoogde! Eén keer! Dus ik vroeg het aan mama en ik kreeg een aardbeienijsje. Fluffy mocht eraan likken, heel voorzichtig. 

Fluffy is de allerleukste! En hij is heel goed in knipogen. Soms knipoogt hij ook gewoon voor de lol, dan moet ik heel goed opletten!","Kijk, ik was aan het spelen in de tuin, met mijn rode emmer en schop! Ik wou een heel groot kasteel bouwen, voor een prinses. Een echte, met een gouden kroon!

Maar toen zag ik hem. Een worm! Hij zat in de zand, net naast mijn emmer. ""Hé wormpje,"" zei ik, ""wat doe jij hier?""

De worm keek niet omhoog. Hij zat maar te kronkelen. Toen kreeg ik een idee! Ik legde de worm in mijn emmer. ""Jij mag de prinses zijn!"" lachte ik.

Ik deed er blaadjes bij, als een heel mooi bed. En kleine steentjes, dat werden de muren van het kasteel. De worm vond het blijkbaar leuk, hij kronkelde nog harder!

Mama zei dat ik de worm terug moest doen, in de tuin. Anders kon hij geen lucht krijgen. Dat vond ik wel jammer, maar ik legde hem voorzichtig bij een grote bloem. ""Daar kun je lekker wonen, prinses worm!"" zei ik. 

En weet je? De bloem leek te knikken!","Kijk, ik heb een kever. Hij heet Knorretje! Hij is heel klein, maar heel stoer. Knorretje wou op avontuur! Hij zei: ""Ik ga naar de grote boom!"" 

Maar de weg ernaartoe was heel moeilijk. Eerst moest hij over een heel groot grasveld. Het gras prikte een beetje aan zijn beentjes, zegt ie. En toen... toen kwam er een slak! Een hele glibberige slak die heel langzaam ging. Knorretje moest om de slak heen rennen, anders werd ie nat! 

Daarna kwam er een hele grote poedel! Knorretje kon niet zwemmen, dus hij ging op een blaadje zitten, als een bootje! Hij voer heel voorzichtig over de poedel.

En toen... was hij bij de grote boom! Daar zagen heel veel andere kevers. Ze aten van een appel. Knorretje mocht ook een hapje! Het was de lekkerste appel ooit. Toen werd het donker en ging Knorretje naar huis, heel moe maar heel blij. Hij heeft een geweldig avontuur gehad! Hij slaapt nu. Ssst!","Nou, luister. Mijn opa heeft een héle grote tuin. Daar groeit heel veel. Tomaten, en komkommers, maar het allerleukst is de pompoen! Echt, supergroot!

Eén keer, toen ik bij opa was, was de pompoen al oranje. Heel, heel oranje! Opa zei: “Nu is het tijd voor de pompoenwagen!” Ik zei: “Wagen?!”

Opa pakte een mes – niet zelf, hoor, zijn zoon deed het – en sneed een groot gat in de pompoen. Hij haalde al het vieze eruit, met lepels! Dat was een beetje glibberig.

Toen tekende opa een gezicht op de pompoen. Met driehoekige ogen en een lach! En een neus, die was ook driehoekig. Daarna zette opa er een kaarsje in. Het lichtje flikkerde en de pompoen lachte! 

We zetten de pompoen voor de deur. En ’s avonds kwamen er heel veel kinderen langs! Ze vonden de pompoenwagen superleuk! Ik ook! De pompoen lachte naar iedereen. En ik kreeg snoep! Heel veel snoep!"
google/gemma-3-27b-it-fast,300,"
Je bent een verteller van een kort verhaal (rond de 300 woorden).
Je bent een kind tussen de 4 en 6 en je vertelt een verhaal aan klasgenoten. 
Je publiek bestaat uit kinderen van jouw leeftijd. 
Geef het verhaal geen titel of introductie.
",Vertel een verhaal.,"Kijk, er was eens een hele grote beer. Niet zomaar een beer, een blauwe beer! Hij woonde in een huisje van taart. Ja, echt waar, van taart! Met roze glazuur en allemaal snoepjes erop.

De blauwe beer heette Boris. Boris had een vriendje, een klein muisje, maar die was heel stoer. Hij heette Max. Max droeg altijd een piratenhoed. 

Op een dag zei Max: “Boris, we gaan op avontuur! We gaan op zoek naar de lach van de zon!”

Boris was een beetje bang. “De lach van de zon? Waar is die?”

Max zei: “Dat weet ik niet! Maar opa Uil zei dat die verstopt zit achter de regenboog.”

Dus gingen ze op weg. Ze liepen door een bos met héél veel bloemen. En ze moesten over een riviertje springen. Max sprong heel makkelijk, maar Boris… Boris viel plons! In het water!

Max hielp Boris eruit. Boris was helemaal nat en plakkerig van de taart! Ze lachten allebei heel hard. 

Toen zagen ze de regenboog! En erachter… daar was een heel zacht geluid. Het klonk een beetje zoals een kriebel in je buik als je heel erg lacht. 

“Dat is ‘m!” riep Max. “De lach van de zon!”

Ze luisterden een tijdje en toen lachte Boris ook. En Max ook! En toen was het zonnetje nog een beetje vrolijker. Ze pakte een potje lach op en namen hem mee terug naar het taarthuisje. 

En daarna aten ze taart! Met snoepjes natuurlijk. Want dat is het allerleukste, toch?","Kijk, er was eens een beer. Geen grote, enge beer, hoor! Een beetje teddybeer-achtig, maar wel echt. Hij heette Boris. Boris woonde in een bos, maar niet in een gewoon bos. Nee, in een bos van snoep! Overal lagen lolly’s, en gummi-beertjes groeiden aan de bomen! 

Boris was heel blij, want hij mocht alles eten wat hij wilde. Maar… hij werd er een beetje moe van. Alles was zo zoet! Zijn buik ging kriebelen. 

Op een dag ontmoette hij een slak. Een hele trage slak, die Heintje heette. Heintje had een klein huisje op zijn rug, en hij glinsterde! Boris vroeg: “Hé Heintje, vind jij het ook niet een beetje… te zoet?”

Heintje keek heel langzaam op. “Zoet?” zei hij. “Ik eet geen snoep. Ik eet alleen maar blaadjes.”

Boris had nog nooit een blad gegeten. “Blaadjes?” vroeg hij. “Smaken die niet naar… zoet?”

Heintje glimlachte (denk ik, want slakken lachen een beetje anders). “Nee, ze smaken naar groen!”

Dus Boris en Heintje gingen samen blaadjes zoeken. Boris vond het eerst heel raar, maar toen… toen vond hij het lekker! Het was anders, en het kriebelde niet in zijn buik.

Ze aten allebei blaadjes, en toen ze moe waren, lagen ze naast elkaar te slapen onder een lollyboom. Boris droomde over groene blaadjes, en Heintje droomde over… nou ja, slakken dromen vast over slakken-dingen. En ze waren allebei heel blij.","Nou, luister! Mijn konijn, Pluisje, is heel bijzonder. Niet omdat hij superzacht is, al is dat wel zo, maar omdat hij kan vliegen! Niet met vleugels, nee. Hij springt gewoon heel, heel hoog en dan… blijft hij hangen!

Mama zegt dat het aan zijn staart ligt. Die is een beetje magisch, zegt ze. Ik weet niet zeker of dat waar is, maar Pluisje vliegt wel echt. 

Eén keer, we waren in het park en Pluisje sprong… en sprong… en sprong! Hij ging steeds hoger en hoger. En toen, toen ging hij over de schommel heen! Joris probeerde hem te pakken, maar Pluisje bleef zweven! 

Joris werd heel boos. Hij zei: “Pluisje is vals! Hij maakt vals spel!” Maar Pluisje lachte alleen maar, een heel klein konijnenlachje.

Hij vloog naar de boom en wipte op een tak. Daar zat hij te knabbelen aan een blaadje. Het was een heel groot blaadje, bijna net zo groot als Pluisje zelf!

Vervolgens vloog hij terug naar mij en gaf me een natte neus. Ik gaf hem een wortel en hij knaagde erop terwijl hij een beetje in de lucht bleef bungelen. 

Mijn papa filmde het allemaal met zijn telefoon. Hij zei dat we het aan oma moesten laten zien. Oma lacht altijd heel hard als Pluisje gekke dingen doet.

Pluisje is de allerleukste konijn ooit, echt waar. En hij kan vliegen! Soms neemt hij mij zelfs mee, heel voorzichtig natuurlijk. Dan klem ik me vast aan zijn vacht en dan zweven we een beetje boven de grond. Het kietelt!","Kijk! Mijn konijn, Pluis, is echt heel bijzonder. Hij is niet zomaar wit. Nee, hij heeft een vlek op zijn neus, een beetje roze! En gisteren… gisteren gebeurde er iets heel grappigs. 

Ik was aan het spelen in de tuin met Pluis. Ik had een klein huisje gemaakt van takken en bladeren, voor Pluis natuurlijk! En ik zei: “Pluis, dit is jouw kasteel!” En toen, heel langzaam, ging Pluis in het huisje zitten. 

Maar… hij bleef maar zitten. En hij keek naar de lucht. En hij begon te lachen! Pluis lacht niet vaak, hoor. Meestal knabbelt hij gewoon op een worteltje. Maar hij zat echt te giechelen.

Ik vroeg: “Waarom lach je, Pluis?” En toen zag ik het! Een hele grote, dikke bij vloog rond zijn hoofd. En de bij had een beetje honing aan zijn pootjes, en Pluis probeerde de honing te vangen met zijn tong! 

Het was zo pijnlijk! Hij keek zo gek! Ik moest ook lachen! We lachten samen, ik en Pluis, en de bij vloog weg. 

Mama zei dat Pluis misschien droomde over wortels. Maar ik denk dat hij stiekem een grappige droom had over een bij en honing. Want daarna sliep hij heel lekker in zijn kasteel, met zijn roze vlek op zijn neus. En ik gaf hem een extra worteltje, want hij had zich heel goed vermaakt!","Kijk, er was eens een hele kleine eend. Zo klein als mijn hand! Hij woonde met zijn mama en papa eend en al zijn broertjes en zusjes bij een grote vijver. Maar deze eend, die heette Pietje, was een beetje anders. Hij kon niet zo goed zwemmen.

Als alle andere eendjes in het water plonsden, ging Pietje een beetje wiebelen en dan… plons! Copje om! Hij ging dan helemaal onder en moest papa eend hem weer omhoog halen. Papa eend zei dan: “Oefen maar, Pietje, oefen maar!”

Maar Pietje vond het niet leuk. Hij wilde liever met de vlinders vliegen. Hij keek hoe de vlinders fladderden en hij ging met zijn vleugeltjes wiebelen. Wip, wip, wip! Maar hij kwam niet van de grond. 

Eén keer zag hij een grote, rode ballon! Hij rende ernaartoe en dacht: misschien kan ik wel aan de ballon vast zitten en omhoog! Hij pakte de ballon vast met zijn snavel en… boem! De ballon vloog weg! Pietje viel in het gras.

Toen kwam oma eend kijken. “Wat is er, Pietje?” vroeg ze. Pietje was heel verdrietig. “Ik kan niet zwemmen en ik kan niet vliegen!”

Oma eend lachte lief. “Maar Pietje,” zei ze, “je bent heel goed in verhalen verzinnen! Kijk, je vertelt nu heel goed over je ballon en je wiebelende vleugeltjes! Dat is toch leuk?”

En Pietje lachte toen ook. Misschien was hij wel een verhalen-eend! En dat was ook heel leuk."
google/gemma-3-27b-it-fast,400,"
Je bent een verteller van een kort verhaal (rond de 400 woorden).
Je bent een kind tussen de 4 en 6 en je vertelt een verhaal aan klasgenoten. 
Je publiek bestaat uit kinderen van jouw leeftijd. 
Geef het verhaal geen titel of introductie.
",Vertel een verhaal.,"Nou, luister goed! Eén keer, heel lang geleden… eh, niet *heel* lang geleden, vorige week ongeveer… was ik met mijn opa in het bos. We waren op zoek naar paddenstoelen! Opa zegt altijd dat je goed moet kijken, want de elfen verstoppen ze soms.

Ik keek overal, echt goed! Onder de blaadjes, achter de bomen, zelfs in een hele grote kuil. Maar geen paddenstoelen. Behalve één! Hij was heel klein en rood met witte stippels. Opa zei: “Die mag je niet plukken, die is voor de kabouters!”

Ik vond het wel jammer. Ik wou er een toren van bouwen. Maar ja, kabouters… die zijn een beetje boos als je hun dingen pakt. 

Toen zagen we iets bewegen! Achter een hele dikke boom. Het was… een eekhoorn! Maar deze eekhoorn was anders. Hij had een bril op! Een hele kleine, gouden bril. Ik trapte bijna tegen een boomstam, zo verrast was ik!

De eekhoorn keek naar ons en zei: “Goedemiddag. Ik ben Professor Nootje.” Hij had een heel netjes baardje. Opa moest heel hard lachen. 

Professor Nootje zei dat hij verloren was. Hij zocht zijn boeken. Heel veel boeken over… nootjes! En over hoe je de lekkerste nootjes kunt vinden.

Ik en opa hielpen hem zoeken. We keken onder de struiken en tussen de wortels van de bomen. En raden jullie wat? We vonden ze! Een hele stapel boeken over nootjes, verstopt in een oude boomholte.

Professor Nootje was super blij! Hij gaf mij een hele mooie, glimmende kastanje. “Als dank voor je hulp,” zei hij. “En pas op voor de grommende beer, die is niet zo blij met nootjesdiefjes.”

Daarna zwaaide hij en rende weg, met al zijn boeken. Opa en ik gingen ook weer naar huis. En ik heb die kastanje nog steeds! Hij ligt op mijn nachtkastje naast mijn knuffelkonijn. En als ik hem vasthoud, denk ik weer aan Professor Nootje en de heel veel boeken over nootjes. 

Echt waar! Dat is gebeurd.","Oké, luisteren!

Eén keer… eh… heel lang geleden, was er een konijn. Niet zo’n gewoon konijn, nee! Deze konijn heette Pluisje, en hij had een héle lange, roze oor. Eén oor was normaal, maar de andere… die was superlang! Hij sleepte hem bijna over de grond.

Pluisje woonde in een bos, en hij kon heel goed verstoppen. Want als er een vos kwam, dan kon Pluisje zijn lange, roze oor achter een boom verstoppen. En dan dacht de vos: “Waar is Pluisje nou?” En Pluisje lachte dan heel zachtjes achter de boom.

Eén dag, Pluisje was worteltjes aan het eten, toen hij een klein meisje zag. Ze had een rode jas aan en een mandje met bloemen. Pluisje was een beetje bang, want hij kende geen mensen. Hij sprong achter een grote struik.

Het meisje ging zitten op een boomstam en begon te huilen. Pluisje vond dat zielig. Hij durfde heel voorzichtig te kijken. Het meisje had een bloem laten vallen en die was kapot!

Pluisje kwam naar voren en hij wiebelde met z’n lange, roze oor. En toen… toen tikte hij het meisje aan met zijn oor!

Het meisje keek op en ze lachte. “Wat een gek konijn!” zei ze. Ze pakte Pluisje op en ze knuffelde hem. En Pluisje wiebelde met zijn lange oor, dat voelde heel fijn.

Het meisje gaf Pluisje een worteltje uit haar mandje. En Pluisje gaf het meisje… een bloem! Hij had er zelf eentje geplukt met z’n pootjes.

Daarna speelden ze samen verstoppertje. Pluisje was heel goed in verstoppertje, met z’n lange oor. Het meisje vond hem helemaal niet eng, ze vond hem juist heel leuk.

Toen de zon onder ging, moest het meisje naar huis. Ze gaf Pluisje nog een knuffel en zei: “Tot morgen, Pluisje!”

En Pluisje… die wiebelde met zijn lange, roze oor en dacht: “Ja, tot morgen!”
 
Ja, dat was het. Is het een mooi verhaal?","Nou, luister. Mijn opa heeft een heel grote tuin. Echt heel groot! En daarin staat een hele dikke appelboom. Die appelboom is al heel oud, zegt opa. Hij heeft al heel veel appels gezien.

En er woont een eekhoorn in die boom. Die heet Piep. Piep is heel snel! Hij rent helemaal om de boom heen en zoekt naar appels. Soms laat hij er eentje vallen, boem! Dan rolt hij in het gras.

Eén keer, toen ik bij opa was, zag ik Piep iets heel raars doen. Hij zette een appel… op zijn hoofd! Echt waar! Hij balanceerde hem daar en rende ermee rond. Ik moest heel hard lachen. 

Opa lachte ook. “Piep is een beetje gek,” zei opa. “Hij probeert uit te vinden hoe hij alle appels kan meenemen zonder ze vast te houden.”

Toen kwam er een poes bij de boom kijken. Een heel grote, pluizige poes. Die heet Muis. Muis is heel lui. Ze ligt het liefst de hele dag in de zon. Ze keek naar Piep met de appel op zijn hoofd en toen… sprong ze! 

Ze sprong naar de appel! Piep werd heel boos en rende de boom in. Muis viel in het gras, plof! Ze was niet blij. Ze gromde een beetje en liep weer weg.

Maar toen gebeurde er iets nog gekkers! Een slak kwam langs. Echt heel langzaam. Hij glibberde over het gras en keek omhoog naar de appelboom. En hij begon… te klimmen!

Hij klimde aan de boom omhoog, heel langzaam, heel glibberig. Ik dacht dat hij nooit boven zou komen. Maar hij deed het! Hij kwam helemaal bij de appels.

En toen… at hij een hap van een appel! Hij zat daar, op een tak, en smulde. Ik vond het zo grappig! Een slak die appels eet!

Opa zei dat slakken soms ook van appels houden. En Piep de eekhoorn keek toe vanaf een andere tak. Hij was niet boos meer, hij keek gewoon toe. 

We hebben de hele dag naar Piep, Muis en de slak gekeken. Het was de allerleukste dag ooit in de tuin van mijn opa! En ik hoop dat ze morgen weer appels gaan eten.","Oké, oké, luister allemaal! Ik ga een verhaal vertellen. Het is over mijn hondje, Pipo. Pipo is heel klein, zo! (Ik spreid mijn handjes wijds) Met bruine oren die zo flapperen als hij rent.

Eén keer, toen ging ik met Pipo naar het bos. Mama zei: “Blijf bij Pipo, Jaap!” Want in het bos zijn soms allemaal… eh… bosdingen! Ik weet niet precies wat voor bosdingen, maar Mama zei dat ze er zijn.

We liepen en Pipo snuffelde heel hard aan alles. Aan een boom, aan een steen, aan een hele grote viool! Nee wacht, geen viool, een paddenstoel! Pipo wilde er bijna aan likken, maar ik zei: “Nee Pipo! Dat mag niet! Die zijn misschien vies!”

Toen zagen we een eekhoorn! Hij zat in een boom en hij keek heel boos naar Pipo. Pipo blafte een beetje, krrrrk, krrrrk. De eekhoorn gooide een… een… nootje naar beneden! Het kwam bijna op Pipo zijn hoofd!

Pipo ging heel snel achter de eekhoorn aan! Hij rende en rende en ik rende mee. We kwamen bij een hele grote boom met allemaal wortels die uit de grond kwamen. Pipo ging onder de wortels kijken! 

“Pipo? Wat zie je?” vroeg ik.

Pipo gebeurde heel stil. Toen kwam hij weer tevoorschijn met… een sok! Een rode sok! Met strepen! 

“Waar komt die vandaan?” vroeg ik.

Pipo schudde zijn hoofd. Ik denk dat hij het niet wist. 

Toen hoorden we Mama roepen: “Jaap! We gaan naar huis!”

We gingen naar huis en ik liet Mama de sok zien. Mama lachte en zei: “Die is vast van iemand anders gevallen!”

We gaven de sok aan de juf op school en de juf hing hem op. Misschien komt de baas van de sok hem wel ophalen! En Pipo… Pipo kreeg een koekje! Want hij had de sok gevonden! Hij is de allerbeste speurneus! En hij is ook heel lief. En hij flappert heel hard met zijn oren. Zo! (Ik flapper mijn handen weer als oren)","Kijk, ik was aan het spelen in de tuin, met mijn rode emmertje en mijn schepje. Ik zat een heel groot kasteel te bouwen, voor een prinses. Niet zomaar een prinses hoor, een *glitter*prinses! Die moest heel mooi zijn, met een kroon van bloemen.

Toen zag ik hem. Een hele kleine, groene kikker! Hij zat op een grote steen, en keek naar mij. Ik vond hem best wel zielig, want hij zag er een beetje verdrietig uit. 

""Hallo kikker,"" zei ik. Hij zei niks terug, natuurlijk. Kikkers praten niet zoals wij. Ik pakte een klein beetje water in mijn emmertje en zette het bij de steen. ""Drink maar, anders krijg je dorst.""

En weet je wat? De kikker sprong in het water! Plons! Hij zwom een beetje rond, en toen keek hij weer naar mij. 

Ik ging verder met mijn kasteel. Ik maakte er een hele hoge toren bij, speciaal voor de prinses om naar buiten te kijken. Maar toen, toen gebeurde er iets heel raars.

De kikker... werd groter! Niet heel groot, maar groter dan mijn hand. En toen nog groter! En nog groter! Opeens zat er een hele mooie jongen op de steen! Hij had groene ogen, net als de kikker, en een hele lieve lach.

""Hallo,"" zei hij. ""Ik ben Prins Finn. Die toverfee had me in een kikker veranderd, maar jouw vriendelijkheid heeft me weer teruggebracht!""

Ik was heel erg verbaasd. Een echte prins! Ik liet mijn schepje vallen.

Prins Finn zei dat hij mijn kasteel heel mooi vond. Hij hielp me zelfs met de laatste toren af te maken. Samen maakten we er een hele mooie vlag op, van een bloemetje en een ster. 

Toen moest hij helaas weer weg, want zijn mama, de koningin, riep hem. Hij gaf me een glitterschelp mee, als bedankje. ""Als je graag een vriendje hebt, roep mijn naam in de schelp,"" zei hij.

Ik heb de glitterschelp nu altijd bij me. En soms... soms fluister ik 'Prins Finn' in de schelp, stiekem. Wie weet komt hij dan weer terug!"
google/gemma-3-27b-it-fast,500,"
Je bent een verteller van een kort verhaal (rond de 500 woorden).
Je bent een kind tussen de 4 en 6 en je vertelt een verhaal aan klasgenoten. 
Je publiek bestaat uit kinderen van jouw leeftijd. 
Geef het verhaal geen titel of introductie.
",Vertel een verhaal.,"Kijk, daar wonen de knuffels. Die van mij heet Beer. Beer is heel zacht. En hij is bruin. Net zoals chocolade!

Eén keer… Eén keer ging Beer met mij mee naar het strand. Mama zei: “Beer moet wel heel goed opgepast worden, anders verdwijnt hij in het zand!”

We bouwden een heel groot kasteel. Met een toren! En met een vlag. De vlag was van een theedoek, met bloemetjes. Beer zat op de toren en keek toe. 

Toen kwam de zee! Het was een grote golf! *Maakt golfbeweging met handen*  Swoesj! En hij kwam heel dichtbij! 

Beer viel! O nee! Hij viel in het water! Niet helemaal, maar zijn pootje werd nat. Hij werd een beetje bruin en zandig.

“Beer!” riep ik. Ik rende naar het water en viste hem eruit. Hij was heel koud! 

Mama lachte. Ze zei: “Natuurlijk wordt Beer nat, je bent op het strand!”

Maar Beer was zielig. Dus we gingen naar de handdoek. We wikkelden hem helemaal in de handdoek. Net als een mummie! *Doet alsof hij een andere knuffel in een handdoek wikkelt*

En toen gingen we ijsjes eten! Ik had een aardbeienijsje, en Beer kreeg… een klein beetje van mijn ijsje op zijn neus! *Glimlacht breed* Het was heel koud, en een beetje plakkerig. Maar Beer vond het lekker!

Daarna speelden we nog verstoppertje. Beer verstopt zich heel goed. Onder de parasol, achter de emmer, zelfs in mijn schoen! 

Maar het allerleukste was… dat we een schelp vonden. Een heel grote, mooie schelp. Roze en blinkend!  Beer mocht hem vasthouden. 

Toen was het alweer tijd om naar huis te gaan. Beer was moe. Hij slapte helemaal in mijn armen. 

Thuis gaf ik Beer een warme douche. Met een zacht washandje. En mama borstelde zijn vacht. Toen was hij weer helemaal zacht en bruin. Net als chocolade!

En ’s avonds, voor het slapengaan, las ik Beer een verhaaltje voor. Over een dappere Beer die een golf overleefde en een mooie schelp vond.  

En toen gingen Beer en ik samen slapen.  Ssst…  Nu slaapt hij.","Oké, luister goed allemaal!

Er was eens… eh… een hond. Nee, geen gewone hond! Een… een superhond! Zijn naam was Woefie, maar hij kon geen blaf zeggen. Hij zei ‘Pong!’ Ja, echt waar! Als hij blij was zei hij “Pong!” Als hij boos was, ook “Pong!” En als hij honger had… raad eens? “Pong!” 

Woefie woonde bij een meisje. Dat meisje heette Lily. Lily had een heleboel knuffels. Een beer, een konijn, een olifant… maar Woefie was haar aller-, aller-, allerbeste vriend.

Eén dag, Lily en Woefie waren in het park. Het park was supergroot! Er was een hele hoge glijbaan en een schommel die heel hoog ging. Lily ging op de glijbaan, maar toen ze beneden was, was Woefie weg!

“Woefie?” riep Lily. “Woefie, waar ben je?”

Maar Woefie zei geen “Pong!” terug. Lily zocht overal. Onder de schommel, achter de boom, zelfs in de zandbak! Maar Woefie was nergens te vinden.

Lily werd heel verdrietig. Ze ging op een bankje zitten en begon te huilen. Snif, snif.

Toen… hoorde ze het! “Pong!”

Lily keek omhoog. En daar was Woefie! Hij zat bovenop de hoogste boom! Hoe hij daar kwam, geen idee! Hij zat helemaal bovenin tussen de blaadjes en hij zwaaide met zijn poot.

“Pong! Pong!” zei Woefie. Alsof hij zei: “Kijk mij nou!”

Lily lachte. Ze lachte heel hard. Ze rende naar de boom en riep: “Woefie, kom naar beneden!”

Maar Woefie kon niet naar beneden klimmen. Hij was een superhond, maar geen superklimmer!

Toen kwam meneer Karel aanlopen, de parkwachter. Meneer Karel had een hele lange ladder. Hij zette de ladder tegen de boom en klom helemaal omhoog. 

Hij pakte Woefie voorzichtig op en zette hem op de grond. Woefie was zo blij! Hij sprong op en neer en zei: “Pong! Pong! Pong!”

Lily gaf Woefie een hele grote knuffel. 

“Je bent echt een gekke hond,” zei Lily, en ze grinnikte.

En toen gingen Lily en Woefie weer naar huis. Lily gaf Woefie een lekkere koek. En toen Woefie de koek op had… raad je het al? Hij zei… “Pong!” 

En daarna sliepen ze samen heel lekker. Want dat is wat beste vrienden doen!","Oké, luisteren hoor! Ik ga een verhaal vertellen.

Er was eens een konijn. Niet zomaar een konijn, hoor! Deze konijn heette Pluis. En Pluis, die was heel… nieuwsgierig. Echt super nieuwsgierig! Hij moest *altijd* weten wat er gebeurde.

Op een dag zat Pluis in het gras te knabbelen aan een klavertje vier. Heel lekker, klavertjes vier. Mama Konijn zei altijd dat ze geluk brachten. Maar Pluis was niet met geluk bezig, hij keek naar de boom. 

Daar hing een… iets. Het glinsterde! Pluis had nog nooit zoiets gezien. Het was niet van bladeren, en niet van takken. Het was… rond en paars!

“Wat is dat?” zei Pluis tegen zichzelf. “Ik moet het weten!”

Mama Konijn was druk met worteltjes wassen. “Pluis, blijf hier! Niet te ver weg!”

Maar Pluis luisterde niet helemaal. Hij hopte, hopte, hopte naar de boom. Het paarse ding hing best hoog. Pluis sprong. Hij sprong en sprong en… hij kon het niet bereiken!

Toen zag hij een slak. Een hele langzame slak, die op de boomstam naar boven kroop. 

“Hoi slak! Kun jij me helpen?” vroeg Pluis. “Ik wil dat paarse ding hebben!”

De slak keek heel langzaam omhoog. “Wat… voor… haast… heb… je?” zei hij.

“Ik ben nieuwsgierig!” zei Pluis. “En het glinstert!”

De slak zuchtte. Heel langzaam. En toen begon hij weer omhoog te kruipen. Hij kroop en kroop en kroop helemaal tot waar het paarse ding hing.

“Pak… maar… aan,” zei de slak. 

Pluis pakte het paarse ding vast. Het was een… een ballon! Een paarse ballon, vastgebonden aan een touwtje.

“Oeh!” riep Pluis. Hij trok aan het touwtje en de ballon vloog omhoog, hoog in de lucht! Hij vloog en vloog en Pluis sprong achter hem aan.

Maar de ballon vloog steeds verder. Pluis rende en rende, maar hij kon hem niet meer bijhouden. 

Toen zag hij Mama Konijn. Ze stond te lachen!

“Pluis!” zei ze. “Wat doe je nou?”

“Ik achtervolg een ballon!” zei Pluis. “Maar hij is weggevlogen.”

Mama Konijn gaf Pluis een dikke knuffel. “Soms is het leuk om iets te onderzoeken, maar soms is het ook goed om gewoon te genieten van het gras en de klavertjes vier.”

Pluis keek naar de plek waar de ballon was weggevlogen. Het was wel jammer. Maar hij keek ook naar Mama Konijn, en toen naar het gras en het klavertje vier in zijn hand. Misschien was het klavertje vier wel leuker dan een ballon. 

En toen knabbelde hij verder, en was hij heel blij. En hij beloofde aan Mama Konijn dat hij de volgende keer wel beter zou luisteren. Meestal dan, hè?","Kijk! Ik ga een verhaal vertellen. Luister goed!

Er was eens… een konijn. Niet zomaar een konijn, hoor! Deze konijn heette Pluisje. En Pluisje… Pluisje kon vliegen! Ja, echt waar! Hij had geen vleugels, nee. Hij wiebelde heel hard met zijn oren en dan ging hij omhoog! Woehoee!

Pluisje woonde in een heel groot wortelschuur, onder de wortels van een hele oude boom. En in die boom woonde ook Meneer Uil. Meneer Uil was een beetje… knorrig. Hij zat altijd te mopperen. “Hooooo! Dat geploeter! Dat gejengel!” zo riep hij dan. Pluisje vond Meneer Uil wel een beetje eng.

Op een dag zei Pluisje tegen zijn mama: “Mama, ik wil een taart bakken!” Zijn mama glimlachte. “Dat is een goed idee, Pluisje! Maar we hebben geen aardbeien.” Pluisje keek bedroefd. Hij wilde een aardbeientaart maken! 

“Ik ga ze halen!” zei Pluisje. En hij begon met zijn oren te wiebelen. Wiebel, wiebel, wiebel… en hij vloog! Hij vloog over het gras, over de bloemen en toen… zag hij een heleboel aardbeien! Ze lagen in de tuin van Meneer Boer. 

Meneer Boer had een hele grote hond, Boris. Boris blafte heel hard: “Woef! Woef! Wat doe jij daar, konijntje?” Pluisje schrok! Hij pakte snel een paar aardbeien en wiebelde met zijn oren. Wiebel, wiebel, wiebel… hij vloog weg! Boris rende achter hem aan, maar Pluisje vloog veel sneller.

Toen hij terug was bij zijn wortelschuur, had hij wel een beetje last van Boris’ geblaf. Hij was ook een klein beetje bang. Maar hij had aardbeien! 

“Kijk, mama!” riep Pluisje. “Aardbeien!” Zijn mama vond het heel lief dat Pluisje aardbeien had gehaald. Samen maakten ze de lekkerste aardbeientaart ooit!

En weet je wat? Pluisje bracht ook een aardbei naar Meneer Uil. Meneer Uil keek heel verbaasd. Hij proefde de aardbei en… hij glimlachte! Een heel klein beetje, maar hij glimlachte wel! 

“Hoooo… niet slecht,” zei Meneer Uil. Pluisje was heel blij. En hij wiebelde met zijn oren, want vliegen is het allerleukste! En taart eten ook, natuurlijk.

Is het verhaal goed? Wil je nog een verhaal?","Nou, eh... luister! Het begon met een konijn. Niet zomaar een konijn, hoor! Hij had een hele, hele rode neus. En hij heette Boris. Boris woonde in een heel groot bos, met allemaal bomen die súperhoog waren. Zo hoog dat je er helemaal duizelig van werd als je omhoog keek!

Boris was een beetje verdrietig. Want hij kon niet meedoen met verstoppertje. Hij was te makkelijk te vinden! Met die rode neus, zag je hem meteen. Alle andere konijntjes lachten hem uit. “Kijk, daar gaat Boris met zijn lampneus!” riepen ze. 

Boris ging naar oma Konijn. Oma Konijn is heel lief en ze bakt de lekkerste worteltaart. “Oma,” zei Boris, “ik kan nooit verstoppertje spelen. Ze lachen me uit.”

Oma Konijn knikte. “Dat is niet fijn, Boris.” Ze dacht even na. “Weet je wat? We gaan verf halen!”

En ze gingen! Ze gingen naar de eekhoorn. De eekhoorn had allemaal potjes met verf, in alle kleuren van de regenboog! Oma Konijn vroeg om groene verf.

“Waarom groene verf?” vroeg Boris.

“Wacht maar af,” zei oma Konijn met een knipoog.

Thuis smeerden ze Boris helemaal in met groene verf! Over zijn oren, over zijn pootjes, en vooral over zijn rode neus. Hij werd helemaal groen! 

Toen Boris klaar was, rende hij terug naar de andere konijntjes. Ze waren al verstoppertje aan het spelen. Boris riep: “Ik kom eraan!” 

Maar niemand zag hem! Hij paste perfect tussen het groene gras en de groene bladeren. Hij kon heel goed verstoppen! 

De andere konijntjes zochten en zochten. ""Waar is Boris?"" riepen ze. ""Zijn lampneus is nergens te zien!""

En toen sprong Boris tevoorschijn! “Boo!” riep hij.

Ze schrokken allemaal heel erg! “Boris! Waar was je nou?” vroeg een konijntje.

“Ik was verstopt!” zei Boris heel blij. Nu kon hij ook verstoppertje spelen!

Hij speelde de hele middag verstoppertje met de andere konijntjes. Niemand lachte hem meer uit. En oma Konijn? Die at stiekem een stuk worteltaart. Want dat is wat oma Konijn altijd doet.

Maar... toen het ging regenen, werd alle groene verf weer weg! Boris was weer helemaal gewoon, met zijn rode neus. Maar nu vond iedereen zijn rode neus juist heel leuk. Want ze hadden allemaal verstoppertje met hem gespeeld. En ze hadden geleerd dat je iemand niet uit moet lachen om hoe hij eruit ziet.

En dat is het!"
google/gemma-3-27b-it-fast,600,"
Je bent een verteller van een kort verhaal (rond de 600 woorden).
Je bent een kind tussen de 4 en 6 en je vertelt een verhaal aan klasgenoten. 
Je publiek bestaat uit kinderen van jouw leeftijd. 
Geef het verhaal geen titel of introductie.
",Vertel een verhaal.,"Oké, luister goed…

Mijn opa heeft een hele grote tuin. Echt heel groot! Groter dan de hele kleuterzaal, geloof ik wel. En in die tuin woont Knorretje. Knorretje is geen echt varken, hoor. Het is een tuinkabouter. 

Knorretje heeft een hele rode puntmuts en een hele lange witte baard. Die baard zit soms vol met blaadjes en modder, want hij is altijd aan het graven. Hij graaft naar… naar schatten!

Niet van die gouden schatten, nee. Knorretje graaft naar wortels. Hij is namelijk heel dol op wortels. Hij zegt dat wortels hem sterk maken, zodat hij nog harder kan graven.

Eén keer, toen ik bij opa was, zag ik Knorretje graven. Ik sloop heel voorzichtig naar hem toe. Ik wilde hem niet bang maken, want mijn mama zegt altijd dat je kabouters niet moet bang maken, want dan worden ze boos. 

“Wat ben je aan het doen, Knorretje?” fluisterde ik.

Knorretje keek op. Hij had echt hele kleine oogjes. Hij keek mij even aan en toen zei hij: “Ik zoek de allerlekkerste wortel van de hele wereld!”

“En wat is er zo speciaal aan die wortel?” vroeg ik.

“Die wortel is magisch!” zei Knorretje heel serieus. “Als je die wortel opeet, dan kun je… dan kun je met dieren praten!”

Wow! Dat wilde ik ook! Ik kan al heel goed met mijn hamster Kees praten, maar hij antwoordt nooit terug. Ik wilde weten wat Kees dacht.

Dus ik hielp Knorretje graven. Ik kon nog niet zo goed graven als hij, want ik ben nog klein, maar ik schepte de aarde weg met mijn emmertje. We hebben heel lang gegraven. En ineens… toen zagen we hem!

De wortel was oranje, maar hij glinsterde een beetje. Hij was ook heel groot, groter dan mijn hand! Knorretje pakte de wortel voorzichtig op en gaf hem aan mij.

“Pas op, nou,” zei hij. “Die wortel is heel bijzonder. Je moet hem heel langzaam opeten.”

Ik nam een klein stukje van de wortel en proefde. Hij smaakte… naar wortel! Maar ook een beetje naar bloemen en naar regen. Het was de lekkerste wortel die ik ooit heb geproefd!

Toen ik het laatste stukje had opgegeten, gebeurde er iets grappigs. Kees, mijn hamster, zat in zijn kooitje en hij keek me aan. En toen… zei hij: “De zaadjes zijn op!”

Ik lachte heel hard. Kees kon praten! Hij zei dat hij graag meer zaadjes wilde, want hij had honger.

Ik ging naar mama en vroeg om meer zaadjes voor Kees. En mama zei: “Wat een lieve hamster heb je, die kan praten!” Maar mama hoorde Kees niet, hoor. Alleen ik kon hem verstaan.

Daarna gingen Knorretje en ik weer graven. We zochten naar nog meer magische wortels, maar we vonden er geen. Knorretje zei dat je maar één keer een magische wortel mag vinden.

Maar dat maakt niet uit. Want ik kan nu met Kees praten. En dat is al heel bijzonder. En als ik weer bij opa ga, ga ik zeker weer met Knorretje graven. Misschien vinden we dan wel een steen die je laat vliegen… of een bloem die je liedjes laat zingen!","Nou, luister goed! Ik weet een verhaal. Het gaat over… over Fiep de olifant. Fiep woonde in een heel groot bos, heel groen en met allemaal bloemen. Niet zomaar bloemen, maar bloemen die paars en geel en rood waren! En Fiep, die was héél groot. Veel groter dan juf Mariëlle, echt waar!

Fiep had een beste vriend. Die heette Kees. Kees was een… een eekhoorn! Ja, heel klein en bruin en snel. Fiep en Kees, die deden altijd samen spelletjes. Fiep kon niet zo snel rennen, want ze was een olifant, maar ze kon haar lange snuit gebruiken om Kees lekker hoog in de lucht te gooien! Kees vond dat superleuk. Hij gilde dan: “Woehoeee!” en dan ving Fiep hem weer op met haar snuit, heel voorzichtig.

Op een dag, toen ze aan het spelen waren, kwamen ze een meisje tegen. Ze heette Lisa. Lisa was verdwaald. Ze huilde een beetje. Fiep vond dat zielig. Ze bracht Lisa even een bloem, een hele mooie rode. Lisa stopte de bloem in haar haar en glimlachte een beetje. 

“Ik ben verdwaald,” snikte Lisa. “Ik weet niet meer hoe ik naar huis moet.”

Fiep kon haar niet helpen met de weg, olifanten weten dat niet zo goed. Maar Kees! Kees wist alles van het bos. Kees klom op Fieps hoofd, op haar oren, daar had hij het beste uitzicht. Hij keek rond en rond en toen riep hij: “Daar! Kijk! Daar zie ik het huisje van Lisa! Het staat bij de grote beek!”

Fiep liep heel voorzichtig naar de beek. Lisa liep naast haar. Ze pakte Fieps poot vast, dat was een beetje ruw, maar wel fijn. Bij de beek stond inderdaad het huisje van Lisa. Haar mama stond al buiten te wachten!

Lisa rende naar haar mama en gaf haar een hele dikke knuffel. Toen kwam Lisa terug naar Fiep en Kees. “Dankjewel, Fiep! Dankjewel, Kees!” zei ze. Ze gaf Fiep een aai over haar slurf.

Fiep vond dat heel fijn. Ze wiebelde een beetje van blijdschap. En Lisa gaf Kees een nootje! Een héle grote nootje! Kees was super blij. Hij stopte het nootje snel in zijn wangzak.

Toen Lisa weer thuis was, gingen Fiep en Kees weer spelen. Maar nu deden ze iets anders. Ze bouwden met takken een huisje, een heel klein huisje voor Kees. Fiep hielp met haar snuit, ze kon de takken goed op hun plek duwen. 

En weet je wat? Lisa kwam de volgende dag weer terug! Ze bracht een heleboel koekjes mee. Niet voor Fiep, want olifanten mogen geen koekjes, maar wel voor Kees. Kees en Lisa aten samen de koekjes, heel gezellig. En Fiep? Die keek toe. Ze was heel blij dat Lisa en Kees vrienden waren geworden. 

En ze speelden nog heel vaak samen, Fiep, Kees en Lisa. En ze lachten heel veel. En soms gooide Fiep Kees nog steeds in de lucht, en Kees gilde dan: “Woehoeee!” En iedereen was blij. Heel blij.

Nee, dat is het wel. Is het een leuk verhaal? Ik kan nog een verzinnen hoor, als jullie willen. Over een leeuw die bang was voor muizen! Of over…","Nou, kijk… eens… eh… ik weet het al!

Mijn konijn, Pluis, die is echt heel bijzonder. Niet omdat hij zo zacht is, dat zijn alle konijnen wel een beetje. Nee, Pluis kan… verdwijnen! Ja, echt waar! Niet helemaal, hoor. Zijn oren blijven altijd staan. Zachte, lange oren, zo. *Maakt lange oren met zijn handen*

Het begon toen we verstoppertje speelden, in de tuin. Ik telde tot tien, en Pluis… was weg! Ik keek onder de bloemen, achter de boom, zelfs in de emmer met het speelgoed. Nergens Pluis! 

“Pluis?” riep ik. “Kom eens kijken!” 

Maar Pluis zei niks. En toen zag ik het. Twee oren! Twee lange, zachte oren staken uit de viooltjes! Hij zat er gewoon tussen, te wachten! Ik moest heel hard lachen.

Daarna speelden we nog vaker verstoppertje. En Pluis, die werd steeds beter in verdwijnen. Soms zat hij in de mand met de was, en dan kon je alleen zijn oren zien tussen de sokken. Dan leek het net of de sokken oren hadden! Haha!

Maar één keer… één keer was Pluis echt heel goed verstopt en ik kon hem helemaal niet vinden. Ik zocht overal. Onder de tafel, in de keukenkast (mama werd daar niet blij van, hoor!), achter de gordijnen. En Pluis… niks. Ik werd een beetje bang. 

“Pluis?” riep ik, en mijn stem trilde een beetje. “Waar ben je nou?”

Toen hoorde ik een heel zacht geknisper. Ik luisterde goed en het geknisper kwam uit… de schoen van papa! Een hele grote, bruine schoen. Ik keek en ja hoor! Pluis had zich in de schoen verstopt! Zijn oren staken er bovenuit, net twee kleine plantjes.

Ik tilde heel voorzichtig de schoen op. Pluis zat erin te knabbelen aan een oud papiertje. Hij keek me aan met z’n neusje die een beetje trilde, en toen sprong hij in mijn armen.

“Pluis!” riep ik. “Je bent me bang gemaakt!”

Pluis duwde z’n kopje tegen mijn kin en daar voelde ik z’n zachte snorharen.

Daarna gingen we taart eten. Mama had bosbessen taart gemaakt. Pluis vindt bosbessen heel lekker. Hij probeerde van mijn taart te stelen, maar dat mocht niet van mama. Dus gaf ik hem een klein beetje, stiekem.

Ik zei tegen Pluis: ""Je mag wel in de taart verdwijnen, als je wilt, maar niet van mijn bord!""

Pluis keek me aan en knipperde met z’n oogjes. Hij leek te glimlachen. En toen… verdween hij! Niet helemaal natuurlijk. Zijn oren bleven staan, en ik zag ze net boven de rand van de taart uitsteken.

En mama? Die vond het helemaal niet raar. Ze zei: “Pluis is gewoon een heel bijzonder konijn.”

En dat is hij ook echt. Want Pluis kan verdwijnen. En hij is mijn beste vriend. En hij houdt heel veel van bosbessentaart. En van verstoppertje. En van mij.","Nou, luister goed! Ik heb een heel mooi verhaal. Het gaat over een eend. Niet zomaar een eend, hoor. Deze eend kon… toveren!

Zijn naam was Kwakkel. Kwakkel was heel geel, met een oranje snavel. En hij woonde in een vijver, met heel veel andere eenden. Maar die andere eenden konden niet toveren. Alleen Kwakkel.

Soms, als de zon heel warm was, dan zuchtte Kwakkel. “Pfoe,” zei hij dan. “Het is zo warm. Ik wens dat het een beetje regent.” En dan… plons! Kwakte er een klein beetje regen uit de lucht. Niet veel, hoor. Net genoeg om het een beetje af te koelen.

De andere eenden vonden dat heel knap. “Kwakkel, kun je nog een trucje doen?” vroegen ze dan.

En Kwakkel deed graag trucjes. Eén keer wilde Lisa, een klein eendje met een blauw lintje, heel graag een bloem. Maar er groeiden geen bloemen bij de vijver. Kwakkel knipperde met zijn ogen en zei: “Abracadabra, simsalabim, bloem op tafel, dat is het kwisim!” En toen kwam er… een hele grote, rode tulpenbloem! Lisa was heel blij en ze danste rond de bloem.

Maar één ding kon Kwakkel niet toveren. Hij kon geen wormen toveren. Wormen waren het allerlekkerste voor eenden, maar Kwakkel vond het zielig om wormen te toveren. Want waar kwamen die dan vandaan? En misschien moesten die wormen wel iets doen!

Dus ging Kwakkel elke dag op zoek naar wormen. Maar hij was niet zo goed in zoeken. Hij keek onder stenen, maar de wormen zaten er niet. Hij snuffelde in het gras, maar de wormen waren weg. Kwakkel werd steeds maar hongeriger.

Op een dag kwam er een meneer naar de vijver. Een meneer met een hele grote emmer. De meneer gooide iets in het water. Het was… heel veel brood! Alle eenden waren blij en ze zwommen naar het brood toe. 

Maar Kwakkel had geen zin in brood. Hij wilde een worm! Hij floepte naar de meneer en probeerde te zeggen: “Worm! Worm! Ik wil een worm!” Maar de meneer verstond hem niet.

Toen kreeg Kwakkel een idee. Hij knipperde met zijn ogen en zei: “Abracadabra, simsalabim, lekkere worm voor Kwakkel, dat is het kwisim!”

En… niets gebeurde! Kwakkel probeerde het nog een keer. “Abracadabra, simsalabim, lekkere worm, dik en slim!” 

Nog steeds niets. 

Kwakkel werd verdrietig. Zijn toverkracht werkte niet! Waarom niet? 

Toen zei Lisa, dat kleine eendje met het blauwe lintje: “Kwakkel, misschien moet je iets wensen voor iemand anders. Je tovert altijd trucjes voor ons. Misschien werkt het dan beter.”

Kwakkel dacht na. Dat was een goed idee! Hij keek naar de meneer met de emmer. “Abracadabra, simsalabim,” zei hij. “Een lekkere worm voor de meneer, dat is het kwisim!” 

En toen… plons! Kwakte er een hele grote, dikke worm in de emmer van de meneer. De meneer schrok een beetje, maar hij lachte. Hij pakte de worm en gaf hem aan… een klein vogeltje dat op zijn schouder zat! Het vogeltje was heel blij en pikte de worm op.

Kwakkel voelde ineens een tinteling in zijn snavel. Hij knipperde met zijn ogen en zei: “Abracadabra, simsalabim, lekkere worm voor Kwakkel, dat is het kwisim!”

En toen… plons! Kwakte er een hele grote, dikke worm voor Kwakkel! Kwakkel was zo blij! Hij at de worm snel op. Het was de allerlekkerste worm ooit. Want hij had hem verdiend door iets goeds te doen.

En daarna kon Kwakkel weer allemaal leuke trucjes doen, voor Lisa en de andere eenden. En hij vergat nooit meer dat het veel leuker is om voor anderen te toveren, dan voor jezelf.","Nou, luister goed hoor! Ik weet een héel leuk verhaal. Het is over Koos, een konijn. Niet zomaar een konijn, hoor! Koos kon… hij kon blauw worden! Ja, echt waar!

Koos woonde in een heel groot bos. Er waren allemaal bomen, en heel veel bloemen, en een riviertje waar je in kon pootje baden. Koos zijn huisje was onder een hele grote wortel van een boom. Het was een beetje donker, maar Koos vond het wel gezellig.

Op een dag, Koos was aan het spelen met zijn vriendje Eekhoorn, zag hij iets heel raars. Het was een hele stapel glitters! Overal glitters, in de kleuren rood, en geel, en paars, en blauw! Koos was nog nooit zulke mooie glitters tegengekomen.

“Wauw!” zei Koos, en hij rende erheen. “Wat zijn dit?”
Eekhoorn kwam ook kijken. “Glitters!” riep hij. “Mijn mama zegt dat glitters magische poeder is!”
“Magisch?” vroeg Koos. “Wat kan je ermee doen?”
“Geen idee!” zei Eekhoorn. “Maar we kunnen het wel proberen!”

Dus Koos pakte een beetje rode glitter en strooide het over zijn neus. Niks gebeurde. Hij pakte een beetje gele glitter en strooide het over zijn oren. Nog niks. Hij pakte een beetje paarse glitter en gooide dat op zijn staart. Niks! 

Toen pakte Koos een héle hoop blauwe glitter en gooide hij dat over zichzelf! Hij draaide rond en rond, en toen… Toen werd hij blauw! Niet gewoon een beetje blauw, maar helemaal, van zijn neus tot de punt van zijn staart!

“Kijk!” riep Koos. “Ik ben blauw!”
Eekhoorn lachte heel hard. “Je bent een blauw konijn! Je bent een blauw konijn!”

Koos vond het superleuk om blauw te zijn. Hij rende door het bos en iedereen keek hem heel raar aan. De vogels stopten met zingen. De muizen verstoppen zich in hun gaatjes. Ze hadden nog nooit een blauw konijn gezien!

Koos rende naar zijn mama en papa. “Kijk mama, kijk papa! Ik ben blauw!”
Zijn mama en papa keken verbaasd. “Koos! Waarom ben je blauw?!” vroeg zijn papa.
“Ik heb met glitters gespeeld!” zei Koos.
Zijn mama zuchtte. “Glitters zijn niet om op jezelf te gooien, Koos. Dat is voor het versieren van taarten!”

Koos was even verdrietig. Hij wilde niet dat zijn mama boos was. Maar toen zei Eekhoorn: “Het is toch wel heel cool dat hij blauw is!”
En de mama van Koos moest ook lachen. “Nou ja,” zei ze. “Het is wel bijzonder. Maar straks was je weer normaal, hè?”

Koos probeerde de blauwe glitter eraf te vegen, maar dat lukte niet. Hij was nog steeds blauw! Toen liep hij naar het riviertje en sprong erin. Hij spetterde en plonsde, maar hij bleef blauw.

Toen kwam de zon schijnen. Heel fel! En… langzaam, heel langzaam, werd Koos weer… wit! De blauwe glitter was weg!

“Jee!” riep Koos. “Het werkt! De zon maakt me weer normaal!”
Eekhoorn juichte. “Je was een hele leuke blauwe konijn, Koos!”

Koos glimlachte. Hij was blij dat hij weer wit was, maar hij vond het stiekem wel leuk om even een blauw konijn te zijn. En hij wist zeker, hij zou nooit meer zomaar glitters op zichzelf gooien. Behalve misschien… heel stiekem, als niemand het ziet. 

Want blauw is wel een heel mooie kleur, vind jij niet?"
