pos1,pos2,pos3,freq
ADV,VERB,ADV,14931
VERB,ADV,DET,17685
ADV,DET,NOUN,47324
DET,NOUN,CCONJ,48378
NOUN,CCONJ,PRON,28514
CCONJ,PRON,VERB,71189
PRON,VERB,ADJ,17837
VERB,ADJ,PUNCT,5299
PRON,AUX,ADV,58452
AUX,ADV,ADP,8167
ADV,ADP,VERB,10537
ADP,VERB,CCONJ,13688
VERB,CCONJ,ADV,20645
CCONJ,ADV,PUNCT,3234
CCONJ,PRON,AUX,59130
AUX,ADV,ADV,21278
ADV,ADV,ADV,22205
ADV,ADV,ADJ,24063
ADV,ADJ,PUNCT,29163
PRON,AUX,ADJ,37224
AUX,ADJ,ADJ,15967
ADJ,ADJ,ADJ,7902
ADJ,ADJ,PUNCT,20056
PRON,VERB,DET,28045
VERB,DET,NOUN,55524
DET,NOUN,ADP,74837
NOUN,ADP,ADV,2328
ADP,ADV,NUM,346
ADV,NUM,SYM,239
ADV,VERB,PRON,73210
VERB,PRON,ADP,35553
PRON,ADP,PRON,12813
ADP,PRON,NOUN,45091
PRON,NOUN,CCONJ,16170
PRON,VERB,PRON,56686
VERB,PRON,ADV,59596
PRON,ADV,ADJ,32918
ADV,PRON,VERB,11727
PRON,VERB,ADP,46214
VERB,ADP,PRON,17253
PRON,NOUN,PUNCT,27798
AUX,PRON,ADV,33945
PRON,ADV,ADP,21903
ADV,ADP,DET,28035
ADP,DET,NOUN,178054
NOUN,ADP,PRON,17764
PRON,NOUN,ADP,13763
NOUN,ADP,VERB,19460
ADP,VERB,PUNCT,36698
PRON,NOUN,VERB,31148
NOUN,VERB,INTJ,361
VERB,INTJ,PRON,131
INTJ,PRON,VERB,1968
PRON,VERB,ADV,62026
VERB,ADV,PUNCT,8854
AUX,ADV,ADJ,27367
ADV,ADJ,VERB,13698
ADJ,VERB,PUNCT,20369
DET,NOUN,AUX,49406
NOUN,AUX,DET,6820
AUX,DET,ADJ,8926
DET,ADJ,ADJ,7024
ADJ,ADJ,NOUN,10118
ADJ,NOUN,PUNCT,37712
DET,NOUN,NOUN,16027
NOUN,NOUN,ADV,1786
NOUN,ADV,NOUN,1606
ADV,NOUN,NOUN,857
NOUN,NOUN,PUNCT,9478
NOUN,AUX,ADV,17160
ADV,ADJ,DET,2407
ADJ,DET,NOUN,10244
NOUN,CCONJ,DET,17165
CCONJ,DET,NOUN,39734
NOUN,ADP,DET,45856
DET,NOUN,PUNCT,103976
PRON,VERB,NUM,2256
VERB,NUM,NOUN,3785
NUM,NOUN,DET,821
NOUN,DET,NOUN,11818
AUX,ADV,VERB,11455
ADV,VERB,ADP,6843
PRON,AUX,DET,20414
ADJ,NOUN,CCONJ,12806
NOUN,CCONJ,VERB,13354
CCONJ,VERB,ADP,5930
VERB,ADP,DET,42063
ADV,AUX,PRON,38417
AUX,PRON,DET,7822
PRON,DET,NOUN,34377
ADP,DET,SYM,612
DET,SYM,SYM,261
SYM,SYM,PROPN,254
SYM,PROPN,PUNCT,509
VERB,ADV,NOUN,7718
ADV,NOUN,PUNCT,6322
ADJ,VERB,PRON,7564
PRON,ADP,DET,29938
PRON,ADV,ADV,32571
ADV,ADV,PUNCT,14583
NOUN,VERB,ADP,22164
VERB,ADP,NUM,1737
ADP,NUM,NOUN,6883
NUM,NOUN,PUNCT,9107
PRON,ADP,PUNCT,6005
ADV,VERB,VERB,5327
VERB,VERB,PUNCT,14528
NUM,NOUN,VERB,6018
NOUN,VERB,PRON,28274
VERB,PRON,VERB,11603
PRON,VERB,PUNCT,30143
NOUN,PUNCT,ADP,1514
PUNCT,ADP,PROPN,314
ADP,PROPN,PROPN,3559
PROPN,PROPN,PROPN,4465
PROPN,PROPN,PUNCT,7764
AUX,DET,PROPN,822
DET,PROPN,VERB,2261
PROPN,VERB,PUNCT,6962
VERB,PUNCT,ADV,2177
PUNCT,ADV,ADV,708
ADV,ADV,VERB,14256
ADV,VERB,PUNCT,26774
CCONJ,ADV,ADP,5305
ADV,ADP,NUM,1013
ADV,VERB,NOUN,4533
VERB,NOUN,VERB,4975
ADP,DET,PROPN,7884
DET,PROPN,AUX,1199
PROPN,AUX,PUNCT,795
VERB,PRON,NOUN,17130
PRON,NOUN,DET,1706
DET,NOUN,VERB,103990
ADP,PRON,PUNCT,7195
PRON,AUX,ADP,14756
AUX,ADP,DET,10630
PRON,ADV,VERB,21618
ADV,ADV,ADP,19658
ADP,DET,ADJ,21322
DET,ADJ,NOUN,54948
VERB,PRON,DET,19971
NOUN,VERB,PUNCT,70413
AUX,PRON,ADP,10824
PRON,ADP,NUM,1113
PRON,AUX,PRON,25262
AUX,PRON,ADJ,16728
PRON,ADJ,NOUN,12052
ADV,ADJ,ADV,4825
ADJ,ADV,ADP,2940
PRON,VERB,SCONJ,21610
VERB,SCONJ,DET,6367
SCONJ,DET,NOUN,18790
DET,NOUN,PRON,13809
NOUN,PRON,ADV,4739
ADJ,VERB,SCONJ,2514
VERB,SCONJ,PRON,23881
SCONJ,PRON,ADV,26356
VERB,VERB,ADP,4158
ADV,ADJ,SCONJ,7966
ADJ,SCONJ,PRON,10731
SCONJ,PRON,ADP,16465
PRON,ADP,ADJ,1750
ADP,ADJ,NOUN,7463
ADJ,NOUN,AUX,8777
NOUN,AUX,VERB,21974
AUX,VERB,PUNCT,25884
CCONJ,ADP,NOUN,4776
ADP,NOUN,CCONJ,14357
NOUN,CCONJ,NOUN,28457
CCONJ,NOUN,VERB,10937
VERB,PRON,PRON,22636
PRON,PRON,ADV,17584
ADV,ADJ,CCONJ,12428
ADJ,CCONJ,PRON,14001
SCONJ,PRON,PRON,15080
ADJ,VERB,CCONJ,8111
CCONJ,ADV,ADV,9402
ADV,ADV,NOUN,5913
ADV,NOUN,ADP,6225
CCONJ,NOUN,CCONJ,7539
NOUN,VERB,ADJ,5413
VERB,ADJ,ADP,5408
ADJ,ADP,PROPN,1541
ADP,PROPN,PUNCT,13410
PROPN,VERB,ADV,4464
VERB,ADV,ADP,18902
ADV,ADP,NOUN,13552
CCONJ,NOUN,ADV,6687
NOUN,ADV,CCONJ,2975
ADV,CCONJ,NOUN,1045
CCONJ,NOUN,AUX,5995
NOUN,AUX,ADP,5544
NOUN,ADV,PUNCT,21702
PROPN,AUX,DET,2788
AUX,DET,NOUN,28092
NOUN,VERB,CCONJ,32122
VERB,CCONJ,DET,9825
DET,NOUN,ADV,34885
ADV,CCONJ,DET,1220
NOUN,VERB,DET,11625
AUX,ADV,NUM,2237
ADV,NUM,NOUN,7202
NUM,NOUN,NOUN,2006
NOUN,NOUN,CCONJ,5048
DET,NOUN,NUM,1738
NOUN,NUM,NOUN,2065
PRON,VERB,SYM,610
VERB,SYM,ADJ,53
SYM,ADJ,ADJ,33
ADJ,ADJ,CCONJ,8241
ADJ,CCONJ,ADP,1995
CCONJ,ADP,VERB,3954
ADP,VERB,ADV,2735
ADV,ADP,PROPN,4297
VERB,PRON,ADJ,28954
PRON,ADJ,ADV,5302
ADJ,ADV,ADV,3021
ADV,ADP,PUNCT,7670
PRON,ADP,PROPN,4066
ADP,PROPN,DET,584
PROPN,DET,ADJ,730
CCONJ,VERB,PRON,10181
PRON,ADV,CCONJ,2746
ADV,CCONJ,PRON,4721
VERB,ADV,ADJ,13342
ADV,ADJ,ADJ,11596
ADJ,ADJ,ADP,6970
NOUN,ADP,PROPN,10995
PRON,ADJ,ADJ,11635
ADP,PRON,ADP,6973
ADJ,ADP,PRON,8612
VERB,ADV,ADV,24214
NOUN,CCONJ,ADP,7290
CCONJ,ADP,DET,14636
ADV,ADJ,ADP,17550
ADV,PRON,AUX,6036
AUX,ADJ,DET,1958
ADJ,DET,SYM,51
DET,SYM,NOUN,349
SYM,NOUN,PUNCT,839
PRON,ADJ,PUNCT,13007
VERB,ADP,VERB,6774
NOUN,NUM,SYM,185
NUM,SYM,SCONJ,11
SYM,SCONJ,PRON,79
SCONJ,PRON,VERB,12000
ADP,VERB,VERB,6985
VERB,VERB,ADV,3042
DET,NOUN,SCONJ,5065
NOUN,SCONJ,ADJ,232
SCONJ,ADJ,PUNCT,307
NUM,SYM,VERB,116
SYM,VERB,ADP,181
PRON,VERB,VERB,14036
VERB,ADP,NOUN,19571
CCONJ,NOUN,PUNCT,11313
NOUN,PUNCT,VERB,3915
PUNCT,VERB,PUNCT,4569
VERB,PUNCT,CCONJ,6707
PUNCT,CCONJ,NOUN,1409
ADV,VERB,ADJ,2850
VERB,ADJ,NOUN,5399
ADJ,NOUN,NOUN,2736
NOUN,PUNCT,NOUN,11871
PUNCT,NOUN,PUNCT,11933
VERB,PUNCT,NOUN,3229
NOUN,PUNCT,CCONJ,6123
PUNCT,CCONJ,CCONJ,41
CCONJ,CCONJ,CCONJ,46
CCONJ,CCONJ,PUNCT,69
VERB,PRON,SCONJ,4034
PRON,SCONJ,ADV,401
SCONJ,ADV,ADJ,697
DET,NOUN,ADJ,17630
NOUN,ADJ,ADP,3333
ADJ,ADP,DET,15308
NOUN,CCONJ,ADV,18331
CCONJ,ADV,VERB,40473
ADV,ADV,DET,10502
NOUN,ADP,ADP,7209
ADP,ADP,VERB,14447
ADP,VERB,ADP,5053
ADP,NOUN,PUNCT,28946
CCONJ,ADP,NUM,728
NUM,NOUN,ADJ,2913
ADP,PRON,SCONJ,446
PRON,SCONJ,NUM,335
SCONJ,NUM,PUNCT,55
NUM,PUNCT,NUM,1073
PUNCT,NUM,PUNCT,1078
DET,ADV,NOUN,1531
ADV,NOUN,VERB,8283
NOUN,VERB,ADV,19625
VERB,ADV,NUM,2584
ADV,NUM,CCONJ,646
NUM,CCONJ,PRON,887
ADV,ADV,PRON,6955
ADV,PRON,SCONJ,420
PRON,SCONJ,PROPN,152
SCONJ,PROPN,PUNCT,637
ADV,ADJ,PRON,2024
ADJ,PRON,ADV,657
ADV,VERB,CCONJ,10322
VERB,CCONJ,VERB,14179
CCONJ,VERB,PUNCT,7195
AUX,ADJ,ADP,6303
ADJ,ADP,ADP,7883
ADP,ADP,ADP,4496
CCONJ,ADV,AUX,18838
NOUN,ADV,DET,2868
NOUN,NOUN,VERB,6133
PRON,ADV,DET,9295
ADV,DET,ADJ,10369
ADJ,NOUN,VERB,22215
SCONJ,SCONJ,PRON,2002
SCONJ,PRON,ADJ,15250
VERB,ADJ,DET,2493
PRON,SCONJ,SCONJ,55
CCONJ,SCONJ,PRON,20522
ADJ,ADV,DET,1390
VERB,ADV,AUX,3224
PRON,AUX,NOUN,7728
AUX,NOUN,DET,282
PRON,ADJ,VERB,11244
VERB,VERB,PRON,14017
ADJ,NOUN,ADJ,2319
NOUN,ADJ,PUNCT,9694
SCONJ,PRON,NOUN,7830
NOUN,VERB,VERB,12402
VERB,VERB,VERB,2459
PRON,PRON,CCONJ,710
PRON,CCONJ,PUNCT,53
ADV,ADV,AUX,3680
ADV,AUX,NOUN,1509
AUX,NOUN,CCONJ,3053
CCONJ,VERB,AUX,974
VERB,AUX,SCONJ,837
AUX,SCONJ,PRON,2963
DET,NOUN,PROPN,2763
NOUN,PROPN,PUNCT,4259
NOUN,VERB,AUX,5694
VERB,AUX,ADP,1298
PUNCT,ADV,ADP,568
NOUN,PUNCT,PUNCT,3986
PUNCT,PUNCT,CCONJ,204
PUNCT,CCONJ,ADV,4677
ADV,VERB,SCONJ,3178
VERB,SCONJ,CCONJ,85
SCONJ,CCONJ,VERB,13
NUM,PROPN,ADP,215
PROPN,ADP,NOUN,1627
DET,PROPN,ADP,1137
PROPN,ADP,NUM,310
NUM,NOUN,AUX,1606
CCONJ,DET,ADJ,6484
ADP,NOUN,NUM,6544
NOUN,NUM,PUNCT,4241
DET,ADJ,AUX,2197
ADJ,AUX,VERB,5881
DET,VERB,AUX,1087
VERB,AUX,VERB,1406
AUX,VERB,ADP,6936
NOUN,VERB,NOUN,7609
VERB,NOUN,ADP,5047
ADP,DET,VERB,6048
DET,VERB,ADP,1211
VERB,NOUN,PUNCT,9934
PRON,ADV,SCONJ,1896
ADV,SCONJ,NOUN,1693
SCONJ,NOUN,VERB,1398
ADJ,CCONJ,ADV,8161
ADJ,SCONJ,NOUN,1941
SCONJ,NOUN,ADP,2812
NOUN,ADP,NOUN,20745
VERB,AUX,CCONJ,1565
AUX,CCONJ,NOUN,650
NOUN,AUX,ADJ,15449
AUX,ADJ,AUX,1065
ADJ,AUX,CCONJ,3859
AUX,CCONJ,VERB,511
CCONJ,VERB,CCONJ,4087
CCONJ,ADV,SCONJ,1283
ADV,SCONJ,PRON,9348
VERB,ADV,VERB,8580
PRON,AUX,CCONJ,762
AUX,CCONJ,ADV,2336
NOUN,ADV,VERB,9369
PRON,ADJ,ADP,10665
ADJ,ADP,VERB,6470
VERB,CCONJ,PRON,28700
CCONJ,PRON,PUNCT,872
VERB,NOUN,ADV,3263
NOUN,ADV,ADV,8636
PRON,AUX,VERB,17853
AUX,PRON,VERB,13841
PRON,VERB,CCONJ,12229
AUX,ADV,NOUN,4074
ADV,NOUN,ADJ,672
NOUN,ADJ,CCONJ,4246
ADJ,CCONJ,AUX,970
CCONJ,AUX,ADJ,886
NOUN,ADJ,VERB,5594
ADJ,VERB,ADP,4586
ADP,NOUN,ADP,11631
VERB,CCONJ,ADP,8750
CCONJ,ADP,ADP,1101
PRON,PRON,ADJ,9622
VERB,PRON,PUNCT,10910
PRON,NOUN,AUX,12446
AUX,VERB,DET,726
AUX,ADV,PRON,3365
ADV,PRON,NOUN,4611
PROPN,VERB,ADP,7017
VERB,SCONJ,ADV,2475
SCONJ,ADV,PUNCT,403
ADV,PUNCT,ADP,330
PUNCT,ADP,DET,1998
CCONJ,ADV,SYM,108
ADV,SYM,SYM,303
SYM,SYM,VERB,255
SYM,VERB,DET,89
VERB,VERB,DET,1342
DET,VERB,NOUN,4912
ADJ,ADV,SCONJ,627
ADV,SCONJ,DET,2241
PRON,PRON,NOUN,6318
ADJ,NOUN,ADP,17084
VERB,VERB,CCONJ,6955
VERB,ADV,CCONJ,2242
ADV,CCONJ,VERB,1646
NOUN,ADJ,NOUN,2543
PRON,SCONJ,PRON,3601
NOUN,VERB,PROPN,4379
VERB,PROPN,CCONJ,2971
PROPN,CCONJ,VERB,1183
CCONJ,VERB,DET,4122
VERB,ADP,CCONJ,1791
ADP,CCONJ,PRON,4232
CCONJ,PRON,NOUN,10789
PRON,VERB,NOUN,14071
NOUN,ADV,ADJ,6988
ADJ,SCONJ,DET,2770
VERB,ADJ,ADJ,4929
ADJ,CCONJ,SCONJ,1679
SCONJ,PRON,DET,12379
NOUN,ADP,PUNCT,13694
AUX,ADJ,PUNCT,13322
VERB,CCONJ,NOUN,9890
DET,PRON,ADJ,232
PRON,ADJ,CCONJ,5475
ADJ,CCONJ,DET,3244
ADP,PRON,ADJ,4561
VERB,PRON,CCONJ,2560
PRON,CCONJ,VERB,1049
ADJ,AUX,ADJ,469
ADP,ADP,CCONJ,2387
ADP,CCONJ,NOUN,858
VERB,DET,ADJ,10119
DET,ADJ,ADP,2751
ADJ,ADP,NOUN,6849
VERB,ADJ,CCONJ,2367
CCONJ,ADV,CCONJ,617
VERB,ADP,PUNCT,3107
PRON,AUX,SCONJ,734
NOUN,AUX,CCONJ,2880
AUX,CCONJ,PRON,3503
CCONJ,PRON,ADV,2435
AUX,PRON,NOUN,11982
AUX,ADJ,CCONJ,7242
ADJ,ADP,ADV,1218
ADP,ADV,DET,1473
ADV,PRON,ADV,3113
ADV,ADJ,NOUN,9062
ADJ,NOUN,ADV,5060
CCONJ,ADP,PROPN,1628
ADP,PROPN,AUX,2464
PROPN,AUX,ADV,3307
AUX,ADV,DET,7571
ADV,DET,ADV,278
DET,ADV,ADJ,573
NOUN,CCONJ,CCONJ,378
CCONJ,CCONJ,ADP,87
CCONJ,ADP,ADJ,885
AUX,VERB,CCONJ,12485
AUX,ADJ,SCONJ,2575
ADJ,CCONJ,CCONJ,100
CCONJ,CCONJ,SCONJ,47
CCONJ,SCONJ,ADV,1196
SCONJ,ADV,DET,2309
AUX,ADV,AUX,1468
ADV,NOUN,CCONJ,3839
ADV,AUX,ADJ,903
AUX,ADJ,NOUN,3294
ADJ,VERB,VERB,2830
ADV,VERB,DET,12912
PRON,ADP,VERB,10949
ADV,AUX,PROPN,1070
AUX,PROPN,ADP,608
PROPN,ADP,DET,3868
PRON,NOUN,ADV,7705
CCONJ,PROPN,VERB,5654
PROPN,VERB,PRON,6751
NOUN,NOUN,ADP,4552
PRON,NOUN,ADJ,4136
ADV,ADP,CCONJ,2523
ADP,CCONJ,DET,1074
PROPN,VERB,DET,3301
ADV,ADP,PRON,10717
VERB,ADJ,ADV,3168
ADP,PRON,PROPN,609
PRON,PROPN,PUNCT,1075
PRON,ADV,PRON,5050
PRON,ADV,AUX,4805
ADV,AUX,VERB,6840
PROPN,PUNCT,VERB,1041
PUNCT,VERB,ADP,840
VERB,PUNCT,ADP,1301
PUNCT,ADP,VERB,332
CCONJ,ADP,PUNCT,642
VERB,AUX,ADJ,2456
NOUN,AUX,PRON,15619
ADP,VERB,AUX,4260
ADJ,PUNCT,CCONJ,2915
PUNCT,CCONJ,PRON,7511
AUX,PROPN,NOUN,202
PROPN,NOUN,VERB,963
VERB,PRON,AUX,2051
NOUN,PRON,VERB,5779
VERB,CCONJ,CCONJ,304
CCONJ,CCONJ,VERB,120
CCONJ,VERB,SCONJ,1149
PRON,ADJ,AUX,9357
ADJ,AUX,SCONJ,1658
AUX,SCONJ,ADV,395
SCONJ,ADV,NOUN,1208
NOUN,VERB,SCONJ,6647
VERB,SCONJ,NOUN,5767
SCONJ,NOUN,NOUN,627
NOUN,ADP,ADJ,2879
ADP,PRON,ADV,2863
ADV,VERB,NUM,1024
NUM,NOUN,ADV,1722
VERB,CCONJ,SCONJ,5623
NOUN,PRON,ADJ,2902
ADJ,AUX,ADP,2629
NOUN,SCONJ,PRON,6529
VERB,SCONJ,PUNCT,657
SCONJ,PUNCT,ADP,106
ADP,DET,PRON,992
DET,PRON,NOUN,1193
ADV,CCONJ,ADP,760
NOUN,AUX,AUX,1909
AUX,AUX,VERB,712
AUX,VERB,SCONJ,2966
ADJ,AUX,AUX,1933
AUX,AUX,PUNCT,1113
ADV,PRON,PRON,3345
NOUN,ADJ,ADJ,3289
ADJ,ADJ,AUX,3082
ADJ,AUX,PUNCT,8083
VERB,ADV,PRON,8381
ADV,PRON,ADP,6790
PRON,ADP,NOUN,13018
VERB,ADP,ADP,6285
ADJ,NOUN,SCONJ,2155
NUM,SYM,NOUN,470
PRON,PUNCT,PROPN,279
PUNCT,PROPN,PUNCT,7321
PROPN,PUNCT,PROPN,7179
PUNCT,PROPN,CCONJ,1997
PROPN,CCONJ,PROPN,9820
CCONJ,PROPN,PUNCT,4127
NOUN,PUNCT,SCONJ,938
PUNCT,SCONJ,VERB,147
SCONJ,VERB,PRON,422
VERB,PRON,PROPN,1881
PRON,PROPN,CCONJ,620
SCONJ,ADP,NUM,61
ADP,NUM,VERB,529
NUM,VERB,PRON,969
VERB,PUNCT,DET,797
PUNCT,DET,NOUN,4440
NOUN,PROPN,NUM,87
PROPN,NUM,VERB,293
NUM,VERB,PUNCT,1396
VERB,PUNCT,PRON,2815
PUNCT,PRON,VERB,7677
ADV,PUNCT,ADJ,314
PUNCT,ADJ,NOUN,1377
AUX,ADJ,VERB,4716
CCONJ,ADP,PRON,3684
CCONJ,NOUN,NOUN,1207
NOUN,CCONJ,PUNCT,659
AUX,ADJ,ADV,3391
ADJ,ADV,PUNCT,4427
CCONJ,VERB,NOUN,1575
VERB,NOUN,CCONJ,5647
ADV,AUX,ADV,3055
ADP,PRON,CCONJ,2399
PRON,CCONJ,PRON,3682
NOUN,ADV,ADP,7245
AUX,ADJ,PRON,894
ADJ,PRON,VERB,1610
DET,ADJ,CCONJ,2260
CCONJ,ADV,ADJ,4188
NOUN,NOUN,ADJ,1160
PRON,ADV,NOUN,4968
PRON,PRON,PUNCT,1981
NUM,ADJ,NOUN,1050
NOUN,ADP,NUM,3032
NUM,NOUN,ADP,6675
NOUN,CCONJ,NUM,1732
CCONJ,NUM,NOUN,2573
NOUN,CCONJ,PROPN,3168
NOUN,ADP,AUX,1873
ADP,AUX,VERB,4968
ADJ,ADV,VERB,3141
ADJ,AUX,PRON,3965
VERB,ADJ,AUX,340
ADJ,ADJ,VERB,5690
ADJ,SCONJ,VERB,284
SCONJ,VERB,PUNCT,542
ADV,PUNCT,VERB,1076
VERB,PUNCT,VERB,5430
PUNCT,NOUN,VERB,1900
NOUN,SCONJ,VERB,242
ADP,NOUN,AUX,4760
PRON,SCONJ,ADP,109
SCONJ,ADP,DET,1752
NOUN,PRON,DET,1337
PRON,ADP,CCONJ,2586
ADP,CCONJ,ADV,3189
CCONJ,NOUN,ADP,4233
PUNCT,ADV,VERB,3126
PRON,ADV,PUNCT,13231
ADV,PUNCT,PUNCT,1397
NOUN,PROPN,AUX,709
VERB,PUNCT,PUNCT,2928
ADV,VERB,PROPN,4180
VERB,PROPN,ADP,2576
INTJ,INTJ,ADV,151
INTJ,ADV,VERB,539
CCONJ,ADJ,VERB,3166
ADJ,VERB,PROPN,1101
NOUN,PUNCT,PROPN,2388
PRON,PUNCT,DET,161
ADJ,PUNCT,PUNCT,1395
VERB,PROPN,PUNCT,10280
CCONJ,INTJ,PRON,444
ADP,CCONJ,VERB,4403
NOUN,ADV,PRON,4451
ADV,PRON,DET,1295
ADP,ADJ,AUX,390
ADJ,AUX,DET,1005
AUX,ADP,NUM,816
NOUN,AUX,PUNCT,6425
ADV,ADJ,AUX,7074
AUX,CCONJ,SCONJ,1145
PRON,VERB,AUX,4619
VERB,AUX,ADV,3042
PRON,ADJ,PRON,1234
ADJ,PRON,ADP,1405
ADP,PRON,AUX,1958
VERB,CCONJ,ADJ,3544
CCONJ,ADJ,ADV,1146
ADJ,DET,ADJ,1724
PRON,NOUN,NOUN,2325
CCONJ,ADV,PRON,2227
PRON,PRON,VERB,13538
ADP,ADV,ADV,924
ADV,ADP,ADP,5486
NOUN,ADP,CCONJ,5849
ADP,NOUN,VERB,15718
AUX,PRON,PRON,9782
ADP,VERB,PRON,2758
ADV,PRON,ADJ,2984
AUX,ADP,PRON,4324
ADV,ADP,ADJ,1950
ADP,ADJ,PUNCT,1293
ADP,CCONJ,ADP,2821
ADP,NOUN,ADV,2958
ADJ,VERB,NOUN,945
VERB,NOUN,NUM,289
NOUN,ADP,SYM,444
ADP,SYM,PROPN,86
PUNCT,VERB,DET,1487
PUNCT,SCONJ,PUNCT,136
PROPN,PUNCT,SYM,431
PUNCT,SYM,PUNCT,1462
SYM,PUNCT,CCONJ,192
ADV,NUM,NUM,65
NUM,NUM,NOUN,187
NOUN,CCONJ,SCONJ,2775
VERB,AUX,PRON,8966
ADJ,ADP,CCONJ,1473
ADP,CCONJ,AUX,310
CCONJ,AUX,VERB,644
AUX,VERB,ADV,2287
VERB,VERB,AUX,1157
VERB,AUX,PUNCT,4643
PRON,ADV,PROPN,536
ADV,PROPN,CCONJ,511
PROPN,CCONJ,ADJ,463
ADV,NOUN,PRON,1460
NOUN,PRON,PRON,4205
VERB,SCONJ,PROPN,810
SCONJ,PROPN,ADJ,241
PROPN,ADJ,ADP,384
VERB,NOUN,SCONJ,550
NOUN,SCONJ,NOUN,1422
SCONJ,NOUN,CCONJ,1191
CCONJ,NOUN,PROPN,697
NOUN,PROPN,ADV,363
PROPN,ADV,PRON,285
ADP,CCONJ,ADJ,340
CCONJ,ADJ,NOUN,5050
VERB,VERB,ADJ,1082
PRON,CCONJ,ADV,1449
PRON,ADP,ADV,1202
PROPN,NUM,PROPN,662
NUM,PROPN,PUNCT,805
NOUN,PRON,NOUN,2955
PUNCT,PRON,AUX,6108
ADP,ADJ,NUM,554
ADJ,NUM,VERB,218
PRON,NOUN,PROPN,2279
NOUN,PROPN,VERB,1775
CCONJ,NUM,PUNCT,383
PUNCT,NUM,CCONJ,184
NUM,CCONJ,NUM,1290
CCONJ,NUM,ADV,107
NUM,ADV,VERB,242
AUX,VERB,PRON,5800
ADJ,NOUN,PRON,2310
ADV,ADV,NUM,2466
ADV,NUM,ADJ,304
ADV,DET,VERB,842
AUX,NOUN,VERB,4816
CCONJ,ADJ,ADJ,1575
PROPN,NOUN,NOUN,254
PUNCT,PUNCT,NOUN,307
PUNCT,NOUN,SYM,182
NOUN,SYM,INTJ,28
SYM,INTJ,PUNCT,337
NOUN,PUNCT,ADV,2118
PUNCT,ADV,AUX,1727
AUX,PRON,PUNCT,1820
NOUN,PUNCT,PRON,3724
PUNCT,PRON,SYM,18
PRON,SYM,ADP,81
SYM,ADP,PROPN,271
VERB,ADP,PROPN,7608
SYM,ADV,VERB,128
PUNCT,SCONJ,ADV,227
SCONJ,ADV,ADV,1498
DET,ADJ,VERB,3557
VERB,CCONJ,AUX,1859
CCONJ,AUX,ADV,1270
ADJ,SCONJ,ADV,1148
ADV,NOUN,AUX,2197
NOUN,AUX,SCONJ,1120
SCONJ,PRON,SCONJ,309
PRON,DET,VERB,744
ADP,PROPN,VERB,5090
SCONJ,PRON,AUX,3986
CCONJ,VERB,ADV,5432
NOUN,ADJ,AUX,3920
PRON,PRON,ADP,6804
VERB,ADV,SCONJ,4941
PRON,DET,ADJ,9542
ADJ,VERB,ADV,2252
PUNCT,CCONJ,SCONJ,1415
ADJ,VERB,AUX,2847
ADV,ADV,SCONJ,2176
CCONJ,ADJ,ADP,1400
ADJ,ADP,AUX,1283
ADP,AUX,CCONJ,494
ADJ,ADV,AUX,1307
ADV,AUX,PUNCT,825
CCONJ,ADP,AUX,1636
ADP,AUX,PRON,2885
ADV,PRON,PUNCT,1490
VERB,ADJ,VERB,1416
PROPN,CCONJ,DET,1814
ADJ,SCONJ,ADP,930
SCONJ,ADP,VERB,492
CCONJ,PRON,ADP,1271
ADJ,ADP,ADJ,1397
ADP,ADJ,VERB,754
NOUN,NOUN,PRON,593
PUNCT,NOUN,CCONJ,3652
ADP,PUNCT,CCONJ,970
PUNCT,CCONJ,ADP,1315
ADJ,ADV,ADJ,4156
ADJ,VERB,ADJ,363
ADP,VERB,NOUN,831
VERB,NOUN,NOUN,1311
NOUN,NOUN,NOUN,1756
NOUN,AUX,NOUN,6038
AUX,NOUN,ADJ,758
ADJ,NOUN,PROPN,1054
NOUN,PROPN,NOUN,282
VERB,ADP,ADJ,2871
ADP,ADJ,PROPN,208
ADJ,PROPN,PUNCT,987
PROPN,AUX,ADP,1517
AUX,ADP,PROPN,2004
PROPN,AUX,ADJ,2693
PROPN,AUX,PRON,3817
VERB,ADP,SCONJ,612
ADP,SCONJ,ADV,216
ADP,VERB,SCONJ,2483
SYM,VERB,PRON,306
INTJ,VERB,DET,230
AUX,ADP,ADV,524
ADP,ADV,ADP,1571
CCONJ,ADP,SCONJ,122
ADP,SCONJ,PRON,2622
ADP,PRON,PRON,2085
AUX,CCONJ,ADP,645
AUX,CCONJ,AUX,199
CCONJ,AUX,PRON,2305
DET,PROPN,CCONJ,1817
VERB,ADJ,PRON,1064
CCONJ,PRON,ADJ,1926
NOUN,AUX,PROPN,1806
AUX,PROPN,CCONJ,1301
PROPN,CCONJ,PRON,5745
NOUN,PROPN,PROPN,1270
VERB,NOUN,ADJ,4193
AUX,ADP,NOUN,4729
ADP,NOUN,DET,1110
DET,PROPN,PUNCT,4137
PROPN,PUNCT,NOUN,1566
CCONJ,VERB,ADJ,1630
ADJ,NOUN,DET,1001
NOUN,DET,PROPN,365
PROPN,ADP,ADJ,200
PROPN,CCONJ,ADV,2702
PRON,NOUN,PRON,2339
NOUN,CCONJ,ADJ,4179
VERB,PRON,NUM,1475
PRON,NUM,NOUN,3027
NUM,NOUN,PRON,559
NOUN,PRON,AUX,2513
ADV,INTJ,PRON,188
PRON,ADJ,SCONJ,3124
ADP,PRON,VERB,7877
ADP,DET,ADP,450
DET,ADP,DET,281
SCONJ,NUM,NOUN,462
ADP,ADP,SCONJ,188
ADJ,ADJ,SCONJ,1673
ADV,CCONJ,ADV,2938
ADP,ADP,ADV,393
PRON,ADJ,INTJ,67
ADJ,INTJ,PUNCT,710
VERB,PROPN,VERB,770
PROPN,ADJ,PUNCT,1118
PROPN,ADJ,ADV,160
INTJ,ADV,PUNCT,198
CCONJ,DET,PUNCT,60
DET,PUNCT,NOUN,358
CCONJ,CCONJ,NOUN,157
PROPN,PUNCT,PUNCT,1479
ADP,DET,PUNCT,536
SCONJ,SCONJ,DET,262
AUX,ADP,PUNCT,487
ADP,NOUN,X,32
NOUN,NUM,DET,950
NUM,DET,NOUN,1076
NOUN,ADJ,SCONJ,1147
SCONJ,NOUN,AUX,730
ADJ,CCONJ,ADJ,9390
CCONJ,ADJ,CCONJ,1810
INTJ,PUNCT,PRON,1032
ADV,DET,DET,390
DET,DET,NOUN,1639
DET,NOUN,DET,7709
SCONJ,NOUN,ADV,2422
ADV,ADP,AUX,1594
PRON,ADJ,DET,1857
ADJ,DET,NUM,32
DET,NUM,NOUN,1745
CCONJ,PRON,PRON,2264
PRON,CCONJ,DET,502
PRON,NOUN,SCONJ,1257
NOUN,PRON,PROPN,399
PRON,PROPN,VERB,1278
ADP,NOUN,NOUN,1975
CCONJ,PUNCT,PROPN,58
PUNCT,PROPN,ADJ,75
ADP,PROPN,ADP,3381
PROPN,ADP,PROPN,1778
PROPN,AUX,VERB,3187
PRON,VERB,PROPN,5994
VERB,NOUN,PRON,1065
PUNCT,CCONJ,VERB,1345
NOUN,NUM,ADV,1289
NUM,ADV,DET,780
ADV,DET,PUNCT,119
PUNCT,NOUN,AUX,681
VERB,ADP,ADV,2243
ADP,ADV,CCONJ,879
NUM,PUNCT,ADV,99
AUX,PRON,AUX,632
CCONJ,ADJ,PUNCT,5324
ADJ,PUNCT,NOUN,657
PUNCT,NOUN,DET,120
PRON,ADV,INTJ,197
ADV,INTJ,PUNCT,719
AUX,NOUN,PUNCT,4050
VERB,DET,SYM,328
DET,SYM,CCONJ,354
SYM,CCONJ,PROPN,452
CCONJ,PROPN,CCONJ,2950
VERB,ADJ,PROPN,211
ADJ,PROPN,NOUN,162
PROPN,NOUN,PUNCT,1606
PUNCT,ADV,PRON,540
PUNCT,CCONJ,PROPN,651
AUX,VERB,VERB,3093
DET,PROPN,NOUN,570
VERB,PUNCT,AUX,892
PUNCT,AUX,PRON,1616
DET,VERB,PRON,300
ADP,ADP,DET,6311
CCONJ,SCONJ,DET,2837
ADV,AUX,DET,5150
SCONJ,DET,VERB,220
DET,VERB,PUNCT,2501
PRON,ADV,NUM,1745
ADV,NUM,VERB,693
NUM,VERB,ADP,382
ADP,PROPN,CCONJ,5277
PRON,PRON,AUX,4144
ADV,CCONJ,PUNCT,194
CCONJ,PUNCT,PRON,532
PRON,AUX,PROPN,4429
AUX,PROPN,VERB,646
ADV,PUNCT,PRON,1108
CCONJ,DET,VERB,985
DET,VERB,ADJ,242
CCONJ,DET,PROPN,1135
DET,PROPN,NUM,265
PROPN,NUM,ADP,137
NUM,ADP,NUM,649
ADP,NUM,CCONJ,422
NUM,CCONJ,DET,340
NOUN,PUNCT,NUM,802
PUNCT,NUM,PRON,11
NUM,PRON,CCONJ,8
CCONJ,DET,SYM,134
DET,SYM,PUNCT,346
VERB,CCONJ,PUNCT,938
INTJ,ADV,ADP,75
ADJ,ADJ,INTJ,158
ADP,ADP,NOUN,2448
AUX,ADP,ADP,940
VERB,PRON,INTJ,221
PRON,INTJ,PUNCT,195
PRON,DET,PRON,210
DET,PRON,VERB,489
ADV,ADV,INTJ,209
DET,VERB,CCONJ,1296
NOUN,PRON,PUNCT,516
AUX,VERB,ADJ,285
ADJ,SCONJ,ADJ,325
SCONJ,ADJ,NOUN,771
CCONJ,ADV,DET,3305
PUNCT,PUNCT,SYM,216
PRON,CCONJ,NOUN,514
PRON,DET,SYM,188
SYM,CCONJ,ADV,497
INTJ,PRON,AUX,1482
PRON,PROPN,ADV,319
PROPN,ADV,ADV,942
PRON,PRON,PRON,2305
ADJ,ADV,NOUN,770
AUX,PRON,CCONJ,339
PRON,PUNCT,CCONJ,519
PRON,PUNCT,SYM,148
PUNCT,SYM,SYM,1245
SYM,SYM,SYM,3205
DET,ADJ,PUNCT,4087
PROPN,VERB,INTJ,200
VERB,INTJ,INTJ,109
INTJ,INTJ,SCONJ,9
INTJ,SCONJ,PRON,266
INTJ,SYM,PUNCT,149
VERB,PROPN,PRON,738
PROPN,PRON,ADP,274
PRON,ADP,INTJ,30
VERB,NUM,INTJ,2
NUM,INTJ,PUNCT,9
AUX,VERB,INTJ,43
VERB,INTJ,PUNCT,730
ADP,VERB,DET,568
PROPN,PROPN,DET,300
CCONJ,PROPN,AUX,2669
CCONJ,PROPN,NOUN,322
ADP,ADV,ADJ,825
NOUN,DET,ADJ,2645
ADV,NOUN,ADV,1242
NOUN,ADV,AUX,3337
NOUN,AUX,NUM,984
AUX,NUM,NOUN,4019
ADV,ADV,SYM,216
ADV,SYM,PROPN,27
SYM,PROPN,ADJ,15
PROPN,ADJ,ADJ,435
PROPN,PROPN,VERB,2415
SCONJ,ADP,NOUN,433
PRON,ADP,SYM,247
ADP,SYM,NOUN,125
SYM,NOUN,VERB,213
PROPN,PUNCT,ADJ,412
PUNCT,ADJ,CCONJ,672
NOUN,NUM,VERB,1949
ADJ,CCONJ,NUM,170
SCONJ,DET,ADJ,1912
ADP,ADV,AUX,407
ADJ,PRON,ADJ,560
ADJ,ADV,INTJ,101
DET,PUNCT,PRON,17
PUNCT,PRON,PUNCT,319
PRON,PUNCT,NOUN,317
SCONJ,ADJ,VERB,372
DET,VERB,SCONJ,170
AUX,PUNCT,SCONJ,244
PUNCT,SCONJ,PRON,2762
AUX,PUNCT,PUNCT,260
ADV,AUX,AUX,754
AUX,AUX,DET,359
ADJ,PUNCT,VERB,723
ADJ,PUNCT,ADJ,2076
PUNCT,ADJ,ADV,215
PUNCT,CCONJ,INTJ,105
CCONJ,INTJ,PUNCT,443
AUX,AUX,ADJ,157
NOUN,NUM,ADP,576
NUM,ADP,PROPN,235
PROPN,PUNCT,CCONJ,1054
SCONJ,ADV,PRON,1250
ADV,VERB,AUX,3189
AUX,PROPN,PUNCT,2854
PROPN,AUX,NOUN,1649
PROPN,VERB,NOUN,1036
AUX,VERB,AUX,1930
VERB,SCONJ,SCONJ,892
CCONJ,ADV,NOUN,1994
ADV,NOUN,SCONJ,507
AUX,SCONJ,SCONJ,136
PUNCT,VERB,CCONJ,1350
ADP,NOUN,SCONJ,1196
ADP,NOUN,SYM,320
NOUN,SYM,PROPN,143
SYM,PROPN,VERB,88
PROPN,CCONJ,NOUN,2131
ADV,PUNCT,CCONJ,1437
ADJ,ADP,PUNCT,4324
ADJ,CCONJ,NOUN,2032
PUNCT,PUNCT,PUNCT,1226
PROPN,PUNCT,PRON,1425
PRON,AUX,NUM,3951
NUM,NOUN,CCONJ,3824
DET,PRON,ADP,407
ADJ,ADJ,ADV,1765
VERB,PROPN,NUM,140
PROPN,NUM,PUNCT,859
NUM,CCONJ,ADV,532
CCONJ,ADV,PROPN,341
ADV,PROPN,NUM,89
ADJ,AUX,ADV,1604
NOUN,NOUN,SCONJ,385
NOUN,SCONJ,DET,1383
ADP,PRON,NUM,652
PRON,NUM,PUNCT,307
AUX,PROPN,PROPN,907
ADP,DET,ADV,550
DET,ADV,PUNCT,313
ADP,ADP,ADJ,384
AUX,NOUN,ADP,2006
ADJ,ADJ,DET,555
ADJ,PRON,NOUN,1327
VERB,PUNCT,ADJ,706
PUNCT,ADJ,AUX,186
SCONJ,NOUN,PRON,1365
ADV,PUNCT,SCONJ,407
VERB,DET,ADP,109
PRON,VERB,INTJ,524
ADV,DET,SYM,185
NOUN,NOUN,DET,365
VERB,PROPN,ADJ,942
PROPN,ADJ,NOUN,401
ADV,ADP,ADV,2325
ADP,ADV,PUNCT,2387
ADV,PUNCT,PROPN,247
PROPN,PUNCT,DET,499
NOUN,PROPN,PRON,247
PROPN,PRON,AUX,742
ADJ,VERB,DET,1218
ADV,PUNCT,NOUN,742
PUNCT,NOUN,ADV,568
NOUN,PUNCT,ADJ,1445
NOUN,PUNCT,DET,2297
PUNCT,NOUN,NOUN,707
NUM,VERB,DET,430
CCONJ,VERB,NUM,273
PUNCT,ADP,PRON,662
SCONJ,VERB,NOUN,126
VERB,NOUN,AUX,1329
ADJ,PRON,AUX,702
PRON,AUX,AUX,597
CCONJ,DET,ADV,530
PUNCT,CCONJ,DET,2039
CCONJ,SCONJ,NOUN,869
PUNCT,PRON,ADJ,351
AUX,AUX,PRON,3042
NOUN,CCONJ,AUX,1633
AUX,ADV,SCONJ,611
SCONJ,ADV,AUX,273
ADJ,ADV,NUM,159
ADJ,DET,PUNCT,23
CCONJ,VERB,VERB,2022
ADV,PUNCT,NUM,84
VERB,NUM,PUNCT,274
NOUN,ADP,X,33
ADP,X,ADP,6
X,ADP,DET,39
PROPN,ADP,CCONJ,433
ADV,ADV,CCONJ,2836
VERB,ADJ,SCONJ,1289
ADP,ADP,PROPN,812
ADP,PROPN,ADV,888
AUX,CCONJ,DET,846
PUNCT,DET,ADP,15
DET,ADP,CCONJ,102
VERB,ADP,AUX,416
ADP,AUX,PUNCT,1163
PRON,PRON,SCONJ,322
PRON,SCONJ,NOUN,618
VERB,DET,PRON,361
DET,VERB,PROPN,113
DET,VERB,DET,142
CCONJ,ADV,NUM,535
ADV,AUX,ADP,841
AUX,ADP,VERB,1718
CCONJ,AUX,NOUN,297
PUNCT,NOUN,PRON,208
PRON,ADP,ADP,4730
ADP,ADP,PRON,2396
CCONJ,AUX,DET,618
PRON,PROPN,AUX,349
PROPN,AUX,AUX,189
PRON,SCONJ,ADJ,204
SCONJ,ADJ,NUM,7
ADJ,NUM,NOUN,640
ADV,NUM,PUNCT,1043
ADV,DET,NUM,266
NUM,VERB,CCONJ,548
CCONJ,PUNCT,ADJ,51
CCONJ,PUNCT,NOUN,185
PRON,DET,ADV,415
DET,ADV,ADP,198
PRON,PUNCT,VERB,475
PUNCT,VERB,AUX,154
ADJ,PUNCT,ADV,618
PUNCT,ADJ,VERB,466
AUX,PUNCT,VERB,490
PUNCT,VERB,PRON,4386
PRON,PUNCT,AUX,94
PUNCT,AUX,ADV,267
PROPN,PUNCT,ADV,523
AUX,NOUN,PRON,494
PRON,ADP,AUX,2010
AUX,NUM,PRON,25
NUM,PRON,ADV,115
ADV,CCONJ,CCONJ,43
AUX,AUX,ADV,437
DET,ADJ,ADV,1297
PRON,PRON,DET,1393
ADP,PUNCT,VERB,382
NOUN,SCONJ,ADV,576
VERB,SCONJ,ADJ,579
SCONJ,ADJ,PRON,108
NOUN,CCONJ,INTJ,159
CCONJ,INTJ,ADJ,22
INTJ,ADJ,ADJ,80
DET,VERB,VERB,787
ADP,NOUN,ADJ,1002
AUX,AUX,SCONJ,300
ADV,SCONJ,ADV,801
DET,NUM,ADV,92
NUM,ADV,ADP,139
NOUN,DET,NUM,91
DET,NUM,PUNCT,282
ADV,PROPN,ADV,142
PROPN,ADV,NOUN,141
ADJ,NOUN,SYM,221
NOUN,SYM,VERB,254
SYM,VERB,CCONJ,314
ADV,PROPN,AUX,227
ADP,AUX,ADP,241
VERB,PUNCT,NUM,140
PUNCT,NUM,NOUN,1007
INTJ,NUM,NOUN,30
CCONJ,NUM,ADP,370
NUM,ADP,ADP,92
VERB,VERB,X,17
ADP,PUNCT,ADV,298
AUX,CCONJ,ADJ,740
ADP,PRON,DET,841
NUM,ADP,DET,1429
NOUN,ADJ,PRON,323
ADP,NUM,PROPN,998
VERB,PROPN,PROPN,1621
ADV,AUX,NUM,110
AUX,NUM,VERB,184
PROPN,AUX,CCONJ,305
CCONJ,ADP,CCONJ,359
PROPN,VERB,CCONJ,2448
VERB,NOUN,X,26
NOUN,X,NUM,11
X,NUM,NOUN,27
ADJ,PUNCT,PROPN,243
PUNCT,VERB,VERB,402
ADJ,NOUN,NUM,298
PROPN,PROPN,ADJ,305
ADJ,PUNCT,NUM,65
PUNCT,NUM,ADJ,56
NUM,ADJ,ADJ,147
ADJ,ADP,NUM,277
ADP,NUM,NUM,100
NUM,NUM,ADP,32
PROPN,ADJ,PROPN,46
ADJ,PROPN,PROPN,274
ADP,ADJ,SCONJ,139
PRON,DET,PROPN,577
DET,PROPN,PROPN,2008
PROPN,PROPN,AUX,1166
CCONJ,PRON,PROPN,266
PUNCT,NOUN,PROPN,334
PUNCT,PUNCT,SCONJ,26
PUNCT,SCONJ,PROPN,125
SCONJ,PROPN,DET,241
NOUN,VERB,X,90
VERB,X,PRON,14
X,PRON,ADJ,7
AUX,SCONJ,DET,758
AUX,NUM,ADJ,108
NUM,ADJ,VERB,103
CCONJ,VERB,PROPN,621
ADP,ADP,PUNCT,4571
SCONJ,DET,PROPN,426
AUX,AUX,AUX,155
ADJ,CCONJ,PROPN,730
PROPN,PRON,PRON,133
VERB,PRON,SYM,371
PRON,SYM,ADV,70
SYM,ADV,PUNCT,189
AUX,PRON,SCONJ,414
PRON,SCONJ,DET,869
VERB,AUX,NUM,46
ADP,ADV,VERB,949
VERB,AUX,AUX,1072
AUX,AUX,CCONJ,388
INTJ,ADV,ADJ,96
INTJ,VERB,PRON,501
SCONJ,PRON,PUNCT,708
NOUN,DET,VERB,362
NOUN,SCONJ,PUNCT,649
SCONJ,PUNCT,DET,174
DET,ADJ,SYM,137
ADJ,SYM,SYM,117
SYM,SYM,PUNCT,1857
SCONJ,PRON,NUM,1272
PRON,NUM,AUX,444
NUM,AUX,VERB,408
PROPN,VERB,ADJ,1696
AUX,VERB,NOUN,791
NOUN,PRON,ADP,3249
NOUN,AUX,SYM,95
AUX,SYM,NUM,8
SYM,NUM,PUNCT,155
ADP,ADJ,ADP,1239
NOUN,SCONJ,ADP,482
SCONJ,ADP,ADJ,110
SCONJ,ADV,ADP,491
ADV,ADP,SYM,185
ADP,SYM,AUX,44
SYM,AUX,VERB,52
ADJ,SCONJ,SCONJ,346
SCONJ,SCONJ,ADV,173
DET,VERB,ADV,394
CCONJ,ADJ,DET,692
SCONJ,NOUN,PUNCT,2245
ADV,PUNCT,SYM,281
ADV,PUNCT,ADV,655
NOUN,ADJ,DET,456
ADV,NUM,ADV,133
NUM,ADV,ADV,297
DET,ADV,VERB,427
ADP,NOUN,PRON,1413
PRON,NOUN,SYM,223
PROPN,ADP,PRON,1514
SCONJ,PROPN,ADP,440
DET,ADJ,PRON,620
ADJ,PRON,PUNCT,344
ADV,DET,PROPN,610
SYM,VERB,PROPN,129
NOUN,PUNCT,AUX,553
CCONJ,NOUN,DET,624
PUNCT,VERB,ADV,1100
AUX,ADV,PUNCT,1664
ADP,PROPN,SYM,161
PROPN,SYM,PUNCT,452
ADV,PROPN,PROPN,443
PROPN,PROPN,ADP,1030
CCONJ,PROPN,PROPN,1508
PROPN,PROPN,ADV,395
PROPN,ADV,ADP,952
PROPN,PRON,ADV,315
NOUN,NOUN,PROPN,361
DET,SYM,VERB,110
SYM,VERB,ADV,135
DET,PROPN,DET,280
PROPN,DET,NOUN,2816
AUX,ADP,CCONJ,300
ADP,NOUN,PROPN,1273
VERB,DET,VERB,652
AUX,PRON,NUM,1073
PRON,NUM,VERB,408
VERB,VERB,SCONJ,1284
ADV,AUX,CCONJ,462
NUM,VERB,SCONJ,122
PUNCT,PROPN,VERB,570
PROPN,ADJ,PRON,48
INTJ,PRON,ADP,27
INTJ,INTJ,PROPN,32
INTJ,PROPN,VERB,79
ADP,VERB,ADJ,1551
ADP,PROPN,NOUN,967
NOUN,NOUN,SYM,122
NOUN,SYM,PUNCT,713
PROPN,SYM,DET,22
SYM,DET,NOUN,285
VERB,CCONJ,PROPN,1481
ADV,AUX,INTJ,16
AUX,INTJ,NOUN,3
INTJ,NOUN,PUNCT,508
CCONJ,PUNCT,SCONJ,103
VERB,AUX,DET,1246
CCONJ,ADP,ADV,901
VERB,PROPN,ADV,1503
INTJ,PRON,NOUN,181
ADJ,PUNCT,PRON,1027
PUNCT,PRON,ADV,507
PRON,SYM,ADJ,29
SYM,ADJ,PRON,6
CCONJ,ADJ,SCONJ,352
ADP,ADV,NOUN,700
NOUN,ADV,SCONJ,936
PROPN,PRON,NOUN,1100
INTJ,ADV,SCONJ,31
VERB,NOUN,DET,756
NOUN,PROPN,ADJ,169
PROPN,ADJ,DET,71
ADJ,DET,ADV,32
SYM,INTJ,ADV,69
INTJ,ADV,AUX,272
CCONJ,NOUN,PRON,1532
ADP,ADP,AUX,674
AUX,PUNCT,CCONJ,784
VERB,DET,ADV,492
NOUN,NOUN,AUX,1629
ADV,VERB,INTJ,144
VERB,INTJ,CCONJ,153
INTJ,CCONJ,PRON,521
DET,ADP,ADP,65
CCONJ,NOUN,ADJ,874
CCONJ,NOUN,SYM,131
NOUN,SYM,NOUN,268
INTJ,VERB,ADJ,84
INTJ,NOUN,CCONJ,66
PRON,ADP,SCONJ,535
ADP,PRON,SYM,160
PRON,SYM,PUNCT,226
SCONJ,CCONJ,PRON,81
CCONJ,PRON,CCONJ,516
ADJ,CCONJ,VERB,3637
SCONJ,NOUN,DET,532
CCONJ,ADJ,AUX,1997
ADV,CCONJ,SCONJ,603
PROPN,VERB,AUX,431
PUNCT,CCONJ,ADJ,795
AUX,NOUN,ADV,1454
PUNCT,ADV,ADJ,537
CCONJ,SCONJ,PROPN,298
PROPN,ADJ,VERB,282
ADJ,ADV,CCONJ,817
INTJ,INTJ,VERB,184
INTJ,VERB,NOUN,111
SCONJ,ADJ,CCONJ,134
VERB,PROPN,NOUN,457
PROPN,NOUN,ADV,184
PUNCT,ADV,PUNCT,824
PUNCT,PUNCT,VERB,2003
PUNCT,VERB,PROPN,2807
PROPN,PUNCT,SCONJ,128
SCONJ,PRON,PROPN,682
PRON,PROPN,PROPN,574
PROPN,NOUN,ADJ,100
ADJ,PUNCT,ADP,303
PUNCT,ADP,NOUN,803
PROPN,ADP,ADP,567
ADV,PROPN,VERB,631
ADP,NUM,ADJ,258
CCONJ,PROPN,ADV,721
PROPN,ADV,CCONJ,229
PROPN,VERB,PROPN,1051
SCONJ,PROPN,AUX,136
ADP,PUNCT,ADJ,119
DET,ADJ,SCONJ,425
PUNCT,AUX,ADJ,258
INTJ,PUNCT,ADV,305
PUNCT,ADJ,PUNCT,2203
VERB,SCONJ,VERB,611
SCONJ,VERB,AUX,58
AUX,NOUN,PROPN,271
NOUN,PROPN,CCONJ,1532
VERB,PROPN,AUX,146
VERB,NUM,ADJ,242
SCONJ,PROPN,PROPN,478
NOUN,ADJ,ADV,1434
VERB,DET,PROPN,1209
PRON,PROPN,ADP,448
PROPN,ADP,VERB,1178
ADP,CCONJ,SCONJ,512
ADP,NUM,PUNCT,734
PRON,ADJ,NUM,151
PROPN,ADV,AUX,372
ADJ,VERB,SYM,71
SCONJ,NOUN,ADJ,1170
VERB,SCONJ,AUX,191
SCONJ,AUX,PRON,420
ADP,ADJ,DET,600
PRON,NOUN,NUM,351
NUM,NOUN,NUM,607
PUNCT,PROPN,ADP,124
ADP,CCONJ,PROPN,350
CCONJ,PROPN,ADP,1018
ADP,NUM,PRON,47
NUM,PRON,ADP,54
ADV,CCONJ,SYM,31
CCONJ,SYM,CCONJ,257
NOUN,ADV,INTJ,102
NOUN,ADV,PROPN,317
PRON,CCONJ,ADP,348
PROPN,PROPN,PRON,252
VERB,ADP,SYM,631
ADP,SYM,ADP,193
SYM,ADP,DET,271
ADV,CCONJ,ADJ,408
CCONJ,CCONJ,PRON,298
PROPN,PROPN,CCONJ,2976
CCONJ,DET,PRON,291
SYM,PUNCT,NOUN,215
VERB,ADV,INTJ,187
ADV,INTJ,PROPN,23
INTJ,PROPN,PROPN,51
ADV,ADJ,INTJ,246
PUNCT,PROPN,AUX,305
AUX,PROPN,ADV,631
ADP,ADV,PRON,885
AUX,PROPN,PRON,258
PROPN,PRON,VERB,999
VERB,SCONJ,ADP,1114
SCONJ,ADP,PUNCT,372
PUNCT,ADJ,ADJ,402
PROPN,PROPN,NOUN,722
PROPN,NOUN,ADP,544
VERB,VERB,PROPN,950
NUM,PROPN,NOUN,85
PUNCT,SCONJ,NOUN,335
ADP,ADJ,CCONJ,822
NUM,ADJ,PUNCT,200
ADP,PROPN,SCONJ,311
PROPN,SCONJ,DET,103
NUM,PROPN,CCONJ,173
DET,NOUN,SYM,753
ADJ,ADV,PRON,1235
SCONJ,DET,ADV,155
PRON,SYM,NOUN,116
SYM,NOUN,AUX,77
CCONJ,INTJ,NOUN,35
ADV,NOUN,NUM,185
VERB,CCONJ,INTJ,183
CCONJ,INTJ,CCONJ,46
INTJ,CCONJ,SCONJ,110
ADP,VERB,INTJ,61
VERB,INTJ,ADV,129
INTJ,ADV,CCONJ,23
ADJ,CCONJ,INTJ,101
INTJ,NOUN,VERB,128
ADJ,ADJ,PRON,469
VERB,VERB,NOUN,952
DET,PRON,AUX,231
SYM,VERB,PUNCT,771
PROPN,NOUN,AUX,370
ADP,PUNCT,SCONJ,168
DET,ADJ,DET,352
AUX,NUM,PUNCT,324
PUNCT,ADV,DET,385
ADV,NOUN,DET,271
NOUN,ADV,NUM,604
ADV,NUM,AUX,159
NUM,AUX,PRON,509
PUNCT,ADJ,ADP,290
DET,ADV,ADV,216
ADV,AUX,SCONJ,410
AUX,SCONJ,NOUN,472
ADP,PUNCT,NOUN,353
ADV,NUM,ADP,776
NUM,ADP,ADJ,146
ADV,ADP,SCONJ,1063
NOUN,SCONJ,SCONJ,141
ADP,DET,DET,292
SCONJ,ADJ,SCONJ,40
AUX,DET,PUNCT,86
PUNCT,PROPN,NOUN,152
PUNCT,PROPN,PROPN,1595
PUNCT,ADJ,PROPN,88
SYM,SYM,ADP,141
PROPN,PROPN,SYM,333
PROPN,SYM,SYM,389
PRON,AUX,SYM,308
AUX,SYM,SYM,79
SYM,SYM,NOUN,214
PROPN,VERB,SYM,78
VERB,SYM,SYM,163
PUNCT,AUX,ADP,61
DET,ADV,AUX,106
ADP,NUM,ADP,694
INTJ,INTJ,PUNCT,907
SCONJ,NOUN,PROPN,165
PUNCT,VERB,NOUN,947
VERB,NOUN,PROPN,741
VERB,NUM,ADP,235
PROPN,VERB,SCONJ,769
DET,PROPN,ADV,381
ADP,AUX,SCONJ,116
VERB,ADP,X,33
ADP,X,DET,16
X,DET,NOUN,109
SYM,PROPN,PROPN,245
SCONJ,DET,NUM,112
PROPN,VERB,X,8
PROPN,VERB,VERB,1625
NUM,PROPN,NUM,518
ADP,SCONJ,NUM,6
SCONJ,NUM,ADP,54
ADV,CCONJ,AUX,235
ADJ,AUX,NUM,55
PRON,CCONJ,PROPN,641
AUX,ADP,ADJ,887
SCONJ,VERB,ADP,111
ADJ,PUNCT,SYM,357
AUX,ADV,CCONJ,408
ADP,PUNCT,SYM,143
NOUN,NUM,AUX,842
NUM,AUX,DET,264
AUX,NOUN,NOUN,627
ADP,AUX,ADV,541
PROPN,PRON,ADJ,330
VERB,PUNCT,PROPN,491
PUNCT,SYM,CCONJ,211
CCONJ,NOUN,SCONJ,388
SCONJ,NOUN,SYM,43
SYM,PUNCT,SYM,234
SYM,CCONJ,SYM,166
CCONJ,SYM,PUNCT,286
VERB,SYM,PUNCT,393
VERB,ADV,PROPN,833
ADV,PROPN,PUNCT,1102
INTJ,PUNCT,SCONJ,88
PUNCT,SCONJ,DET,476
PRON,PRON,PROPN,203
PROPN,ADV,ADJ,600
PRON,AUX,PUNCT,1518
ADP,ADV,SCONJ,604
ADJ,PRON,PRON,715
AUX,DET,NUM,233
VERB,SCONJ,NUM,75
CCONJ,ADP,SYM,77
ADP,SYM,VERB,268
NUM,PROPN,VERB,466
CCONJ,PRON,SCONJ,150
CCONJ,NUM,PRON,57
NUM,PRON,VERB,171
ADV,PRON,NUM,135
SCONJ,NUM,CCONJ,42
CCONJ,NUM,X,7
ADP,ADP,SYM,63
ADP,SYM,SYM,211
SYM,SYM,CCONJ,372
SYM,CCONJ,PUNCT,83
PROPN,ADV,PUNCT,1352
AUX,PUNCT,ADP,129
AUX,PROPN,DET,308
CCONJ,PROPN,SCONJ,67
PROPN,SCONJ,ADV,71
PUNCT,PUNCT,PRON,233
CCONJ,INTJ,VERB,225
VERB,NUM,NUM,47
PUNCT,DET,VERB,126
PRON,PUNCT,PUNCT,869
AUX,NOUN,NUM,204
NUM,SCONJ,PRON,168
NOUN,ADJ,PROPN,262
SCONJ,PRON,SYM,104
SYM,ADP,PRON,157
PROPN,PUNCT,ADP,379
AUX,SCONJ,VERB,59
SCONJ,PUNCT,ADV,106
PUNCT,ADV,NOUN,245
PRON,CCONJ,SCONJ,235
NOUN,NUM,ADJ,210
SCONJ,ADV,VERB,599
PUNCT,CCONJ,AUX,261
AUX,PRON,PROPN,705
PRON,PROPN,ADJ,152
PUNCT,DET,ADJ,709
NOUN,PROPN,ADP,805
AUX,PUNCT,AUX,300
NUM,NOUN,SCONJ,240
AUX,NOUN,AUX,222
PROPN,CCONJ,ADP,1148
ADJ,ADV,PROPN,113
ADP,ADJ,PRON,188
NUM,AUX,PROPN,58
PROPN,DET,VERB,69
NUM,VERB,ADV,621
PUNCT,PUNCT,INTJ,95
PUNCT,INTJ,PUNCT,1223
INTJ,PUNCT,ADJ,136
PRON,PUNCT,PRON,581
INTJ,PUNCT,PUNCT,455
NOUN,PRON,NUM,134
PUNCT,ADV,PROPN,76
NUM,DET,ADJ,319
PUNCT,NOUN,ADP,748
NOUN,SCONJ,PROPN,605
NOUN,PUNCT,X,75
PUNCT,X,CCONJ,20
X,CCONJ,VERB,3
SCONJ,ADJ,ADV,124
PRON,ADV,X,22
ADV,X,PUNCT,9
VERB,PUNCT,SCONJ,1296
SCONJ,PUNCT,NOUN,620
NOUN,NUM,CCONJ,1006
NUM,CCONJ,NOUN,191
CCONJ,NOUN,NUM,334
NUM,ADP,PUNCT,288
DET,NOUN,X,98
PROPN,PROPN,NUM,269
PRON,DET,ADP,76
AUX,VERB,PROPN,370
ADP,ADP,NUM,222
ADP,NUM,SYM,518
NUM,SYM,SYM,93
SYM,SYM,ADV,87
SYM,ADV,NUM,10
ADJ,PUNCT,DET,316
CCONJ,ADJ,PROPN,136
ADP,NOUN,INTJ,45
CCONJ,NUM,ADJ,136
PRON,ADJ,PROPN,283
ADJ,PROPN,VERB,376
NOUN,VERB,NUM,802
ADP,AUX,DET,170
NUM,ADJ,INTJ,2
SCONJ,ADJ,ADP,226
ADP,SCONJ,NOUN,227
DET,SYM,AUX,38
SYM,AUX,PRON,82
ADP,NUM,ADV,180
CCONJ,INTJ,SYM,8
INTJ,SYM,NOUN,28
SYM,NOUN,NOUN,286
NUM,ADV,ADJ,188
CCONJ,INTJ,ADP,31
INTJ,ADP,NOUN,53
VERB,INTJ,ADP,31
INTJ,ADP,NUM,5
NOUN,NOUN,NUM,316
SYM,PRON,AUX,152
AUX,ADV,PROPN,359
INTJ,ADV,PRON,195
VERB,ADJ,INTJ,80
DET,PROPN,PRON,207
INTJ,PUNCT,AUX,60
ADJ,SCONJ,PUNCT,235
ADP,DET,NUM,1294
DET,NUM,AUX,118
CCONJ,AUX,ADP,319
VERB,PUNCT,SYM,597
PROPN,ADJ,SCONJ,85
ADJ,SCONJ,PROPN,390
ADV,X,PRON,6
X,PRON,ADP,2
SCONJ,PRON,CCONJ,366
ADV,SCONJ,PROPN,351
SCONJ,PROPN,CCONJ,473
PRON,CCONJ,ADJ,257
NOUN,SYM,SYM,546
INTJ,PRON,PROPN,17
PROPN,ADV,VERB,1161
PUNCT,AUX,DET,266
SCONJ,ADP,PRON,338
INTJ,ADJ,PUNCT,319
ADP,DET,CCONJ,116
DET,CCONJ,ADJ,59
AUX,PUNCT,PRON,297
PROPN,PUNCT,NUM,281
PUNCT,NUM,PROPN,129
ADP,ADJ,ADV,288
VERB,ADV,SYM,230
SYM,ADP,NOUN,355
ADP,SYM,PUNCT,583
NUM,ADV,NOUN,34
NUM,AUX,AUX,107
AUX,ADJ,NUM,167
ADJ,NUM,PUNCT,287
PRON,PRON,NUM,180
AUX,PROPN,AUX,70
PROPN,ADV,DET,322
CCONJ,DET,CCONJ,19
DET,CCONJ,DET,39
PROPN,NOUN,PROPN,186
SCONJ,VERB,VERB,125
CCONJ,SYM,SCONJ,9
SYM,SCONJ,ADJ,5
PROPN,NOUN,NUM,128
NUM,PUNCT,PROPN,168
PROPN,NOUN,CCONJ,595
PRON,PROPN,NOUN,169
NUM,CCONJ,PROPN,218
SYM,CCONJ,VERB,155
SCONJ,PROPN,NUM,36
DET,NOUN,INTJ,217
NOUN,INTJ,PUNCT,375
CCONJ,PUNCT,DET,118
CCONJ,SCONJ,ADJ,269
CCONJ,PRON,DET,531
VERB,PROPN,DET,893
ADV,CCONJ,PROPN,336
ADP,VERB,PROPN,227
VERB,DET,NUM,356
DET,NUM,DET,150
PUNCT,PROPN,PRON,101
PROPN,PRON,PUNCT,122
PROPN,CCONJ,AUX,197
INTJ,INTJ,INTJ,124
INTJ,INTJ,PRON,329
PROPN,NOUN,SYM,37
NOUN,SYM,CCONJ,344
VERB,AUX,NOUN,463
PUNCT,PROPN,ADV,89
SYM,INTJ,INTJ,42
NUM,ADV,CCONJ,73
ADV,CCONJ,NUM,42
ADJ,DET,VERB,126
INTJ,PRON,PRON,42
ADV,PROPN,ADP,254
PRON,NUM,ADJ,176
NUM,ADJ,ADP,64
ADP,ADJ,ADJ,736
DET,ADP,NUM,24
ADV,ADJ,PROPN,229
PRON,PRON,SYM,48
PRON,SYM,VERB,164
PUNCT,NOUN,ADJ,186
VERB,VERB,SYM,47
VERB,SYM,ADP,150
SYM,ADP,AUX,16
ADV,PROPN,PRON,101
PROPN,PRON,CCONJ,59
PROPN,SCONJ,PRON,715
PROPN,NUM,NOUN,378
VERB,CCONJ,SYM,187
AUX,ADP,SYM,147
ADV,PRON,CCONJ,575
ADJ,AUX,NOUN,344
PUNCT,PROPN,DET,51
PROPN,DET,PROPN,129
ADV,DET,AUX,16
DET,AUX,AUX,9
CCONJ,INTJ,SCONJ,42
NUM,PUNCT,CCONJ,162
AUX,SCONJ,PROPN,124
SCONJ,PROPN,PRON,265
PROPN,PRON,DET,104
ADJ,ADJ,PROPN,151
NUM,CCONJ,VERB,189
PROPN,NOUN,DET,71
ADJ,AUX,PROPN,360
INTJ,VERB,PROPN,455
CCONJ,VERB,INTJ,72
INTJ,ADJ,VERB,121
PROPN,ADP,ADV,140
PROPN,ADP,PUNCT,1027
ADP,PROPN,PRON,534
INTJ,ADJ,ADV,114
ADV,ADV,PROPN,505
VERB,INTJ,VERB,47
DET,PUNCT,PUNCT,35
ADP,AUX,AUX,352
PROPN,ADP,SCONJ,38
PUNCT,PUNCT,PROPN,243
INTJ,SCONJ,NUM,1
SCONJ,NUM,PRON,17
NUM,PRON,AUX,98
NOUN,SCONJ,NUM,39
SCONJ,NUM,ADV,19
NUM,ADV,AUX,108
SCONJ,PUNCT,PRON,639
VERB,INTJ,NOUN,50
ADJ,PROPN,ADP,200
PROPN,ADP,AUX,84
NUM,SYM,ADP,247
SYM,ADP,VERB,104
CCONJ,PUNCT,ADV,200
SCONJ,NOUN,SCONJ,105
SCONJ,CCONJ,PROPN,5
SCONJ,ADP,AUX,69
ADV,SCONJ,VERB,185
AUX,PUNCT,ADV,380
INTJ,ADV,NUM,14
PROPN,PRON,PROPN,32
NOUN,PUNCT,SYM,944
ADV,INTJ,VERB,62
INTJ,VERB,PUNCT,171
ADJ,PUNCT,SCONJ,560
NUM,VERB,AUX,160
ADJ,NOUN,INTJ,113
PUNCT,PRON,PRON,353
PUNCT,ADV,SCONJ,276
CCONJ,INTJ,ADV,137
ADJ,ADP,SCONJ,509
NOUN,ADP,SCONJ,649
SYM,CCONJ,DET,210
VERB,PUNCT,X,41
PUNCT,X,SYM,22
X,SYM,NOUN,5
PUNCT,AUX,NOUN,109
PROPN,PROPN,SCONJ,84
ADJ,PRON,CCONJ,227
DET,ADJ,PROPN,793
ADJ,PROPN,AUX,181
SCONJ,PROPN,ADV,482
NUM,NUM,NUM,374
NUM,NUM,ADV,13
INTJ,DET,NUM,4
ADV,INTJ,INTJ,37
ADJ,SYM,CCONJ,111
CCONJ,SYM,NOUN,124
INTJ,PRON,ADV,97
INTJ,AUX,ADJ,59
NOUN,SYM,SCONJ,14
INTJ,PUNCT,CCONJ,371
ADV,SCONJ,PUNCT,206
SYM,PUNCT,INTJ,55
PUNCT,INTJ,SYM,141
INTJ,SYM,PROPN,28
PROPN,PUNCT,INTJ,131
VERB,CCONJ,X,17
CCONJ,X,PRON,5
X,PRON,AUX,10
CCONJ,X,SCONJ,2
X,SCONJ,PRON,24
CCONJ,PROPN,DET,322
ADP,SYM,CCONJ,296
CCONJ,NUM,VERB,294
ADJ,DET,PROPN,97
NUM,PUNCT,NOUN,256
NUM,PUNCT,SCONJ,46
DET,NUM,CCONJ,181
NOUN,SYM,ADP,123
CCONJ,PROPN,PRON,433
AUX,DET,VERB,610
VERB,CCONJ,NUM,401
ADV,PUNCT,DET,360
ADP,PUNCT,NUM,54
PRON,CCONJ,AUX,116
SCONJ,ADP,CCONJ,89
ADJ,PRON,SCONJ,58
AUX,DET,ADV,218
ADP,PROPN,ADJ,374
NUM,PROPN,ADJ,130
SCONJ,VERB,ADJ,58
PROPN,PUNCT,AUX,326
PUNCT,INTJ,INTJ,220
ADP,PUNCT,ADP,224
SCONJ,PUNCT,PUNCT,58
DET,ADV,DET,140
NOUN,DET,ADP,120
ADP,CCONJ,NUM,110
PUNCT,NUM,AUX,30
DET,PUNCT,CCONJ,23
ADJ,PRON,DET,112
ADV,DET,ADP,164
DET,ADP,PRON,92
CCONJ,ADJ,PRON,360
CCONJ,AUX,NUM,118
AUX,ADJ,INTJ,109
ADP,X,PROPN,12
X,PROPN,PUNCT,30
ADV,SCONJ,ADJ,280
SCONJ,ADJ,ADJ,166
DET,NUM,ADP,192
PRON,NUM,CCONJ,265
SCONJ,ADJ,DET,191
NOUN,CCONJ,SYM,306
CCONJ,SYM,AUX,19
NUM,CCONJ,PUNCT,29
VERB,DET,DET,368
ADJ,CCONJ,PUNCT,332
SYM,PUNCT,PUNCT,526
ADJ,PROPN,SCONJ,13
CCONJ,PROPN,ADJ,223
SYM,CCONJ,NOUN,536
INTJ,CCONJ,INTJ,147
ADV,SCONJ,ADP,314
AUX,NUM,PROPN,234
NUM,PROPN,DET,76
ADP,SCONJ,VERB,32
SCONJ,VERB,CCONJ,279
VERB,NUM,PROPN,87
NUM,PROPN,ADV,68
NUM,ADJ,NUM,66
ADJ,NUM,ADJ,36
NUM,ADJ,CCONJ,97
PROPN,CCONJ,NUM,160
DET,ADV,PRON,71
SCONJ,ADP,PROPN,227
DET,PRON,PUNCT,160
DET,NUM,PRON,33
AUX,ADP,AUX,45
DET,PRON,ADV,190
PROPN,VERB,NUM,188
ADV,SCONJ,NUM,21
SYM,NOUN,CCONJ,382
INTJ,ADP,PRON,62
NOUN,PUNCT,INTJ,202
PROPN,CCONJ,SCONJ,259
PUNCT,ADJ,DET,80
SCONJ,PROPN,VERB,344
INTJ,PROPN,ADJ,11
PRON,DET,NUM,246
AUX,SYM,VERB,121
ADJ,SYM,NOUN,70
ADP,CCONJ,INTJ,42
ADV,INTJ,DET,27
INTJ,DET,NOUN,371
NUM,NOUN,PROPN,291
NUM,VERB,VERB,244
PUNCT,NUM,VERB,77
NUM,PUNCT,DET,57
PUNCT,SYM,NOUN,96
SYM,PUNCT,NUM,44
NUM,VERB,NOUN,218
CCONJ,VERB,SYM,48
VERB,SYM,VERB,92
PUNCT,ADP,NUM,132
NUM,PUNCT,SYM,65
PUNCT,SYM,VERB,69
PUNCT,SYM,DET,20
SYM,DET,VERB,5
PUNCT,VERB,SYM,59
CCONJ,VERB,X,20
VERB,X,NOUN,31
X,NOUN,VERB,21
ADP,NUM,AUX,235
NUM,SYM,PUNCT,228
DET,ADP,NOUN,252
PRON,DET,DET,229
ADP,PROPN,NUM,451
PRON,PROPN,SCONJ,32
PUNCT,SYM,PRON,39
SYM,PRON,VERB,136
PROPN,NOUN,SCONJ,28
ADP,SCONJ,DET,479
SYM,ADV,PRON,46
ADV,ADJ,SYM,112
ADJ,SYM,PUNCT,212
PUNCT,ADP,ADP,141
PROPN,SYM,PROPN,215
PRON,NUM,DET,26
VERB,NUM,VERB,114
INTJ,VERB,VERB,53
SCONJ,ADP,ADP,92
NUM,ADP,NOUN,492
CCONJ,PROPN,NUM,196
INTJ,ADP,DET,118
PROPN,AUX,NUM,377
DET,ADJ,NUM,258
ADJ,NUM,AUX,73
NUM,AUX,ADV,439
ADV,SYM,ADV,46
SYM,ADV,AUX,47
SYM,NOUN,ADP,153
ADV,ADJ,NUM,196
PUNCT,VERB,ADJ,237
PUNCT,PROPN,SYM,227
SYM,PUNCT,ADJ,53
ADV,SCONJ,SCONJ,212
DET,PRON,CCONJ,91
ADJ,SCONJ,SYM,30
SCONJ,SYM,VERB,27
SYM,VERB,AUX,32
VERB,SYM,INTJ,13
SYM,INTJ,SCONJ,6
PUNCT,DET,DET,15
DET,DET,ADJ,176
PUNCT,DET,PROPN,177
PUNCT,AUX,PROPN,41
NUM,PUNCT,PUNCT,196
SCONJ,SCONJ,ADP,14
INTJ,CCONJ,ADP,51
NOUN,AUX,INTJ,42
AUX,INTJ,PUNCT,70
DET,ADV,CCONJ,55
ADV,INTJ,ADJ,40
PUNCT,CCONJ,PUNCT,379
NUM,AUX,ADJ,174
CCONJ,SCONJ,AUX,25
DET,PROPN,ADJ,236
NUM,CCONJ,SCONJ,60
CCONJ,DET,NUM,223
AUX,DET,PRON,222
PUNCT,PRON,NOUN,1158
ADP,PRON,INTJ,41
PRON,INTJ,CCONJ,37
AUX,PROPN,ADJ,468
PROPN,SYM,ADP,47
SYM,ADP,PUNCT,111
SYM,SYM,PRON,67
SYM,PRON,ADJ,32
SCONJ,NOUN,NUM,190
PUNCT,PRON,CCONJ,75
AUX,PUNCT,ADJ,103
PUNCT,PUNCT,DET,83
PUNCT,SYM,INTJ,69
INTJ,PUNCT,VERB,494
PRON,PUNCT,ADV,297
PUNCT,SYM,PROPN,87
PUNCT,ADV,INTJ,48
ADJ,PRON,INTJ,10
INTJ,PUNCT,SYM,125
SYM,PUNCT,VERB,291
PUNCT,ADJ,SCONJ,81
PUNCT,PROPN,INTJ,3
PROPN,INTJ,PUNCT,61
INTJ,INTJ,NOUN,56
ADP,PUNCT,PUNCT,536
SYM,INTJ,VERB,55
INTJ,VERB,ADV,204
INTJ,SCONJ,DET,30
SCONJ,ADV,NUM,133
NUM,PUNCT,VERB,562
CCONJ,SYM,SYM,175
NUM,ADP,PRON,535
ADP,VERB,NUM,65
VERB,NUM,CCONJ,139
ADP,ADV,SYM,29
PUNCT,PRON,ADP,217
DET,NUM,ADJ,152
PUNCT,ADV,CCONJ,70
PROPN,CCONJ,PUNCT,150
VERB,AUX,PROPN,220
NOUN,NUM,NUM,113
INTJ,ADJ,SYM,5
ADP,VERB,SYM,45
AUX,NUM,CCONJ,297
SYM,CCONJ,PRON,485
SCONJ,PUNCT,PROPN,167
ADV,NOUN,SYM,62
VERB,ADV,X,13
ADV,X,ADP,10
X,ADP,NOUN,22
AUX,AUX,PROPN,69
PROPN,ADP,SYM,104
NUM,ADV,PUNCT,184
VERB,SYM,CCONJ,166
AUX,SCONJ,ADP,164
ADP,ADV,PROPN,108
ADP,INTJ,PUNCT,122
PRON,PUNCT,SCONJ,145
ADP,PUNCT,PRON,480
AUX,CCONJ,PROPN,124
CCONJ,PROPN,SYM,87
PRON,SYM,CCONJ,147
ADP,DET,AUX,42
DET,AUX,ADP,28
ADV,NOUN,PROPN,200
PRON,NUM,SYM,72
NUM,SYM,CCONJ,129
ADP,AUX,ADJ,186
SCONJ,DET,PUNCT,43
PRON,ADV,SYM,208
ADV,SYM,ADP,87
NOUN,VERB,SYM,176
AUX,NUM,ADP,306
ADV,DET,PRON,260
ADJ,NUM,ADP,193
NOUN,PROPN,DET,213
SYM,PROPN,CCONJ,130
SCONJ,PROPN,NOUN,112
PUNCT,DET,PUNCT,46
DET,PUNCT,SCONJ,1
PUNCT,PUNCT,ADJ,105
NOUN,ADV,SYM,70
ADV,SYM,PUNCT,301
ADV,PUNCT,AUX,139
PUNCT,SCONJ,ADP,98
NOUN,SYM,PRON,35
SYM,PRON,SCONJ,3
PRON,SYM,SYM,136
SYM,AUX,ADJ,42
PROPN,NUM,SYM,33
DET,SYM,ADP,125
ADJ,PROPN,CCONJ,294
ADP,AUX,NOUN,80
PUNCT,AUX,NUM,12
PRON,PROPN,PRON,68
ADJ,SYM,PROPN,26
SYM,PROPN,NOUN,40
INTJ,VERB,AUX,29
PRON,NUM,ADP,310
DET,AUX,VERB,69
ADV,X,PROPN,2
X,PROPN,CCONJ,12
PROPN,NOUN,PRON,93
AUX,NOUN,SCONJ,199
SCONJ,DET,PRON,93
NOUN,PRON,CCONJ,241
ADP,VERB,X,37
VERB,X,VERB,21
X,VERB,PUNCT,37
PROPN,AUX,PROPN,351
AUX,ADJ,PROPN,140
ADJ,PROPN,NUM,30
VERB,DET,PUNCT,158
INTJ,ADV,ADV,266
ADP,CCONJ,CCONJ,37
CCONJ,CCONJ,DET,128
CCONJ,DET,DET,100
NOUN,DET,CCONJ,79
DET,CCONJ,VERB,19
AUX,PROPN,SYM,58
PROPN,DET,NUM,29
NUM,ADJ,AUX,43
PROPN,CCONJ,INTJ,23
CCONJ,INTJ,INTJ,168
PUNCT,CCONJ,NUM,106
NOUN,ADJ,SYM,51
PROPN,NUM,CCONJ,317
NUM,AUX,ADP,87
INTJ,PROPN,PRON,34
CCONJ,SCONJ,VERB,83
AUX,AUX,NOUN,108
INTJ,ADV,NOUN,42
NUM,PROPN,AUX,386
CCONJ,AUX,PROPN,70
PRON,SCONJ,PUNCT,63
INTJ,NOUN,ADP,54
NOUN,DET,PUNCT,168
CCONJ,SCONJ,SCONJ,53
PRON,SYM,NUM,25
SYM,NUM,NOUN,84
PUNCT,INTJ,NOUN,144
ADV,PROPN,SYM,44
SCONJ,SCONJ,ADJ,16
INTJ,PROPN,PUNCT,253
DET,ADP,PUNCT,83
NOUN,SYM,AUX,43
SYM,AUX,ADV,48
ADJ,NOUN,X,37
NOUN,X,PUNCT,45
X,PUNCT,NOUN,26
ADV,AUX,SYM,21
AUX,VERB,SYM,42
NUM,VERB,NUM,43
PRON,SCONJ,VERB,56
SCONJ,VERB,NUM,5
ADP,SCONJ,CCONJ,12
SCONJ,CCONJ,ADV,46
PUNCT,INTJ,PRON,282
CCONJ,PUNCT,INTJ,20
ADV,SYM,CCONJ,172
ADV,PRON,PROPN,126
PRON,PROPN,NUM,106
PROPN,NUM,AUX,148
CCONJ,PRON,SYM,70
PRON,SYM,PRON,13
SYM,PRON,NOUN,66
VERB,X,PUNCT,42
INTJ,CCONJ,NOUN,80
PUNCT,INTJ,VERB,146
SCONJ,PUNCT,SCONJ,116
NUM,SYM,PROPN,84
INTJ,PRON,DET,23
PUNCT,ADP,ADJ,153
DET,NUM,VERB,214
ADP,X,PUNCT,19
X,PUNCT,PROPN,15
NOUN,PROPN,SYM,82
SCONJ,PUNCT,VERB,216
SCONJ,AUX,ADP,12
SYM,SCONJ,PROPN,7
AUX,PROPN,SCONJ,24
VERB,PROPN,SYM,134
PROPN,SYM,INTJ,26
PRON,DET,AUX,10
NOUN,INTJ,VERB,22
AUX,DET,AUX,8
DET,AUX,ADV,44
ADJ,AUX,INTJ,22
ADP,SCONJ,PROPN,100
ADP,NUM,SCONJ,11
NUM,SCONJ,PROPN,8
VERB,INTJ,SYM,38
INTJ,SYM,SYM,107
SYM,VERB,NOUN,55
DET,ADV,SYM,13
CCONJ,NUM,CCONJ,282
ADV,INTJ,ADV,122
PUNCT,INTJ,CCONJ,59
PROPN,DET,CCONJ,13
DET,CCONJ,NOUN,68
NOUN,INTJ,DET,12
DET,CCONJ,PRON,70
AUX,PUNCT,NUM,26
SCONJ,PUNCT,SYM,88
INTJ,PUNCT,PROPN,112
SYM,SYM,INTJ,54
INTJ,PUNCT,NOUN,110
ADJ,SCONJ,NUM,124
PUNCT,SCONJ,SCONJ,102
DET,VERB,SYM,16
VERB,SYM,PROPN,36
ADJ,INTJ,CCONJ,92
INTJ,CCONJ,VERB,54
NOUN,DET,SYM,61
CCONJ,NUM,AUX,161
AUX,CCONJ,PUNCT,63
DET,ADP,VERB,229
VERB,NOUN,SYM,114
ADJ,VERB,INTJ,77
NOUN,DET,PRON,135
PROPN,SCONJ,NOUN,84
ADV,NUM,SCONJ,50
CCONJ,SCONJ,ADP,117
INTJ,SCONJ,SCONJ,15
SYM,CCONJ,AUX,22
CCONJ,DET,ADP,84
DET,ADP,ADJ,45
ADV,NUM,DET,32
SYM,SYM,DET,54
SYM,DET,ADJ,50
CCONJ,PRON,NUM,197
PROPN,SYM,VERB,128
NOUN,DET,DET,118
PROPN,NUM,ADJ,38
INTJ,PRON,PUNCT,47
PROPN,ADJ,AUX,314
ADV,PROPN,NOUN,138
PROPN,CCONJ,SYM,183
PROPN,SYM,ADJ,40
SYM,ADJ,SYM,18
SYM,INTJ,CCONJ,40
PRON,CCONJ,INTJ,20
CCONJ,NUM,PROPN,99
ADJ,DET,ADP,16
NUM,NOUN,INTJ,11
ADJ,PROPN,DET,46
ADJ,PROPN,PRON,43
AUX,PRON,SYM,201
SYM,CCONJ,ADJ,118
VERB,INTJ,ADJ,45
INTJ,ADJ,CCONJ,29
ADV,VERB,SYM,91
SCONJ,ADP,ADV,38
VERB,DET,CCONJ,28
DET,CCONJ,ADV,54
AUX,AUX,ADP,232
ADP,SCONJ,PUNCT,58
DET,NUM,X,4
NUM,X,ADP,3
X,ADP,PROPN,14
ADV,PRON,SYM,33
DET,PUNCT,NUM,17
AUX,ADJ,SYM,70
ADP,SYM,DET,66
DET,DET,DET,17
CCONJ,CCONJ,ADV,181
AUX,DET,SYM,156
SCONJ,ADJ,AUX,196
NOUN,X,PROPN,10
VERB,PRON,X,37
ADV,X,VERB,10
X,VERB,DET,6
NOUN,NUM,PRON,189
NUM,PRON,PRON,53
CCONJ,NOUN,X,35
NOUN,X,CCONJ,27
X,CCONJ,PRON,18
ADP,NUM,DET,90
NOUN,NUM,PROPN,137
AUX,NUM,ADV,43
SCONJ,SYM,PUNCT,92
PUNCT,NOUN,NUM,178
INTJ,SYM,INTJ,132
SYM,INTJ,PRON,96
PRON,PRON,X,11
SYM,PUNCT,PROPN,210
VERB,SYM,ADV,56
PUNCT,ADP,ADV,144
PROPN,NUM,NUM,39
NUM,NUM,VERB,69
PRON,NUM,PROPN,78
DET,NUM,PROPN,37
ADP,PUNCT,PROPN,222
CCONJ,AUX,CCONJ,15
INTJ,NOUN,SCONJ,3
CCONJ,AUX,SYM,9
AUX,SYM,ADJ,21
SYM,ADJ,CCONJ,86
AUX,ADP,SCONJ,95
ADP,SYM,PRON,21
SYM,PRON,ADV,28
NUM,CCONJ,ADJ,137
PUNCT,ADP,PUNCT,205
VERB,NUM,DET,22
NUM,PRON,NOUN,71
PRON,NUM,ADV,83
AUX,SCONJ,ADJ,166
SCONJ,NOUN,X,7
NOUN,X,X,4
SYM,AUX,DET,58
AUX,SYM,ADP,52
NUM,AUX,PUNCT,217
ADJ,NUM,ADV,67
PUNCT,PRON,DET,157
SYM,ADJ,PUNCT,267
PROPN,ADJ,CCONJ,382
PUNCT,SYM,AUX,11
AUX,PUNCT,SYM,42
INTJ,DET,PROPN,12
VERB,NUM,AUX,18
SYM,ADP,NUM,54
CCONJ,PUNCT,VERB,100
SCONJ,PUNCT,ADJ,73
VERB,DET,SCONJ,5
DET,SCONJ,ADJ,1
PROPN,SYM,NOUN,125
NOUN,PRON,SYM,29
SYM,ADV,SCONJ,13
INTJ,ADP,ADP,11
NUM,ADP,CCONJ,182
AUX,PUNCT,NOUN,120
PRON,DET,PUNCT,82
DET,PUNCT,ADJ,93
INTJ,SYM,ADV,36
ADV,SCONJ,SYM,32
SCONJ,SYM,INTJ,9
PROPN,AUX,SCONJ,93
PRON,PUNCT,ADP,153
AUX,NUM,SCONJ,12
ADV,SYM,VERB,87
ADP,CCONJ,PUNCT,98
AUX,PUNCT,DET,92
DET,PUNCT,DET,13
SCONJ,NUM,SYM,25
NUM,VERB,ADJ,95
ADV,DET,CCONJ,38
DET,CCONJ,CCONJ,4
ADJ,CCONJ,SYM,46
SYM,NOUN,ADJ,47
SCONJ,VERB,DET,78
AUX,ADV,SYM,111
AUX,PRON,INTJ,29
PUNCT,ADJ,X,7
PRON,NUM,PRON,40
NUM,PRON,ADJ,54
DET,PRON,PRON,166
CCONJ,PUNCT,ADP,103
VERB,SYM,NOUN,69
SYM,NOUN,ADV,67
NUM,ADV,SCONJ,19
ADV,SCONJ,AUX,122
VERB,AUX,INTJ,7
ADP,X,ADV,5
X,ADV,VERB,18
SCONJ,VERB,ADV,101
ADV,SYM,NUM,22
NOUN,PROPN,SCONJ,64
SYM,INTJ,NOUN,22
INTJ,PUNCT,ADP,67
VERB,PROPN,SCONJ,222
NOUN,X,NOUN,38
X,NOUN,PRON,2
CCONJ,X,VERB,5
NOUN,DET,ADV,118
ADV,PUNCT,INTJ,101
ADJ,ADJ,X,5
PUNCT,AUX,VERB,208
PUNCT,INTJ,DET,33
PRON,CCONJ,CCONJ,30
SCONJ,DET,DET,38
SCONJ,NUM,ADJ,18
AUX,PROPN,NUM,153
INTJ,PUNCT,INTJ,127
SYM,ADV,INTJ,6
INTJ,CCONJ,CCONJ,4
DET,SYM,DET,16
SCONJ,VERB,SYM,12
SYM,ADJ,NOUN,116
PRON,NUM,SCONJ,15
X,CCONJ,X,15
SCONJ,PRON,INTJ,35
PRON,INTJ,ADV,28
PUNCT,CCONJ,X,9
CCONJ,X,ADP,9
SCONJ,X,PROPN,7
X,PROPN,PROPN,15
NOUN,PRON,SCONJ,121
NOUN,SYM,ADJ,76
AUX,NOUN,SYM,32
ADJ,ADJ,NUM,46
ADJ,PUNCT,AUX,145
DET,PROPN,SCONJ,129
AUX,AUX,NUM,7
NUM,ADP,SYM,28
SYM,AUX,PUNCT,27
NUM,AUX,CCONJ,87
PUNCT,DET,SYM,36
DET,PUNCT,PROPN,37
ADP,SCONJ,ADP,157
CCONJ,NUM,DET,39
NUM,DET,CCONJ,2
DET,CCONJ,SYM,5
CCONJ,SYM,NUM,5
SYM,NUM,CCONJ,62
SYM,CCONJ,SCONJ,56
ADP,ADP,INTJ,16
ADP,INTJ,ADP,12
ADP,SCONJ,AUX,4
SCONJ,AUX,ADV,32
ADJ,INTJ,VERB,25
PROPN,SYM,CCONJ,129
INTJ,CCONJ,ADV,217
PUNCT,ADV,SYM,22
PUNCT,VERB,NUM,62
ADJ,VERB,NUM,47
NOUN,SYM,ADV,101
SYM,ADV,ADP,74
ADV,ADP,INTJ,63
SYM,CCONJ,ADP,137
NOUN,SCONJ,SYM,91
SYM,VERB,SCONJ,34
DET,PRON,DET,57
ADJ,ADP,SYM,79
ADP,SYM,ADJ,41
SYM,ADJ,VERB,61
ADJ,SYM,VERB,48
ADJ,NUM,PROPN,37
ADV,SYM,DET,16
SCONJ,DET,SYM,46
SCONJ,AUX,VERB,21
PRON,PUNCT,ADJ,164
SYM,SYM,AUX,54
SCONJ,AUX,NOUN,21
INTJ,VERB,ADP,48
PROPN,CCONJ,CCONJ,59
NOUN,ADV,X,4
ADV,X,DET,12
VERB,X,DET,24
SCONJ,SCONJ,NOUN,100
INTJ,SYM,VERB,49
ADP,DET,INTJ,14
DET,INTJ,PUNCT,15
PRON,ADJ,SYM,94
PUNCT,NUM,SYM,92
CCONJ,NUM,SYM,62
VERB,NUM,ADV,25
SYM,NOUN,NUM,62
ADV,PROPN,SCONJ,27
PROPN,SCONJ,PROPN,75
ADP,PROPN,INTJ,11
PROPN,INTJ,INTJ,15
ADP,PUNCT,DET,197
SYM,ADV,ADV,81
NUM,SYM,DET,13
AUX,NUM,SYM,144
AUX,SYM,NOUN,26
SYM,NOUN,SCONJ,11
PUNCT,AUX,PUNCT,82
NUM,PROPN,PRON,25
ADJ,NUM,SYM,42
NOUN,NOUN,X,37
CCONJ,SCONJ,PUNCT,30
SCONJ,PUNCT,AUX,15
DET,NUM,SYM,65
DET,AUX,ADJ,73
PUNCT,ADJ,NUM,22
NUM,ADV,PRON,85
INTJ,NOUN,AUX,79
SYM,CCONJ,CCONJ,42
ADV,INTJ,AUX,11
INTJ,AUX,PRON,85
ADV,NOUN,INTJ,40
SYM,PUNCT,ADP,52
ADJ,PUNCT,INTJ,60
CCONJ,PUNCT,SYM,35
NUM,SYM,NUM,116
CCONJ,PRON,INTJ,15
PRON,INTJ,VERB,51
AUX,PUNCT,PROPN,44
CCONJ,CCONJ,PROPN,41
SYM,INTJ,ADP,25
PUNCT,PROPN,SCONJ,8
PUNCT,NOUN,X,90
NUM,NOUN,SYM,89
SCONJ,CCONJ,ADP,11
CCONJ,SYM,VERB,100
ADV,NUM,PROPN,124
PROPN,AUX,SYM,30
AUX,SYM,DET,12
ADP,AUX,NUM,10
SYM,SYM,SCONJ,23
SYM,PROPN,ADP,57
SYM,PUNCT,AUX,42
DET,PUNCT,SYM,39
CCONJ,INTJ,PROPN,14
ADJ,NUM,CCONJ,113
NUM,CCONJ,AUX,57
SYM,PUNCT,ADV,80
PROPN,PROPN,INTJ,23
PROPN,INTJ,PROPN,11
PROPN,ADV,PROPN,59
SYM,PUNCT,PRON,133
NUM,ADP,AUX,22
INTJ,CCONJ,AUX,7
NUM,VERB,SYM,4
SYM,VERB,NUM,18
SCONJ,SYM,PROPN,17
SYM,PROPN,AUX,36
PROPN,NUM,ADV,30
NUM,ADV,NUM,46
CCONJ,X,DET,13
NOUN,SCONJ,INTJ,9
SCONJ,INTJ,SYM,3
NUM,CCONJ,ADP,166
SCONJ,AUX,NUM,4
VERB,ADJ,SYM,63
PUNCT,AUX,AUX,18
NOUN,SCONJ,AUX,52
SCONJ,AUX,DET,54
AUX,SCONJ,AUX,25
SCONJ,AUX,ADJ,38
SCONJ,ADV,SCONJ,55
PUNCT,PRON,NUM,21
NUM,PUNCT,PRON,125
NOUN,SYM,DET,41
SYM,DET,PROPN,16
NOUN,ADJ,INTJ,54
ADJ,PRON,PROPN,59
NUM,PROPN,PROPN,123
PROPN,SCONJ,ADP,29
INTJ,PUNCT,DET,83
VERB,X,X,10
PUNCT,ADP,AUX,42
VERB,ADJ,NUM,128
PUNCT,PUNCT,AUX,57
PUNCT,SCONJ,AUX,41
PUNCT,X,NOUN,12
X,NOUN,CCONJ,28
ADV,SYM,ADJ,22
ADV,SYM,INTJ,22
DET,PROPN,SYM,146
PUNCT,DET,NUM,20
INTJ,INTJ,CCONJ,90
PROPN,SCONJ,VERB,12
INTJ,CCONJ,DET,66
DET,SYM,ADV,36
ADP,DET,SCONJ,13
DET,SCONJ,DET,8
PRON,PROPN,SYM,56
ADJ,ADJ,SYM,76
PROPN,INTJ,NOUN,6
INTJ,NOUN,PRON,62
X,VERB,ADV,10
PRON,SYM,PROPN,45
DET,PUNCT,INTJ,4
SCONJ,PRON,X,66
PRON,X,PRON,6
X,PRON,VERB,16
ADJ,PROPN,ADV,80
SYM,ADP,ADV,22
ADP,SYM,SCONJ,10
SYM,SCONJ,ADP,4
ADJ,DET,PRON,23
SYM,ADV,DET,24
SCONJ,PUNCT,CCONJ,13
AUX,DET,DET,122
DET,DET,VERB,29
ADV,ADJ,X,16
ADJ,X,PUNCT,7
PUNCT,NUM,ADP,73
ADJ,PUNCT,X,10
PUNCT,X,PUNCT,68
ADV,PROPN,DET,57
SYM,INTJ,ADJ,14
NUM,ADP,SCONJ,23
SCONJ,SYM,AUX,6
NUM,NUM,CCONJ,101
NUM,ADP,VERB,216
PRON,NOUN,INTJ,69
NOUN,SCONJ,CCONJ,26
SCONJ,CCONJ,CCONJ,3
ADV,INTJ,CCONJ,65
SCONJ,ADV,CCONJ,73
PUNCT,SCONJ,SYM,9
ADV,SCONJ,INTJ,3
SCONJ,INTJ,PUNCT,19
PRON,SCONJ,X,2
SCONJ,X,PUNCT,9
ADP,SCONJ,SCONJ,59
AUX,SCONJ,PUNCT,83
PRON,X,ADP,27
INTJ,INTJ,ADP,27
INTJ,ADP,PROPN,53
INTJ,ADP,ADV,15
CCONJ,CCONJ,INTJ,2
ADJ,SYM,ADJ,63
SYM,ADJ,AUX,35
PUNCT,NOUN,SCONJ,49
INTJ,CCONJ,PUNCT,41
INTJ,PRON,ADJ,76
NOUN,NOUN,INTJ,31
NOUN,INTJ,NOUN,27
INTJ,NOUN,PROPN,31
PRON,X,PUNCT,13
X,PUNCT,SYM,14
SCONJ,ADV,PROPN,45
ADJ,INTJ,NOUN,13
INTJ,NOUN,ADJ,15
PUNCT,VERB,X,39
CCONJ,ADJ,SYM,31
ADJ,SYM,DET,8
SCONJ,ADV,INTJ,6
ADV,INTJ,SYM,20
CCONJ,SYM,DET,28
PROPN,DET,SYM,34
CCONJ,SYM,PROPN,39
X,ADJ,NOUN,17
AUX,DET,ADP,57
NUM,SYM,AUX,23
PUNCT,ADJ,INTJ,29
PRON,X,ADV,16
X,ADV,ADV,12
PRON,AUX,X,22
AUX,X,ADV,8
X,ADV,DET,8
PRON,AUX,INTJ,43
AUX,INTJ,ADV,19
CCONJ,CCONJ,ADJ,54
PUNCT,AUX,CCONJ,12
DET,ADP,PROPN,28
INTJ,ADV,DET,79
DET,NUM,NUM,38
ADP,ADV,X,4
CCONJ,AUX,PUNCT,13
PRON,CCONJ,NUM,46
CCONJ,PUNCT,CCONJ,60
PROPN,PUNCT,X,20
X,PUNCT,PRON,6
VERB,SYM,NUM,18
ADP,SCONJ,ADJ,45
PRON,PROPN,DET,72
SYM,ADV,ADJ,88
NOUN,NUM,SCONJ,66
SYM,ADV,PROPN,6
NOUN,AUX,X,15
AUX,X,ADP,7
PUNCT,INTJ,ADP,16
NOUN,DET,INTJ,2
DET,INTJ,VERB,15
INTJ,ADJ,NOUN,108
NUM,SYM,ADV,44
VERB,NUM,SYM,106
PUNCT,PUNCT,ADP,96
VERB,NUM,PRON,54
INTJ,CCONJ,PROPN,29
INTJ,INTJ,DET,82
ADJ,DET,DET,32
INTJ,VERB,INTJ,5
VERB,INTJ,SCONJ,13
INTJ,SCONJ,ADV,14
PROPN,NUM,DET,20
NOUN,INTJ,PROPN,8
INTJ,PROPN,INTJ,8
INTJ,PUNCT,X,7
PUNCT,SYM,ADP,27
PUNCT,INTJ,PROPN,77
NOUN,INTJ,SYM,33
PUNCT,NUM,ADV,25
SYM,VERB,VERB,52
PUNCT,PROPN,NUM,127
AUX,VERB,NUM,63
DET,SYM,PRON,18
CCONJ,SYM,ADV,55
NUM,PROPN,SYM,24
PUNCT,ADJ,SYM,39
CCONJ,PUNCT,PUNCT,57
VERB,SCONJ,X,15
PUNCT,ADP,CCONJ,58
NUM,NUM,AUX,19
ADJ,INTJ,ADV,25
INTJ,ADV,INTJ,23
PRON,INTJ,SCONJ,6
DET,ADV,NUM,33
ADP,PRON,X,10
PRON,X,SYM,3
X,SYM,SYM,6
PRON,PUNCT,INTJ,70
PRON,SCONJ,SYM,22
SCONJ,SYM,ADV,20
SYM,PUNCT,DET,38
SYM,INTJ,PROPN,12
INTJ,NOUN,ADV,54
INTJ,CCONJ,ADJ,22
CCONJ,INTJ,DET,63
INTJ,DET,ADJ,39
ADV,NUM,PRON,83
DET,AUX,NOUN,14
PROPN,DET,PUNCT,15
NUM,AUX,NOUN,40
SCONJ,PUNCT,X,13
SYM,PUNCT,X,11
ADJ,SYM,ADP,52
ADV,SYM,AUX,9
ADJ,SCONJ,X,3
ADJ,X,NOUN,4
X,NOUN,PUNCT,55
PRON,PUNCT,NUM,49
ADV,INTJ,NOUN,36
NUM,ADJ,DET,18
PROPN,ADV,NUM,83
VERB,PUNCT,INTJ,254
NUM,VERB,PROPN,100
NOUN,INTJ,INTJ,36
DET,ADV,X,2
ADV,X,SCONJ,3
ADV,SCONJ,CCONJ,19
NUM,NUM,PUNCT,134
ADP,SYM,NUM,55
NUM,SYM,ADJ,122
INTJ,SCONJ,NOUN,22
CCONJ,PROPN,INTJ,7
ADP,NUM,X,9
PRON,VERB,X,65
VERB,X,ADV,12
CCONJ,ADP,X,8
ADP,X,ADJ,3
X,ADJ,ADP,3
PRON,INTJ,DET,9
NUM,PUNCT,ADP,67
VERB,X,SCONJ,7
INTJ,INTJ,SYM,19
ADP,AUX,SYM,3
AUX,SYM,CCONJ,52
ADP,AUX,PROPN,16
SYM,PROPN,SYM,112
CCONJ,PRON,X,5
PRON,X,VERB,18
NOUN,SYM,NUM,35
PROPN,DET,ADP,12
PUNCT,INTJ,AUX,38
PUNCT,INTJ,ADV,145
SCONJ,VERB,PROPN,36
PROPN,ADV,SCONJ,58
INTJ,ADJ,ADP,28
INTJ,VERB,CCONJ,27
AUX,INTJ,SCONJ,6
PUNCT,VERB,SCONJ,118
SYM,NUM,VERB,16
AUX,PRON,X,21
X,ADP,ADJ,2
SYM,SCONJ,NOUN,14
ADJ,NUM,DET,41
DET,PUNCT,VERB,38
PRON,INTJ,INTJ,22
AUX,ADV,INTJ,56
CCONJ,DET,AUX,43
DET,ADP,SYM,4
SYM,PROPN,ADV,16
VERB,SCONJ,SYM,89
SCONJ,SYM,PRON,14
SYM,ADJ,SCONJ,22
PRON,CCONJ,SYM,23
ADP,ADP,X,5
ADP,X,SCONJ,3
DET,VERB,NUM,26
AUX,SYM,PROPN,20
SCONJ,SYM,ADP,23
DET,SYM,PROPN,38
NOUN,PRON,INTJ,7
PRON,INTJ,AUX,7
INTJ,AUX,VERB,13
ADV,PROPN,ADJ,66
ADV,DET,INTJ,14
DET,INTJ,ADV,4
NOUN,SCONJ,X,23
SCONJ,X,ADV,6
X,ADV,CCONJ,2
SCONJ,INTJ,PROPN,3
INTJ,PROPN,AUX,38
ADV,X,SYM,10
X,SYM,ADJ,8
SYM,ADJ,ADV,30
SCONJ,DET,ADP,20
ADJ,SYM,ADV,22
VERB,ADP,INTJ,38
ADP,INTJ,SCONJ,4
ADV,NUM,INTJ,4
NUM,INTJ,NUM,6
INTJ,NUM,INTJ,2
CCONJ,AUX,SCONJ,14
PROPN,PRON,SCONJ,15
ADP,DET,X,19
DET,X,PUNCT,2
PUNCT,SCONJ,NUM,9
SCONJ,PUNCT,NUM,28
PUNCT,CCONJ,SYM,52
PUNCT,PUNCT,ADV,149
SYM,AUX,CCONJ,19
X,CCONJ,NOUN,12
X,NOUN,AUX,14
ADP,SYM,ADV,33
SCONJ,NUM,VERB,17
DET,CCONJ,ADP,15
INTJ,NOUN,NOUN,51
ADV,NUM,X,6
NUM,X,NUM,10
X,NUM,X,3
X,NUM,SYM,4
SYM,NOUN,SYM,56
SYM,PRON,DET,14
SYM,PROPN,DET,7
PUNCT,PUNCT,NUM,41
NOUN,ADP,INTJ,57
NUM,SCONJ,DET,30
ADP,SYM,X,2
SYM,X,X,3
X,X,AUX,1
X,AUX,VERB,10
PROPN,SYM,PRON,23
DET,SYM,ADJ,53
NOUN,ADJ,NUM,69
NOUN,X,DET,23
DET,PUNCT,ADP,11
AUX,CCONJ,CCONJ,21
SCONJ,PUNCT,INTJ,23
PUNCT,ADP,SYM,26
PROPN,INTJ,DET,2
AUX,NOUN,X,4
AUX,VERB,X,19
PROPN,SYM,AUX,33
ADJ,PRON,NUM,15
SYM,ADP,ADP,59
DET,PRON,SCONJ,22
PUNCT,DET,ADV,41
SYM,SYM,ADJ,105
AUX,NUM,DET,18
AUX,SYM,ADV,15
ADJ,ADP,INTJ,19
SYM,PROPN,PRON,16
DET,X,SYM,1
X,SYM,PROPN,6
PROPN,SCONJ,X,2
X,PUNCT,VERB,13
SCONJ,DET,X,5
DET,X,NOUN,6
SCONJ,CCONJ,DET,18
PRON,X,NOUN,10
SYM,ADV,NOUN,23
ADJ,SCONJ,CCONJ,21
SCONJ,CCONJ,SCONJ,16
ADV,INTJ,ADP,33
VERB,SCONJ,INTJ,21
ADV,ADV,X,19
CCONJ,CCONJ,SYM,17
PRON,PUNCT,X,5
SYM,ADJ,ADP,54
INTJ,INTJ,ADJ,41
INTJ,DET,PRON,5
INTJ,INTJ,AUX,10
PROPN,SCONJ,PUNCT,8
ADJ,SYM,X,1
VERB,NOUN,INTJ,33
PRON,INTJ,PRON,25
PUNCT,DET,PRON,40
NUM,ADJ,ADV,37
NUM,AUX,NUM,32
PUNCT,DET,AUX,6
DET,AUX,DET,20
PRON,X,DET,23
PUNCT,ADV,NUM,101
AUX,NUM,NUM,29
ADV,SYM,NOUN,49
SYM,NOUN,PROPN,47
INTJ,NOUN,DET,10
INTJ,CCONJ,SYM,14
SYM,INTJ,SYM,43
ADP,PUNCT,INTJ,22
PROPN,ADJ,NUM,19
DET,SYM,NUM,32
SCONJ,SCONJ,PUNCT,7
SYM,NUM,NUM,10
SYM,ADP,ADJ,15
NUM,ADV,SYM,10
X,NOUN,ADP,24
DET,SCONJ,PRON,30
CCONJ,X,ADJ,3
ADJ,ADP,X,15
PROPN,ADV,INTJ,9
NUM,ADP,ADV,30
PRON,SYM,SCONJ,7
PUNCT,AUX,SCONJ,54
SCONJ,SYM,SYM,55
PROPN,DET,DET,14
ADP,INTJ,PRON,9
SYM,DET,SYM,13
PROPN,PRON,NUM,27
PRON,SYM,INTJ,10
INTJ,SCONJ,PROPN,2
DET,NUM,SCONJ,14
ADJ,PROPN,ADJ,59
PRON,NUM,NUM,40
CCONJ,SYM,PRON,20
VERB,VERB,NUM,60
NUM,DET,PROPN,16
NOUN,NUM,INTJ,6
NUM,INTJ,PRON,4
AUX,SYM,PUNCT,82
ADP,ADJ,SYM,27
NOUN,INTJ,PRON,46
AUX,SYM,SCONJ,2
SCONJ,SCONJ,SCONJ,12
PUNCT,NUM,NUM,27
AUX,SCONJ,NUM,31
INTJ,NOUN,SYM,10
PUNCT,ADP,SCONJ,28
PUNCT,PRON,PROPN,43
ADP,PUNCT,AUX,42
SYM,PRON,PUNCT,31
PROPN,SCONJ,SCONJ,9
DET,PROPN,INTJ,4
INTJ,PROPN,CCONJ,18
ADJ,NUM,PRON,15
NUM,NUM,PROPN,36
INTJ,ADJ,AUX,44
VERB,INTJ,AUX,7
PRON,INTJ,ADJ,9
INTJ,ADJ,PRON,20
PROPN,NUM,PRON,18
SYM,NUM,X,2
NUM,X,CCONJ,3
X,CCONJ,PROPN,4
NOUN,NUM,X,10
NUM,X,PROPN,5
INTJ,PRON,INTJ,8
X,CCONJ,ADP,13
NOUN,X,AUX,5
X,AUX,ADJ,4
PUNCT,INTJ,ADJ,107
VERB,SYM,PRON,15
SYM,VERB,ADJ,29
INTJ,ADJ,PROPN,9
PRON,X,ADJ,8
X,ADJ,DET,2
X,ADP,PRON,15
SCONJ,NUM,SCONJ,2
CCONJ,SCONJ,NUM,34
PROPN,SCONJ,NUM,9
INTJ,SYM,ADJ,16
SCONJ,PROPN,SYM,22
VERB,X,CCONJ,12
PUNCT,ADJ,PRON,67
ADV,CCONJ,INTJ,31
SCONJ,VERB,SCONJ,34
PRON,INTJ,NOUN,13
CCONJ,ADV,INTJ,54
CCONJ,CCONJ,AUX,13
PROPN,ADJ,INTJ,15
CCONJ,ADV,X,7
NOUN,CCONJ,X,14
CCONJ,ADJ,INTJ,10
ADP,SCONJ,INTJ,1
SCONJ,INTJ,PRON,15
AUX,SCONJ,CCONJ,15
SCONJ,CCONJ,NOUN,18
SCONJ,AUX,SYM,1
SYM,NUM,SYM,66
DET,PRON,NUM,9
SYM,AUX,PROPN,13
CCONJ,X,ADV,8
X,ADV,SCONJ,4
INTJ,ADP,ADJ,5
NOUN,X,VERB,26
DET,PRON,SYM,5
NUM,DET,VERB,8
NUM,ADV,PROPN,7
NOUN,INTJ,ADV,36
VERB,INTJ,DET,11
NUM,INTJ,VERB,2
SYM,NUM,ADP,16
VERB,VERB,INTJ,52
NOUN,PROPN,X,9
PROPN,X,PROPN,15
X,PROPN,SYM,3
DET,DET,CCONJ,4
NOUN,DET,AUX,28
SYM,ADP,CCONJ,45
SYM,AUX,NUM,6
DET,ADV,SCONJ,45
NUM,PRON,DET,27
ADP,CCONJ,SYM,29
AUX,NUM,AUX,9
SYM,CCONJ,INTJ,9
DET,AUX,PRON,17
NUM,SCONJ,NOUN,16
NUM,DET,ADP,2
NOUN,INTJ,AUX,4
PUNCT,X,X,10
PUNCT,X,ADP,8
ADJ,ADV,SYM,45
PUNCT,SYM,ADV,23
PROPN,PROPN,X,26
PROPN,X,PUNCT,8
X,PUNCT,CCONJ,11
SYM,DET,DET,2
SYM,PROPN,NUM,31
NUM,PUNCT,AUX,34
X,PUNCT,ADV,16
SCONJ,ADJ,SYM,5
SYM,CCONJ,NUM,73
ADJ,INTJ,SYM,16
NUM,NUM,ADJ,8
ADJ,SYM,INTJ,7
ADV,PRON,INTJ,30
PRON,INTJ,ADP,6
DET,AUX,CCONJ,5
SCONJ,ADP,SYM,10
PROPN,SYM,ADV,49
SYM,PUNCT,SCONJ,18
AUX,INTJ,VERB,11
CCONJ,SCONJ,SYM,15
DET,PUNCT,ADV,22
SYM,PRON,CCONJ,12
SYM,PRON,ADP,16
ADJ,NUM,NUM,13
SCONJ,SYM,NOUN,16
AUX,INTJ,PRON,10
AUX,PUNCT,INTJ,11
INTJ,SYM,CCONJ,20
CCONJ,SYM,INTJ,9
DET,ADJ,X,12
ADJ,X,AUX,2
VERB,X,ADP,17
NUM,SCONJ,SYM,2
SCONJ,SYM,NUM,5
ADJ,SYM,PRON,8
ADV,ADP,X,8
NOUN,X,PRON,8
X,PRON,DET,5
ADV,X,NOUN,8
X,NOUN,SCONJ,3
NOUN,INTJ,CCONJ,46
SYM,INTJ,DET,20
AUX,CCONJ,INTJ,23
NOUN,INTJ,ADP,10
VERB,PROPN,INTJ,18
PROPN,NUM,SCONJ,9
PRON,SYM,AUX,22
SYM,AUX,ADP,21
AUX,NOUN,INTJ,8
DET,ADP,SCONJ,9
PUNCT,NUM,X,2
NUM,X,VERB,7
DET,VERB,INTJ,6
INTJ,CCONJ,NUM,8
ADP,PUNCT,X,5
DET,ADP,ADV,15
ADJ,X,ADV,1
X,ADV,PUNCT,12
CCONJ,NUM,NUM,25
PRON,INTJ,SYM,8
NUM,PRON,PUNCT,16
ADP,X,NOUN,15
INTJ,ADP,VERB,24
X,VERB,PRON,16
INTJ,VERB,SCONJ,12
X,AUX,PRON,4
DET,ADJ,INTJ,25
ADJ,INTJ,INTJ,13
PUNCT,SCONJ,ADJ,48
VERB,X,SYM,20
X,SYM,NUM,2
SYM,NUM,SCONJ,3
INTJ,ADV,PROPN,7
ADP,X,VERB,2
X,VERB,NOUN,6
SYM,VERB,SYM,15
PUNCT,SYM,ADJ,17
SCONJ,AUX,SCONJ,8
VERB,SYM,SCONJ,9
PROPN,ADP,X,1
ADP,X,NUM,17
X,NUM,PUNCT,16
X,NUM,DET,1
X,NUM,AUX,3
X,NUM,VERB,12
SCONJ,NUM,NUM,6
ADJ,X,ADP,5
INTJ,SYM,PRON,24
SYM,PROPN,SCONJ,5
AUX,CCONJ,NUM,38
ADJ,PRON,SYM,13
NOUN,DET,X,3
DET,X,NUM,12
X,CCONJ,ADV,28
NUM,PROPN,INTJ,2
CCONJ,INTJ,AUX,15
SYM,ADV,CCONJ,25
X,ADV,ADJ,12
ADV,VERB,X,23
X,ADV,NOUN,5
NUM,NUM,SYM,27
PROPN,AUX,X,3
AUX,X,NOUN,9
INTJ,SYM,DET,7
PROPN,NOUN,INTJ,5
SCONJ,SYM,ADJ,8
SCONJ,ADP,SCONJ,23
VERB,X,NUM,9
ADP,INTJ,NOUN,15
INTJ,INTJ,NUM,7
INTJ,NUM,PUNCT,10
INTJ,AUX,ADV,23
INTJ,NOUN,INTJ,8
SYM,SYM,NUM,45
ADJ,SYM,NUM,7
SCONJ,ADP,INTJ,1
ADV,PUNCT,X,17
X,ADP,VERB,8
NUM,AUX,SCONJ,24
X,DET,ADJ,21
SYM,DET,PUNCT,4
PUNCT,SCONJ,INTJ,2
NUM,DET,DET,5
AUX,AUX,X,2
ADJ,SYM,SCONJ,6
PUNCT,SYM,NUM,17
VERB,NUM,SCONJ,13
SCONJ,X,CCONJ,11
CCONJ,X,PUNCT,10
ADJ,SYM,AUX,8
DET,INTJ,CCONJ,11
PRON,DET,CCONJ,14
NUM,PUNCT,ADJ,40
SYM,NUM,ADV,8
PRON,NOUN,X,19
NOUN,X,SCONJ,6
PRON,SCONJ,CCONJ,11
PUNCT,NUM,INTJ,2
NUM,INTJ,ADV,1
INTJ,DET,SYM,4
CCONJ,ADJ,NUM,36
NUM,NUM,PRON,8
X,ADV,INTJ,1
ADP,SCONJ,SYM,9
SCONJ,SYM,CCONJ,77
ADJ,VERB,X,17
VERB,X,ADJ,7
X,ADJ,PRON,1
ADP,ADV,INTJ,20
ADJ,AUX,SYM,9
NOUN,INTJ,ADJ,14
CCONJ,DET,SCONJ,4
DET,SCONJ,PROPN,1
SYM,PRON,SYM,4
SCONJ,PROPN,SCONJ,12
PROPN,SCONJ,ADJ,21
AUX,DET,CCONJ,9
DET,PRON,PROPN,24
NUM,CCONJ,SYM,52
PRON,SYM,DET,13
SYM,DET,PRON,9
SYM,NOUN,PRON,26
ADJ,NUM,X,3
X,NUM,NUM,1
VERB,AUX,SYM,16
PUNCT,PRON,SCONJ,18
DET,SYM,X,3
SYM,X,VERB,2
SYM,PROPN,X,3
DET,PROPN,X,4
CCONJ,SCONJ,INTJ,6
SCONJ,INTJ,ADV,6
PROPN,INTJ,PRON,12
VERB,DET,INTJ,18
DET,INTJ,NOUN,4
AUX,PROPN,INTJ,3
DET,DET,ADP,3
PROPN,X,ADP,1
SYM,NOUN,X,2
X,X,CCONJ,5
X,CCONJ,PUNCT,1
ADP,X,PRON,4
X,PRON,CCONJ,4
SYM,NOUN,INTJ,4
SYM,ADJ,PROPN,5
PROPN,SCONJ,AUX,6
INTJ,NUM,ADV,1
ADP,SYM,INTJ,7
VERB,SYM,AUX,9
SYM,AUX,AUX,7
AUX,AUX,SYM,3
AUX,SYM,PRON,3
SYM,ADP,SYM,14
ADJ,SCONJ,AUX,30
PROPN,SYM,NUM,24
PRON,PROPN,X,3
PROPN,X,NOUN,11
X,ADV,PRON,7
ADP,INTJ,VERB,9
NUM,ADJ,SCONJ,14
ADV,INTJ,SCONJ,22
VERB,NUM,X,2
X,PROPN,AUX,5
ADV,SYM,PRON,20
DET,SYM,INTJ,4
ADJ,INTJ,DET,6
ADV,NOUN,X,8
PRON,ADP,X,8
X,ADV,ADP,8
SCONJ,INTJ,ADP,5
ADP,INTJ,ADV,10
ADP,PROPN,X,4
X,PUNCT,PUNCT,18
VERB,DET,X,3
NUM,PROPN,SCONJ,16
INTJ,ADJ,DET,14
X,X,X,10
X,X,PUNCT,6
NUM,CCONJ,CCONJ,9
DET,ADV,PROPN,32
ADP,INTJ,CCONJ,27
ADJ,PROPN,SYM,36
DET,DET,PROPN,26
PROPN,INTJ,ADP,3
PRON,PRON,INTJ,15
PRON,DET,INTJ,4
PRON,X,CCONJ,4
X,SYM,CCONJ,11
CCONJ,CCONJ,NUM,13
ADV,X,CCONJ,6
CCONJ,X,CCONJ,8
CCONJ,PROPN,X,5
PROPN,X,CCONJ,6
X,CCONJ,DET,10
SCONJ,SCONJ,VERB,3
ADV,INTJ,NUM,7
SCONJ,NUM,AUX,17
DET,DET,ADV,11
SCONJ,ADJ,INTJ,2
PRON,X,NUM,5
X,NUM,ADJ,1
SCONJ,ADJ,PROPN,28
PROPN,X,X,1
CCONJ,X,PROPN,2
X,PROPN,ADP,3
ADP,AUX,INTJ,11
CCONJ,NOUN,INTJ,14
AUX,X,PUNCT,4
DET,INTJ,SYM,4
NUM,ADJ,PROPN,14
INTJ,ADP,SYM,4
SYM,DET,ADP,3
CCONJ,SYM,ADP,39
X,PROPN,NUM,2
AUX,ADV,X,9
ADV,X,AUX,3
X,AUX,CCONJ,1
DET,DET,PUNCT,7
ADJ,INTJ,PRON,12
SYM,PRON,PRON,12
CCONJ,SYM,ADJ,19
SYM,AUX,SYM,5
DET,SYM,SCONJ,4
NOUN,X,ADJ,5
X,ADJ,AUX,2
INTJ,VERB,SYM,5
NUM,PRON,NUM,9
CCONJ,NUM,SCONJ,14
SCONJ,SYM,SCONJ,14
SCONJ,X,ADP,4
INTJ,PUNCT,NUM,13
PROPN,X,NUM,3
DET,AUX,NUM,3
AUX,X,SYM,5
X,SYM,PUNCT,30
ADJ,X,SCONJ,3
VERB,SYM,DET,22
SCONJ,DET,AUX,2
NOUN,PROPN,INTJ,9
PUNCT,X,ADJ,3
X,ADJ,CCONJ,2
DET,CCONJ,PROPN,9
SYM,DET,CCONJ,1
CCONJ,PUNCT,NUM,15
ADJ,INTJ,ADJ,18
NOUN,X,ADV,17
VERB,INTJ,PROPN,29
PROPN,ADV,SYM,14
SYM,ADJ,NUM,4
PROPN,INTJ,CCONJ,7
X,PUNCT,AUX,4
ADJ,INTJ,SCONJ,8
AUX,DET,X,6
X,NUM,CCONJ,8
SYM,SCONJ,SYM,20
SYM,ADP,SCONJ,2
SCONJ,ADV,SYM,5
X,ADJ,ADJ,4
X,AUX,DET,5
X,AUX,NUM,1
NOUN,X,SYM,12
NUM,SCONJ,SCONJ,6
SYM,NOUN,DET,16
DET,INTJ,SCONJ,3
X,VERB,VERB,7
PROPN,INTJ,ADV,10
PROPN,SCONJ,SYM,8
INTJ,PROPN,SYM,7
DET,DET,NUM,11
NUM,X,NOUN,8
X,VERB,ADP,8
CCONJ,AUX,AUX,24
AUX,CCONJ,SYM,14
X,SCONJ,ADV,3
AUX,SCONJ,INTJ,6
INTJ,PROPN,DET,9
PROPN,INTJ,AUX,2
NUM,NUM,X,2
DET,ADP,AUX,15
NUM,DET,ADV,4
PROPN,ADJ,SYM,15
DET,X,VERB,3
PUNCT,SYM,X,5
SYM,X,PUNCT,11
PROPN,PRON,SYM,11
ADV,AUX,X,10
AUX,X,INTJ,2
X,INTJ,PUNCT,2
PUNCT,INTJ,NUM,3
VERB,INTJ,NUM,2
SYM,PRON,PROPN,2
X,NOUN,PROPN,6
CCONJ,ADP,INTJ,9
INTJ,ADJ,SCONJ,13
AUX,ADP,X,5
ADV,DET,SCONJ,6
DET,SCONJ,NOUN,4
DET,CCONJ,PUNCT,8
PUNCT,PROPN,X,16
SYM,INTJ,X,2
SCONJ,SYM,DET,8
INTJ,SYM,NUM,2
DET,DET,PRON,10
INTJ,NOUN,NUM,5
NUM,ADJ,PRON,12
INTJ,SCONJ,PUNCT,11
AUX,X,DET,8
NUM,NOUN,X,7
INTJ,PROPN,NUM,2
PROPN,INTJ,NUM,1
ADP,INTJ,INTJ,9
PRON,X,PROPN,7
VERB,X,PROPN,12
X,PROPN,VERB,7
DET,VERB,X,2
INTJ,PRON,NUM,3
DET,CCONJ,INTJ,2
PROPN,DET,PRON,20
NOUN,SYM,X,3
ADJ,INTJ,AUX,5
ADJ,INTJ,PROPN,10
ADJ,INTJ,ADP,11
INTJ,ADP,AUX,8
ADJ,CCONJ,X,5
NUM,ADJ,SYM,9
INTJ,ADP,CCONJ,4
INTJ,ADJ,INTJ,17
ADJ,SCONJ,INTJ,5
SCONJ,SCONJ,PROPN,14
AUX,INTJ,CCONJ,13
INTJ,PROPN,NOUN,6
SCONJ,INTJ,SCONJ,5
NOUN,DET,SCONJ,5
DET,SCONJ,PUNCT,1
CCONJ,AUX,INTJ,1
INTJ,DET,INTJ,4
ADJ,DET,CCONJ,3
AUX,SYM,X,1
SYM,X,CCONJ,2
SCONJ,CCONJ,AUX,3
INTJ,PRON,CCONJ,10
SYM,AUX,NOUN,6
SYM,SCONJ,VERB,2
PRON,NUM,X,5
PRON,SCONJ,AUX,6
INTJ,AUX,DET,1
ADJ,NUM,INTJ,1
SCONJ,SCONJ,SYM,3
ADJ,X,PRON,1
PROPN,INTJ,VERB,7
X,SYM,VERB,5
SCONJ,INTJ,DET,2
INTJ,DET,VERB,6
SCONJ,NUM,PROPN,8
SCONJ,X,PRON,4
PROPN,X,PRON,3
X,PRON,PRON,2
INTJ,PROPN,ADV,23
CCONJ,X,NOUN,8
AUX,ADP,INTJ,4
SYM,CCONJ,X,5
INTJ,SYM,AUX,5
X,NUM,ADP,3
INTJ,ADV,SYM,6
DET,NUM,INTJ,3
X,PRON,NOUN,8
SYM,SCONJ,SCONJ,1
ADP,ADJ,INTJ,8
SYM,SYM,X,4
SYM,SCONJ,DET,12
SCONJ,ADV,X,8
ADV,X,NUM,3
SCONJ,NUM,DET,6
DET,X,PROPN,4
AUX,SCONJ,SYM,2
PRON,SYM,X,1
SYM,X,ADV,1
PROPN,INTJ,ADJ,2
DET,AUX,PUNCT,11
NUM,NUM,DET,11
SCONJ,INTJ,VERB,3
PUNCT,DET,CCONJ,1
INTJ,NUM,ADP,3
AUX,PROPN,X,4
SCONJ,AUX,PROPN,12
PRON,CCONJ,X,1
X,DET,PROPN,4
PUNCT,X,DET,9
SCONJ,AUX,AUX,1
AUX,INTJ,SYM,3
X,VERB,ADJ,1
INTJ,AUX,NUM,1
X,AUX,ADV,7
PROPN,SCONJ,CCONJ,2
PUNCT,X,NUM,6
SCONJ,X,DET,7
PRON,ADJ,X,7
ADJ,X,SYM,5
SYM,ADJ,INTJ,3
PROPN,CCONJ,X,7
CCONJ,PUNCT,AUX,13
X,SYM,ADP,7
AUX,INTJ,ADP,8
ADP,X,SYM,6
INTJ,VERB,NUM,4
PUNCT,X,SCONJ,2
NOUN,X,ADP,9
SCONJ,X,NOUN,7
PUNCT,NOUN,INTJ,11
AUX,X,VERB,2
X,CCONJ,ADJ,5
ADP,INTJ,NUM,1
PROPN,SYM,SCONJ,3
NUM,PUNCT,INTJ,7
PROPN,ADV,X,3
ADP,INTJ,ADJ,4
PUNCT,NUM,DET,7
PUNCT,VERB,INTJ,14
ADP,INTJ,PROPN,3
NUM,ADV,INTJ,4
INTJ,NUM,SCONJ,1
NUM,SCONJ,ADV,4
ADV,X,ADV,5
PRON,DET,X,3
DET,X,ADV,2
ADP,X,CCONJ,3
PROPN,DET,ADV,13
SCONJ,X,NUM,1
X,PUNCT,X,12
PUNCT,ADV,X,2
SYM,NUM,PROPN,5
SCONJ,DET,INTJ,2
X,VERB,SYM,1
SCONJ,INTJ,NOUN,5
X,X,SCONJ,1
ADV,SCONJ,X,8
PUNCT,X,PROPN,9
ADJ,ADV,X,2
NUM,CCONJ,INTJ,6
SCONJ,CCONJ,ADJ,6
VERB,ADJ,X,3
DET,CCONJ,AUX,2
DET,PUNCT,AUX,5
ADP,INTJ,SYM,8
NUM,DET,NUM,14
NUM,DET,SYM,4
AUX,INTJ,ADJ,7
INTJ,SCONJ,AUX,1
SCONJ,AUX,PUNCT,6
SCONJ,X,AUX,1
PRON,SPACE,VERB,1
SPACE,VERB,PUNCT,1
NUM,PRON,PROPN,3
CCONJ,NUM,INTJ,3
NUM,INTJ,CCONJ,1
INTJ,PRON,SCONJ,3
X,CCONJ,SCONJ,6
PROPN,SCONJ,INTJ,1
SCONJ,INTJ,ADJ,4
DET,X,ADP,1
X,DET,ADV,1
SYM,ADV,SYM,7
DET,X,ADJ,4
PUNCT,SCONJ,CCONJ,2
SCONJ,SCONJ,CCONJ,3
PUNCT,X,VERB,4
PUNCT,PRON,INTJ,3
NUM,SCONJ,PUNCT,5
PUNCT,PUNCT,X,7
SYM,VERB,INTJ,7
X,PROPN,ADV,2
NUM,SYM,PRON,5
INTJ,SCONJ,ADJ,2
INTJ,DET,ADV,5
SCONJ,DET,CCONJ,4
X,PRON,ADV,3
X,ADV,NUM,3
NUM,X,ADV,1
PROPN,X,SYM,3
PROPN,DET,AUX,3
INTJ,AUX,PUNCT,7
SCONJ,DET,SCONJ,2
SCONJ,SCONJ,NUM,6
PRON,X,AUX,5
X,ADJ,VERB,4
X,ADP,PUNCT,1
ADJ,AUX,X,4
AUX,X,CCONJ,3
SYM,INTJ,AUX,3
INTJ,AUX,PROPN,3
ADV,DET,X,1
PUNCT,INTJ,SCONJ,9
X,PUNCT,INTJ,3
PUNCT,SCONJ,X,2
SCONJ,X,SCONJ,1
PRON,INTJ,PROPN,8
SYM,ADJ,DET,6
ADJ,NUM,SCONJ,6
NUM,X,PUNCT,3
PUNCT,SYM,SCONJ,10
AUX,X,NUM,1
ADP,NUM,INTJ,4
NUM,INTJ,NOUN,2
PROPN,PRON,X,1
X,SYM,ADV,4
SCONJ,X,SYM,3
NUM,DET,PRON,4
AUX,DET,SCONJ,2
DET,DET,SYM,7
VERB,DET,AUX,4
X,SCONJ,DET,4
SYM,AUX,SCONJ,3
AUX,DET,INTJ,4
DET,INTJ,DET,2
SYM,NUM,AUX,6
PUNCT,X,PRON,1
INTJ,SYM,SCONJ,1
DET,INTJ,AUX,2
CCONJ,X,AUX,4
ADV,CCONJ,X,3
X,NOUN,SYM,3
DET,CCONJ,NUM,9
PROPN,X,ADV,2
X,ADV,AUX,1
PROPN,NOUN,X,2
X,PRON,PUNCT,4
ADP,INTJ,AUX,2
ADP,PRON,SPACE,1
CCONJ,PUNCT,X,1
X,X,VERB,1
X,VERB,CCONJ,8
DET,ADV,INTJ,3
X,PUNCT,DET,4
AUX,SYM,INTJ,2
X,NUM,PRON,2
CCONJ,SCONJ,CCONJ,10
SCONJ,NOUN,INTJ,3
AUX,X,PRON,3
ADJ,DET,INTJ,3
DET,INTJ,ADP,5
INTJ,ADP,PUNCT,7
X,VERB,SCONJ,5
DET,AUX,X,1
AUX,X,X,2
SCONJ,INTJ,CCONJ,8
ADJ,X,VERB,2
NUM,VERB,INTJ,5
INTJ,AUX,AUX,1
ADV,X,ADJ,1
DET,CCONJ,SCONJ,5
INTJ,SCONJ,VERB,2
SCONJ,SYM,X,2
INTJ,CCONJ,X,1
X,VERB,AUX,5
NOUN,ADJ,X,7
X,PUNCT,ADP,6
X,DET,SYM,2
DET,INTJ,PRON,3
X,VERB,INTJ,1
X,VERB,PROPN,2
ADV,X,X,1
INTJ,AUX,INTJ,2
NUM,X,SYM,1
PRON,X,SCONJ,1
X,SCONJ,NOUN,1
NOUN,PRON,X,5
INTJ,INTJ,X,1
INTJ,X,VERB,1
DET,X,DET,1
X,DET,PUNCT,1
DET,PUNCT,X,1
X,DET,DET,1
SYM,NUM,DET,2
X,CCONJ,SYM,5
PROPN,SYM,X,2
CCONJ,DET,INTJ,2
ADJ,DET,AUX,2
ADJ,INTJ,NUM,2
INTJ,AUX,NOUN,1
X,ADJ,PROPN,2
INTJ,ADP,SCONJ,3
CCONJ,INTJ,NUM,3
SYM,ADP,X,1
PROPN,AUX,INTJ,10
SYM,SCONJ,ADV,2
X,PUNCT,ADJ,3
NUM,SCONJ,ADP,5
DET,SCONJ,NUM,2
NUM,DET,PUNCT,6
NUM,SCONJ,ADJ,2
X,SYM,INTJ,3
SYM,DET,NUM,2
X,PROPN,PRON,2
ADJ,PROPN,X,1
NOUN,X,INTJ,1
X,INTJ,SYM,1
DET,INTJ,NUM,1
DET,X,PRON,2
SYM,DET,ADV,3
PROPN,ADP,INTJ,1
AUX,ADJ,X,4
X,DET,VERB,1
X,SYM,SCONJ,1
NUM,INTJ,PROPN,2
NUM,NUM,INTJ,1
DET,PRON,INTJ,4
VERB,PROPN,X,2
ADJ,X,DET,4
ADV,SYM,SCONJ,7
X,PROPN,DET,2
SCONJ,VERB,INTJ,2
INTJ,SYM,ADP,2
NUM,X,AUX,1
PUNCT,X,AUX,1
DET,INTJ,INTJ,4
X,ADP,SCONJ,1
SCONJ,VERB,X,2
DET,AUX,PROPN,3
X,PUNCT,NUM,3
INTJ,NUM,NUM,1
X,PUNCT,SCONJ,3
SCONJ,CCONJ,SYM,2
ADJ,X,NUM,1
NUM,PUNCT,X,4
NOUN,INTJ,SCONJ,2
DET,INTJ,ADJ,1
PUNCT,X,ADV,4
AUX,SYM,AUX,1
AUX,CCONJ,X,2
X,VERB,X,1
NUM,PRON,INTJ,1
X,ADP,ADV,4
INTJ,PROPN,SCONJ,1
X,NOUN,NOUN,7
AUX,INTJ,INTJ,1
NUM,PROPN,X,3
X,NOUN,DET,1
X,AUX,PROPN,1
X,NOUN,NUM,1
ADV,PROPN,X,1
SCONJ,CCONJ,NUM,1
SCONJ,INTJ,NUM,1
INTJ,NUM,PROPN,1
SCONJ,AUX,CCONJ,2
VERB,X,INTJ,1
VERB,AUX,X,4
ADJ,X,CCONJ,4
X,ADP,CCONJ,1
X,PROPN,NOUN,2
PRON,X,X,1
ADP,ADJ,X,1
PRON,NUM,INTJ,2
SYM,SCONJ,PUNCT,2
SYM,PRON,NUM,1
X,ADP,ADP,2
CCONJ,X,NUM,2
AUX,PUNCT,X,5
X,NUM,PROPN,2
AUX,INTJ,PROPN,2
X,ADP,SYM,1
NUM,SYM,X,1
PRON,SCONJ,INTJ,2
NUM,ADP,INTJ,1
PUNCT,DET,X,1
NOUN,INTJ,NUM,1
SYM,X,ADJ,1
PROPN,X,DET,1
NUM,ADP,X,1
ADP,AUX,X,1
SYM,ADJ,X,1
ADJ,PROPN,INTJ,2
AUX,SCONJ,X,2
SCONJ,PROPN,X,1
PROPN,NUM,X,2
INTJ,ADV,SPACE,1
ADV,SPACE,PRON,1
SPACE,PRON,ADV,1
ADV,X,INTJ,1
X,INTJ,ADP,1
NOUN,INTJ,X,1
INTJ,X,INTJ,1
X,INTJ,INTJ,1
NUM,SCONJ,VERB,1
DET,SCONJ,SCONJ,2
NUM,NUM,SCONJ,2
SCONJ,INTJ,INTJ,1
PROPN,X,AUX,2
INTJ,PROPN,ADP,3
ADV,PROPN,INTJ,2
INTJ,NUM,SYM,1
PUNCT,DET,SCONJ,1
NUM,SCONJ,NUM,1
ADP,CCONJ,X,1
SCONJ,X,X,1
NUM,INTJ,ADJ,1
X,NOUN,ADJ,1
PROPN,X,VERB,1
SYM,PRON,INTJ,1
INTJ,DET,PUNCT,1
PRON,PROPN,INTJ,1
INTJ,NUM,CCONJ,3
X,SYM,X,2
INTJ,DET,DET,2
X,NOUN,ADV,1
X,SYM,DET,1
X,DET,NUM,1
PRON,INTJ,NUM,1
INTJ,NUM,ADJ,1
INTJ,AUX,SCONJ,3
NUM,DET,SCONJ,1
DET,SCONJ,ADV,2
INTJ,PRON,SYM,1
AUX,X,SCONJ,3
DET,SCONJ,VERB,2
NUM,PRON,SYM,1
PUNCT,AUX,SYM,1
INTJ,SCONJ,ADP,1
NUM,INTJ,AUX,1
ADV,SYM,X,1
ADV,PRON,X,1
DET,X,CCONJ,1
X,CCONJ,AUX,1
X,AUX,ADP,1
SCONJ,SCONJ,X,1
NUM,SYM,INTJ,1
SYM,X,SYM,2
SCONJ,CCONJ,PUNCT,2
NUM,PRON,SCONJ,1
CCONJ,SCONJ,X,1
PUNCT,NUM,SCONJ,2
X,NUM,SCONJ,1
PROPN,DET,INTJ,1
INTJ,NUM,VERB,1
INTJ,ADP,INTJ,2
CCONJ,X,SYM,2
NUM,ADV,X,1
SCONJ,ADJ,X,1
ADP,X,X,1
X,X,NOUN,1
ADJ,X,PROPN,1
AUX,X,PROPN,1
ADJ,DET,SCONJ,1
SYM,X,NUM,1
INTJ,AUX,X,1
ADP,SCONJ,X,1
